{"textures":{"0":"modelengine:entity/texture"},"elements":[{"from":[5.7573223,7.0,7.4749994],"to":[7.7573223,9.0,8.474999],"faces":{"east":{"uv":[10.625,3.5625,10.6875,3.6875],"tintindex":0,"rotation":0,"texture":"#0"},"south":{"uv":[10.375,6.3125,10.5,6.4375],"tintindex":0,"rotation":0,"texture":"#0"},"north":{"uv":[6.3125,10.375,6.4375,10.5],"tintindex":0,"rotation":0,"texture":"#0"},"west":{"uv":[3.625,10.625,3.6875,10.75],"tintindex":0,"rotation":0,"texture":"#0"},"up":{"uv":[3.8125,10.6875,3.6875,10.625],"tintindex":0,"rotation":0,"texture":"#0"},"down":{"uv":[10.75,3.6875,10.625,3.75],"tintindex":0,"rotation":0,"texture":"#0"}}}],"display":{"gui":{"rotation":[30,225,0]}}}