{"textures":{"0":"modelengine:entity/texture"},"elements":[{"from":[7.0073223,0.0,4.9750004],"to":[9.007322,1.0,10.974999],"faces":{"east":{"uv":[6.1875,3.4375,6.5625,3.5],"tintindex":0,"rotation":0,"texture":"#0"},"south":{"uv":[3.375,10.625,3.5,10.6875],"tintindex":0,"rotation":0,"texture":"#0"},"north":{"uv":[10.625,3.3125,10.75,3.375],"tintindex":0,"rotation":0,"texture":"#0"},"west":{"uv":[6.625,4.25,7.0,4.3125],"tintindex":0,"rotation":0,"texture":"#0"},"up":{"uv":[0.875,8.75,0.75,8.375],"tintindex":0,"rotation":0,"texture":"#0"},"down":{"uv":[1.0,8.375,0.875,8.75],"tintindex":0,"rotation":0,"texture":"#0"}},"rotation":{"origin":[8.007322,0.5,7.9749994],"angle":45.0,"axis":"y"}},{"from":[5.0073223,5.0,6.7249994],"to":[11.007322,11.0,12.224999],"faces":{"east":{"uv":[5.8125,3.125,6.1875,3.5],"tintindex":0,"rotation":0,"texture":"#0"},"south":{"uv":[5.8125,4.0625,6.1875,4.4375],"tintindex":0,"rotation":0,"texture":"#0"},"north":{"uv":[5.75,5.25,6.125,5.625],"tintindex":0,"rotation":0,"texture":"#0"},"west":{"uv":[1.1875,5.875,1.5625,6.25],"tintindex":0,"rotation":0,"texture":"#0"},"up":{"uv":[0.9375,6.3125,0.5625,5.9375],"tintindex":0,"rotation":0,"texture":"#0"},"down":{"uv":[6.3125,0.875,5.9375,1.25],"tintindex":0,"rotation":0,"texture":"#0"}},"rotation":{"origin":[8.007322,6.5,10.224999],"angle":-22.5,"axis":"x"}},{"from":[6.9728556,-1.0,5.5125],"to":[8.972856,8.0,10.5125],"faces":{"east":{"uv":[1.375,4.875,1.6875,5.4375],"tintindex":0,"rotation":0,"texture":"#0"},"south":{"uv":[4.375,7.125,4.5,7.6875],"tintindex":0,"rotation":0,"texture":"#0"},"north":{"uv":[5.5625,6.0625,5.6875,6.625],"tintindex":0,"rotation":0,"texture":"#0"},"west":{"uv":[0.0,4.9375,0.3125,5.5],"tintindex":0,"rotation":0,"texture":"#0"},"up":{"uv":[0.875,9.0625,0.75,8.75],"tintindex":0,"rotation":0,"texture":"#0"},"down":{"uv":[1.0,8.75,0.875,9.0625],"tintindex":0,"rotation":0,"texture":"#0"}},"rotation":{"origin":[8.0,1.0,8.0],"angle":-45.0,"axis":"y"}},{"from":[5.5073223,-1.0,6.9749994],"to":[10.507322,8.0,8.974999],"faces":{"east":{"uv":[2.125,7.5,2.25,8.0625],"tintindex":0,"rotation":0,"texture":"#0"},"south":{"uv":[1.6875,5.0,2.0,5.5625],"tintindex":0,"rotation":0,"texture":"#0"},"north":{"uv":[4.6875,4.9375,5.0,5.5],"tintindex":0,"rotation":0,"texture":"#0"},"west":{"uv":[5.5625,7.5,5.6875,8.0625],"tintindex":0,"rotation":0,"texture":"#0"},"up":{"uv":[9.0,7.3125,8.6875,7.1875],"tintindex":0,"rotation":0,"texture":"#0"},"down":{"uv":[9.0625,1.0625,8.75,1.1875],"tintindex":0,"rotation":0,"texture":"#0"}}},{"from":[5.5228558,-1.0,6.9624996],"to":[10.522856,8.0,8.9625],"faces":{"east":{"uv":[2.8125,7.25,2.9375,7.8125],"tintindex":0,"rotation":0,"texture":"#0"},"south":{"uv":[4.375,4.9375,4.6875,5.5],"tintindex":0,"rotation":0,"texture":"#0"},"north":{"uv":[0.875,4.9375,1.1875,5.5],"tintindex":0,"rotation":0,"texture":"#0"},"west":{"uv":[1.25,7.3125,1.375,7.875],"tintindex":0,"rotation":0,"texture":"#0"},"up":{"uv":[9.0,3.0625,8.6875,2.9375],"tintindex":0,"rotation":0,"texture":"#0"},"down":{"uv":[9.0,4.25,8.6875,4.375],"tintindex":0,"rotation":0,"texture":"#0"}},"rotation":{"origin":[8.0,1.0,8.0],"angle":-45.0,"axis":"y"}},{"from":[5.0073223,0.0,6.9749994],"to":[11.007322,1.0,8.974999],"faces":{"east":{"uv":[10.625,3.0625,10.75,3.125],"tintindex":0,"rotation":0,"texture":"#0"},"south":{"uv":[1.625,0.75,2.0,0.8125],"tintindex":0,"rotation":0,"texture":"#0"},"north":{"uv":[1.25,0.75,1.625,0.8125],"tintindex":0,"rotation":0,"texture":"#0"},"west":{"uv":[3.125,10.625,3.25,10.6875],"tintindex":0,"rotation":0,"texture":"#0"},"up":{"uv":[8.625,2.6875,8.25,2.5625],"tintindex":0,"rotation":0,"texture":"#0"},"down":{"uv":[8.625,3.875,8.25,4.0],"tintindex":0,"rotation":0,"texture":"#0"}}},{"from":[5.0073223,0.0,6.9749994],"to":[11.007322,1.0,8.974999],"faces":{"east":{"uv":[10.625,3.125,10.75,3.1875],"tintindex":0,"rotation":0,"texture":"#0"},"south":{"uv":[1.0625,3.0,1.4375,3.0625],"tintindex":0,"rotation":0,"texture":"#0"},"north":{"uv":[2.0,2.75,2.375,2.8125],"tintindex":0,"rotation":0,"texture":"#0"},"west":{"uv":[10.625,3.1875,10.75,3.25],"tintindex":0,"rotation":0,"texture":"#0"},"up":{"uv":[8.625,7.0625,8.25,6.9375],"tintindex":0,"rotation":0,"texture":"#0"},"down":{"uv":[8.625,7.0625,8.25,7.1875],"tintindex":0,"rotation":0,"texture":"#0"}},"rotation":{"origin":[8.007322,0.5,7.9749994],"angle":45.0,"axis":"y"}},{"from":[7.0073223,0.0,4.9750004],"to":[9.007322,1.0,10.974999],"faces":{"east":{"uv":[3.4375,5.5625,3.8125,5.625],"tintindex":0,"rotation":0,"texture":"#0"},"south":{"uv":[10.625,3.25,10.75,3.3125],"tintindex":0,"rotation":0,"texture":"#0"},"north":{"uv":[3.25,10.625,3.375,10.6875],"tintindex":0,"rotation":0,"texture":"#0"},"west":{"uv":[5.75,5.625,6.125,5.6875],"tintindex":0,"rotation":0,"texture":"#0"},"up":{"uv":[8.0625,8.6875,7.9375,8.3125],"tintindex":0,"rotation":0,"texture":"#0"},"down":{"uv":[8.1875,8.3125,8.0625,8.6875],"tintindex":0,"rotation":0,"texture":"#0"}}},{"from":[6.957322,-1.0,5.5249996],"to":[8.957322,8.0,10.525],"faces":{"east":{"uv":[2.0,5.0,2.3125,5.5625],"tintindex":0,"rotation":0,"texture":"#0"},"south":{"uv":[4.625,7.625,4.75,8.1875],"tintindex":0,"rotation":0,"texture":"#0"},"north":{"uv":[4.5,7.625,4.625,8.1875],"tintindex":0,"rotation":0,"texture":"#0"},"west":{"uv":[2.3125,5.0,2.625,5.5625],"tintindex":0,"rotation":0,"texture":"#0"},"up":{"uv":[1.125,9.0625,1.0,8.75],"tintindex":0,"rotation":0,"texture":"#0"},"down":{"uv":[8.875,1.1875,8.75,1.5],"tintindex":0,"rotation":0,"texture":"#0"}}}],"display":{"gui":{"rotation":[30,225,0]}}}