{"textures":{"0":"modelengine:entity/texture"},"elements":[{"from":[5.5073223,7.5,7.4749994],"to":[8.507322,8.5,8.474999],"faces":{"east":{"uv":[8.0625,10.625,8.125,10.6875],"tintindex":0,"rotation":0,"texture":"#0"},"south":{"uv":[10.4375,1.25,10.625,1.3125],"tintindex":0,"rotation":0,"texture":"#0"},"north":{"uv":[10.4375,1.1875,10.625,1.25],"tintindex":0,"rotation":0,"texture":"#0"},"west":{"uv":[10.625,8.0625,10.6875,8.125],"tintindex":0,"rotation":0,"texture":"#0"},"up":{"uv":[10.625,4.5,10.4375,4.4375],"tintindex":0,"rotation":0,"texture":"#0"},"down":{"uv":[4.875,10.4375,4.6875,10.5],"tintindex":0,"rotation":0,"texture":"#0"}}}],"display":{"gui":{"rotation":[30,225,0]}}}