{"textures":{"0":"modelengine:entity/texture"},"elements":[{"from":[5.7573223,7.5,7.5250006],"to":[8.757322,8.5,8.525001],"faces":{"east":{"uv":[10.625,8.5,10.6875,8.5625],"tintindex":0,"rotation":0,"texture":"#0"},"south":{"uv":[10.4375,5.5,10.625,5.5625],"tintindex":0,"rotation":0,"texture":"#0"},"north":{"uv":[10.4375,5.4375,10.625,5.5],"tintindex":0,"rotation":0,"texture":"#0"},"west":{"uv":[10.625,8.625,10.6875,8.6875],"tintindex":0,"rotation":0,"texture":"#0"},"up":{"uv":[10.625,5.625,10.4375,5.5625],"tintindex":0,"rotation":0,"texture":"#0"},"down":{"uv":[10.625,5.625,10.4375,5.6875],"tintindex":0,"rotation":0,"texture":"#0"}}}],"display":{"gui":{"rotation":[30,225,0]}}}