{"textures":{"0":"modelengine:entity/texture"},"elements":[{"from":[6.0,6.0,5.5],"to":[10.0,9.0,10.5],"faces":{"east":{"uv":[5.8125,3.5,6.125,3.6875],"tintindex":0,"rotation":0,"texture":"#0"},"south":{"uv":[8.4375,7.1875,8.6875,7.375],"tintindex":0,"rotation":0,"texture":"#0"},"north":{"uv":[7.0625,8.4375,7.3125,8.625],"tintindex":0,"rotation":0,"texture":"#0"},"west":{"uv":[3.5625,7.8125,3.875,8.0],"tintindex":0,"rotation":0,"texture":"#0"},"up":{"uv":[0.5625,7.875,0.3125,7.5625],"tintindex":0,"rotation":0,"texture":"#0"},"down":{"uv":[0.8125,7.5625,0.5625,7.875],"tintindex":0,"rotation":0,"texture":"#0"}}},{"from":[8.0,5.25,6.0],"to":[15.0,7.25,10.0],"faces":{"east":{"uv":[9.375,1.3125,9.625,1.4375],"tintindex":0,"rotation":0,"texture":"#0"},"south":{"uv":[8.0,3.25,8.4375,3.375],"tintindex":0,"rotation":0,"texture":"#0"},"north":{"uv":[8.0,3.125,8.4375,3.25],"tintindex":0,"rotation":0,"texture":"#0"},"west":{"uv":[9.375,3.0625,9.625,3.1875],"tintindex":0,"rotation":0,"texture":"#0"},"up":{"uv":[1.25,7.0,0.8125,6.75],"tintindex":0,"rotation":0,"texture":"#0"},"down":{"uv":[7.1875,6.5625,6.75,6.8125],"tintindex":0,"rotation":0,"texture":"#0"}}},{"from":[13.147715,7.975605,5.98],"to":[18.147715,9.975605,9.98],"faces":{"east":{"uv":[6.9375,9.375,7.1875,9.5],"tintindex":0,"rotation":0,"texture":"#0"},"south":{"uv":[8.8125,7.4375,9.125,7.5625],"tintindex":0,"rotation":0,"texture":"#0"},"north":{"uv":[8.8125,7.3125,9.125,7.4375],"tintindex":0,"rotation":0,"texture":"#0"},"west":{"uv":[7.1875,9.375,7.4375,9.5],"tintindex":0,"rotation":0,"texture":"#0"},"up":{"uv":[7.625,7.75,7.3125,7.5],"tintindex":0,"rotation":0,"texture":"#0"},"down":{"uv":[0.3125,7.5625,0.0,7.8125],"tintindex":0,"rotation":0,"texture":"#0"}},"rotation":{"origin":[9.02344,17.72067,7.895407],"angle":-22.5,"axis":"z"}},{"from":[-1.6951141,10.924354,5.0],"to":[0.30488586,12.924354,11.0],"faces":{"east":{"uv":[8.4375,7.375,8.8125,7.5],"tintindex":0,"rotation":0,"texture":"#0"},"south":{"uv":[10.375,6.6875,10.5,6.8125],"tintindex":0,"rotation":0,"texture":"#0"},"north":{"uv":[6.625,10.375,6.75,10.5],"tintindex":0,"rotation":0,"texture":"#0"},"west":{"uv":[8.4375,7.5,8.8125,7.625],"tintindex":0,"rotation":0,"texture":"#0"},"up":{"uv":[6.125,8.8125,6.0,8.4375],"tintindex":0,"rotation":0,"texture":"#0"},"down":{"uv":[7.4375,8.4375,7.3125,8.8125],"tintindex":0,"rotation":0,"texture":"#0"}},"rotation":{"origin":[9.02344,17.72067,7.895407],"angle":45.0,"axis":"z"}}],"display":{"gui":{"rotation":[30,225,0]}}}