{"textures":{"0":"modelengine:entity/texture"},"elements":[{"from":[6.0073223,7.5,7.5250006],"to":[8.007322,8.5,8.525001],"faces":{"east":{"uv":[10.625,8.25,10.6875,8.3125],"tintindex":0,"rotation":0,"texture":"#0"},"south":{"uv":[4.1875,10.625,4.3125,10.6875],"tintindex":0,"rotation":0,"texture":"#0"},"north":{"uv":[10.625,4.0625,10.75,4.125],"tintindex":0,"rotation":0,"texture":"#0"},"west":{"uv":[10.625,8.3125,10.6875,8.375],"tintindex":0,"rotation":0,"texture":"#0"},"up":{"uv":[4.4375,10.6875,4.3125,10.625],"tintindex":0,"rotation":0,"texture":"#0"},"down":{"uv":[10.75,4.375,10.625,4.4375],"tintindex":0,"rotation":0,"texture":"#0"}}}],"display":{"gui":{"rotation":[30,225,0]}}}