{"textures":{"0":"modelengine:entity/texture"},"elements":[{"from":[5.5073223,7.5,7.5250006],"to":[8.507322,8.5,8.525001],"faces":{"east":{"uv":[10.625,8.375,10.6875,8.4375],"tintindex":0,"rotation":0,"texture":"#0"},"south":{"uv":[10.4375,5.25,10.625,5.3125],"tintindex":0,"rotation":0,"texture":"#0"},"north":{"uv":[10.4375,5.1875,10.625,5.25],"tintindex":0,"rotation":0,"texture":"#0"},"west":{"uv":[10.625,8.4375,10.6875,8.5],"tintindex":0,"rotation":0,"texture":"#0"},"up":{"uv":[10.625,5.375,10.4375,5.3125],"tintindex":0,"rotation":0,"texture":"#0"},"down":{"uv":[10.625,5.375,10.4375,5.4375],"tintindex":0,"rotation":0,"texture":"#0"}}}],"display":{"gui":{"rotation":[30,225,0]}}}