{"elements":[{"from":[4.2181387,-7.7184544,4.067771],"to":[11.001054,-1.6822815,12.281943],"rotation":{"angle":-22.5,"axis":"z","origin":[13.832454,1.0246606,8.174857]},"faces":{"east":{"uv":[0.0,0.0,6.6,4.85],"rotation":0,"texture":"#0","tintindex":0},"south":{"uv":[0.0,0.0,5.45,4.85],"rotation":0,"texture":"#0","tintindex":0},"north":{"uv":[2.0,1.0,7.45,5.85],"rotation":0,"texture":"#0","tintindex":0},"west":{"uv":[0.0,0.0,6.6,4.85],"rotation":0,"texture":"#0","tintindex":0},"up":{"uv":[0.0,0.0,5.45,6.6],"rotation":0,"texture":"#missing","tintindex":0},"down":{"uv":[0.0,0.0,5.45,6.6],"rotation":0,"texture":"#missing","tintindex":0}}},{"from":[2.973568,-3.9847393,2.8232002],"to":[12.245625,2.0514321,13.526514],"rotation":{"angle":-22.5,"axis":"z","origin":[13.832454,1.0246606,8.174857]},"faces":{"east":{"uv":[1.0,9.0,14.45,14.85],"rotation":0,"texture":"#8","tintindex":0},"south":{"uv":[1.0,9.0,14.45,14.85],"rotation":0,"texture":"#8","tintindex":0},"north":{"uv":[1.0,9.0,14.45,14.85],"rotation":0,"texture":"#8","tintindex":0},"west":{"uv":[1.0,9.0,14.45,14.85],"rotation":0,"texture":"#8","tintindex":0},"up":{"uv":[2.0,1.0,8.45,6.6],"rotation":0,"texture":"#9","tintindex":0},"down":{"uv":[4.0,4.0,11.95,11.6],"rotation":0,"texture":"#7","tintindex":0}}},{"from":[2.973568,-12.696739,2.8232002],"to":[12.245625,-6.660568,13.526514],"rotation":{"angle":-22.5,"axis":"z","origin":[13.832454,1.0246606,8.174857]},"faces":{"east":{"uv":[1.0,9.05,14.45,14.9],"rotation":180,"texture":"#8","tintindex":0},"south":{"uv":[1.0,9.05,14.45,14.9],"rotation":180,"texture":"#8","tintindex":0},"north":{"uv":[1.0,9.05,14.45,14.9],"rotation":180,"texture":"#8","tintindex":0},"west":{"uv":[1.0,9.05,14.45,14.9],"rotation":180,"texture":"#8","tintindex":0},"up":{"uv":[4.0,4.0,11.95,11.6],"rotation":0,"texture":"#7","tintindex":0},"down":{"uv":[2.0,1.0,8.45,6.6],"rotation":0,"texture":"#9","tintindex":0}}},{"from":[3.2847104,-6.660568,7.1792],"to":[11.934483,-3.9847393,9.170514],"rotation":{"angle":-22.5,"axis":"z","origin":[13.832454,1.0246606,8.174857]},"faces":{"east":{"uv":[8.0,14.05,10.45,14.9],"rotation":180,"texture":"#8","tintindex":0},"south":{"uv":[8.0,14.05,10.45,14.9],"rotation":180,"texture":"#8","tintindex":0},"north":{"uv":[8.0,14.05,10.45,14.9],"rotation":180,"texture":"#8","tintindex":0},"west":{"uv":[8.0,14.05,10.45,14.9],"rotation":180,"texture":"#8","tintindex":0},"up":{"uv":[8.0,14.05,10.45,14.9],"rotation":180,"texture":"#8","tintindex":0},"down":{"uv":[8.0,14.05,10.45,14.9],"rotation":180,"texture":"#8","tintindex":0}}},{"from":[6.6139393,-6.660568,3.2276855],"to":[8.605253,-3.9847393,13.122028],"rotation":{"angle":-22.5,"axis":"z","origin":[13.832454,1.0246606,8.174857]},"faces":{"east":{"uv":[8.0,14.05,10.45,14.9],"rotation":180,"texture":"#8","tintindex":0},"south":{"uv":[8.0,14.05,10.45,14.9],"rotation":180,"texture":"#8","tintindex":0},"north":{"uv":[8.0,14.05,10.45,14.9],"rotation":180,"texture":"#8","tintindex":0},"west":{"uv":[8.0,14.05,10.45,14.9],"rotation":180,"texture":"#8","tintindex":0},"up":{"uv":[8.0,14.05,10.45,14.9],"rotation":270,"texture":"#8","tintindex":0},"down":{"uv":[8.0,14.05,10.45,14.9],"rotation":90,"texture":"#8","tintindex":0}}}],"textures":{"0":"minecraft:block/magma","7":"minecraft:block/dropper_front_vertical","8":"minecraft:block/furnace_side","9":"minecraft:block/smooth_stone_slab_side"},"display":{"head":{"translation":[0.0,-6.4,0.0],"scale":[4.0,4.0,4.0]}}}