{"textures":{"0":"modelengine:entity/texture"},"elements":[{"from":[11.451427,-8.713715,4.7683716E-7],"to":[15.451427,-3.7137146,15.0],"faces":{"east":{"uv":[12.4375,3.3125,12.78125,3.5625],"tintindex":0,"rotation":0,"texture":"#0"},"south":{"uv":[10.4375,8.5,11.3125,8.75],"tintindex":0,"rotation":0,"texture":"#0"},"north":{"uv":[10.4375,6.125,11.3125,6.375],"tintindex":0,"rotation":0,"texture":"#0"},"west":{"uv":[12.4375,3.5625,12.78125,3.8125],"tintindex":0,"rotation":0,"texture":"#0"},"up":{"uv":[9.75,7.78125,8.875,7.4375],"tintindex":0,"rotation":0,"texture":"#0"},"down":{"uv":[9.9375,0.0,9.0625,0.34375],"tintindex":0,"rotation":0,"texture":"#0"}},"rotation":{"origin":[12.951427,-5.7137146,7.5],"angle":22.5,"axis":"z"}},{"from":[7.7447195,2.0959854,-1.5],"to":[11.7447195,6.0959854,15.5],"faces":{"east":{"uv":[6.5,12.5,6.8125,12.75],"tintindex":0,"rotation":0,"texture":"#0"},"south":{"uv":[10.4375,2.5625,11.3125,2.8125],"tintindex":0,"rotation":0,"texture":"#0"},"north":{"uv":[10.3125,9.6875,11.1875,9.9375],"tintindex":0,"rotation":0,"texture":"#0"},"west":{"uv":[12.5,6.75,12.8125,7.0],"tintindex":0,"rotation":0,"texture":"#0"},"up":{"uv":[10.5,4.0625,9.625,3.75],"tintindex":0,"rotation":0,"texture":"#0"},"down":{"uv":[10.5625,4.0625,9.6875,4.375],"tintindex":0,"rotation":0,"texture":"#0"}},"rotation":{"origin":[9.7447195,4.0959854,7.0],"angle":22.5,"axis":"z"}},{"from":[9.355757,-5.9827423,1.5],"to":[11.355757,9.017258,14.5],"faces":{"east":{"uv":[12.4375,4.0625,13.09375,4.1875],"tintindex":0,"rotation":0,"texture":"#0"},"south":{"uv":[11.5625,7.875,12.375,8.0],"tintindex":0,"rotation":0,"texture":"#0"},"north":{"uv":[9.9375,1.4375,10.75,1.5625],"tintindex":0,"rotation":0,"texture":"#0"},"west":{"uv":[12.4375,9.9375,13.09375,10.0625],"tintindex":0,"rotation":0,"texture":"#0"},"up":{"uv":[4.8125,6.21875,4.0,5.5625],"tintindex":0,"rotation":0,"texture":"#0"},"down":{"uv":[0.8125,5.625,0.0,6.28125],"tintindex":0,"rotation":0,"texture":"#0"}},"rotation":{"origin":[9.855757,2.0172577,8.0],"angle":22.5,"axis":"z"}},{"from":[5.5687447,6.210167,-0.5],"to":[10.568745,12.210167,6.5],"faces":{"east":{"uv":[12.375,11.25,12.71875,11.5],"tintindex":0,"rotation":0,"texture":"#0"},"south":{"uv":[12.375,11.8125,12.71875,12.0625],"tintindex":0,"rotation":0,"texture":"#0"},"north":{"uv":[12.375,9.4375,12.71875,9.6875],"tintindex":0,"rotation":0,"texture":"#0"},"west":{"uv":[0.375,12.4375,0.71875,12.6875],"tintindex":0,"rotation":0,"texture":"#0"},"up":{"uv":[12.03125,1.53125,11.6875,1.1875],"tintindex":0,"rotation":0,"texture":"#0"},"down":{"uv":[12.03125,4.3125,11.6875,4.65625],"tintindex":0,"rotation":0,"texture":"#0"}},"rotation":{"origin":[8.068745,9.210167,3.0],"angle":22.5,"axis":"z"}},{"from":[5.186061,11.134048,1.5],"to":[10.186061,13.134048,7.5],"faces":{"east":{"uv":[12.375,11.25,12.71875,11.5],"tintindex":0,"rotation":0,"texture":"#0"},"south":{"uv":[12.375,11.8125,12.71875,12.0625],"tintindex":0,"rotation":0,"texture":"#0"},"north":{"uv":[12.375,9.4375,12.71875,9.6875],"tintindex":0,"rotation":0,"texture":"#0"},"west":{"uv":[0.375,12.4375,0.71875,12.6875],"tintindex":0,"rotation":0,"texture":"#0"},"up":{"uv":[12.03125,1.53125,11.6875,1.1875],"tintindex":0,"rotation":0,"texture":"#0"},"down":{"uv":[12.03125,4.3125,11.6875,4.65625],"tintindex":0,"rotation":0,"texture":"#0"}},"rotation":{"origin":[7.686061,10.134048,4.0],"angle":22.5,"axis":"z"}},{"from":[10.1316595,-2.7126694,0.0],"to":[14.131659,1.2873306,15.0],"faces":{"east":{"uv":[6.5,4.0625,6.8125,4.3125],"tintindex":0,"rotation":0,"texture":"#0"},"south":{"uv":[10.3125,9.4375,11.1875,9.6875],"tintindex":0,"rotation":0,"texture":"#0"},"north":{"uv":[10.3125,2.8125,11.1875,3.0625],"tintindex":0,"rotation":0,"texture":"#0"},"west":{"uv":[6.1875,12.5,6.5,12.75],"tintindex":0,"rotation":0,"texture":"#0"},"up":{"uv":[10.4375,5.875,9.5625,5.5625],"tintindex":0,"rotation":0,"texture":"#0"},"down":{"uv":[10.4375,5.875,9.5625,6.1875],"tintindex":0,"rotation":0,"texture":"#0"}},"rotation":{"origin":[12.131659,-0.7126694,7.5],"angle":22.5,"axis":"z"}},{"from":[5.186061,8.134048,8.0],"to":[10.186061,13.134048,15.0],"faces":{"east":{"uv":[12.4375,2.8125,12.78125,3.0625],"tintindex":0,"rotation":0,"texture":"#0"},"south":{"uv":[3.25,12.3125,3.625,12.5625],"tintindex":0,"rotation":0,"texture":"#0"},"north":{"uv":[12.3125,1.5,12.6875,1.75],"tintindex":0,"rotation":0,"texture":"#0"},"west":{"uv":[12.4375,3.0625,12.78125,3.3125],"tintindex":0,"rotation":0,"texture":"#0"},"up":{"uv":[1.875,11.84375,1.5,11.5],"tintindex":0,"rotation":0,"texture":"#0"},"down":{"uv":[11.875,3.3125,11.5,3.65625],"tintindex":0,"rotation":0,"texture":"#0"}},"rotation":{"origin":[7.686061,10.134048,11.5],"angle":22.5,"axis":"z"}}],"display":{"gui":{"rotation":[30,225,0]}}}