{"textures":{"0":"modelengine:entity/texture"},"elements":[{"from":[0.54857206,-8.463715,4.7683716E-7],"to":[4.548572,-3.4637146,15.0],"faces":{"east":{"uv":[12.78125,3.5625,12.4375,3.8125],"tintindex":0,"rotation":0,"texture":"#0"},"south":{"uv":[11.3125,8.5,10.4375,8.75],"tintindex":0,"rotation":0,"texture":"#0"},"north":{"uv":[11.3125,6.125,10.4375,6.375],"tintindex":0,"rotation":0,"texture":"#0"},"west":{"uv":[12.78125,3.3125,12.4375,3.5625],"tintindex":0,"rotation":0,"texture":"#0"},"up":{"uv":[8.875,7.78125,9.75,7.4375],"tintindex":0,"rotation":0,"texture":"#0"},"down":{"uv":[9.0625,0.0,9.9375,0.34375],"tintindex":0,"rotation":0,"texture":"#0"}},"rotation":{"origin":[2.048572,-5.4637146,7.5],"angle":-22.5,"axis":"z"}},{"from":[1.8302803,-2.9040146,0.0],"to":[5.8302803,1.0959854,15.0],"faces":{"east":{"uv":[6.5,12.5,6.1875,12.75],"tintindex":0,"rotation":0,"texture":"#0"},"south":{"uv":[11.1875,9.4375,10.3125,9.6875],"tintindex":0,"rotation":0,"texture":"#0"},"north":{"uv":[11.1875,2.8125,10.3125,3.0625],"tintindex":0,"rotation":0,"texture":"#0"},"west":{"uv":[6.8125,4.0625,6.5,4.3125],"tintindex":0,"rotation":0,"texture":"#0"},"up":{"uv":[9.5625,5.875,10.4375,5.5625],"tintindex":0,"rotation":0,"texture":"#0"},"down":{"uv":[9.5625,5.875,10.4375,6.1875],"tintindex":0,"rotation":0,"texture":"#0"}},"rotation":{"origin":[4.3302803,-0.9040146,7.5],"angle":-22.5,"axis":"z"}},{"from":[5.144243,-5.9827423,0.5],"to":[7.1442432,9.017258,14.5],"faces":{"east":{"uv":[13.09375,9.9375,12.4375,10.0625],"tintindex":0,"rotation":0,"texture":"#0"},"south":{"uv":[12.375,7.875,11.5625,8.0],"tintindex":0,"rotation":0,"texture":"#0"},"north":{"uv":[10.75,1.4375,9.9375,1.5625],"tintindex":0,"rotation":0,"texture":"#0"},"west":{"uv":[13.09375,4.0625,12.4375,4.1875],"tintindex":0,"rotation":0,"texture":"#0"},"up":{"uv":[4.0,6.21875,4.8125,5.5625],"tintindex":0,"rotation":0,"texture":"#0"},"down":{"uv":[0.0,5.625,0.8125,6.28125],"tintindex":0,"rotation":0,"texture":"#0"}},"rotation":{"origin":[6.1442432,2.0172577,7.0],"angle":-22.5,"axis":"z"}},{"from":[5.813939,7.1340485,8.0],"to":[10.813939,13.134048,15.0],"faces":{"east":{"uv":[12.78125,3.0625,12.4375,3.3125],"tintindex":0,"rotation":0,"texture":"#0"},"south":{"uv":[3.625,12.3125,3.25,12.5625],"tintindex":0,"rotation":0,"texture":"#0"},"north":{"uv":[12.6875,1.5,12.3125,1.75],"tintindex":0,"rotation":0,"texture":"#0"},"west":{"uv":[12.78125,2.8125,12.4375,3.0625],"tintindex":0,"rotation":0,"texture":"#0"},"up":{"uv":[1.5,11.84375,1.875,11.5],"tintindex":0,"rotation":0,"texture":"#0"},"down":{"uv":[11.5,3.3125,11.875,3.65625],"tintindex":0,"rotation":0,"texture":"#0"}},"rotation":{"origin":[8.313939,10.134048,11.5],"angle":-22.5,"axis":"z"}},{"from":[5.4312553,6.210167,-1.0],"to":[10.431255,12.210167,6.0],"faces":{"east":{"uv":[0.71875,12.4375,0.375,12.6875],"tintindex":0,"rotation":0,"texture":"#0"},"south":{"uv":[12.71875,11.8125,12.375,12.0625],"tintindex":0,"rotation":0,"texture":"#0"},"north":{"uv":[12.71875,9.4375,12.375,9.6875],"tintindex":0,"rotation":0,"texture":"#0"},"west":{"uv":[12.71875,11.25,12.375,11.5],"tintindex":0,"rotation":0,"texture":"#0"},"up":{"uv":[11.6875,1.53125,12.03125,1.1875],"tintindex":0,"rotation":0,"texture":"#0"},"down":{"uv":[11.6875,4.3125,12.03125,4.65625],"tintindex":0,"rotation":0,"texture":"#0"}},"rotation":{"origin":[7.9312553,9.210167,2.5],"angle":-22.5,"axis":"z"}},{"from":[5.813939,11.134048,1.0],"to":[10.813939,13.134048,7.0],"faces":{"east":{"uv":[0.71875,12.4375,0.375,12.6875],"tintindex":0,"rotation":0,"texture":"#0"},"south":{"uv":[12.71875,11.8125,12.375,12.0625],"tintindex":0,"rotation":0,"texture":"#0"},"north":{"uv":[12.71875,9.4375,12.375,9.6875],"tintindex":0,"rotation":0,"texture":"#0"},"west":{"uv":[12.71875,11.25,12.375,11.5],"tintindex":0,"rotation":0,"texture":"#0"},"up":{"uv":[11.6875,1.53125,12.03125,1.1875],"tintindex":0,"rotation":0,"texture":"#0"},"down":{"uv":[11.6875,4.3125,12.03125,4.65625],"tintindex":0,"rotation":0,"texture":"#0"}},"rotation":{"origin":[8.313939,10.134048,4.0],"angle":-22.5,"axis":"z"}},{"from":[4.2552805,2.0959854,-1.5],"to":[8.2552805,6.0959854,15.5],"faces":{"east":{"uv":[12.8125,6.75,12.5,7.0],"tintindex":0,"rotation":0,"texture":"#0"},"south":{"uv":[11.3125,2.5625,10.4375,2.8125],"tintindex":0,"rotation":0,"texture":"#0"},"north":{"uv":[11.1875,9.6875,10.3125,9.9375],"tintindex":0,"rotation":0,"texture":"#0"},"west":{"uv":[6.8125,12.5,6.5,12.75],"tintindex":0,"rotation":0,"texture":"#0"},"up":{"uv":[9.625,4.0625,10.5,3.75],"tintindex":0,"rotation":0,"texture":"#0"},"down":{"uv":[9.6875,4.0625,10.5625,4.375],"tintindex":0,"rotation":0,"texture":"#0"}},"rotation":{"origin":[6.2552805,4.0959854,7.0],"angle":-22.5,"axis":"z"}}],"display":{"gui":{"rotation":[30,225,0]}}}