{"textures":{"0":"modelengine:entity/natuibe"},"elements":[{"from":[2.15,12.775002,4.8443747],"to":[12.15,22.775002,14.844375],"faces":{"east":{"uv":[7.875,0.0,8.5,0.59375],"tintindex":0,"rotation":0,"texture":"#0"},"south":{"uv":[0.0,7.5625,0.71875,8.15625],"tintindex":0,"rotation":0,"texture":"#0"},"north":{"uv":[3.4375,7.5,4.15625,8.09375],"tintindex":0,"rotation":0,"texture":"#0"},"west":{"uv":[7.875,2.5625,8.5,3.15625],"tintindex":0,"rotation":0,"texture":"#0"},"up":{"uv":[7.84375,0.625,7.125,0.0],"tintindex":0,"rotation":0,"texture":"#0"},"down":{"uv":[7.96875,0.625,7.25,1.25],"tintindex":0,"rotation":0,"texture":"#0"}},"rotation":{"origin":[6.65,17.775002,9.844375],"angle":0.0,"axis":"x"}},{"from":[1.3499999,11.875,14.655624],"to":[13.35,21.875,16.655624],"faces":{"east":{"uv":[7.8125,5.875,8.34375,6.59375],"tintindex":0,"rotation":0,"texture":"#0"},"south":{"uv":[1.0,14.1875,1.03125,14.90625],"tintindex":0,"rotation":0,"texture":"#0"},"north":{"uv":[12.875,14.0625,12.90625,14.78125],"tintindex":0,"rotation":0,"texture":"#0"},"west":{"uv":[7.625,7.8125,8.15625,8.53125],"tintindex":0,"rotation":0,"texture":"#0"},"up":{"uv":[4.09375,14.96875,4.0625,14.4375],"tintindex":0,"rotation":0,"texture":"#0"},"down":{"uv":[14.46875,6.75,14.4375,7.28125],"tintindex":0,"rotation":0,"texture":"#0"}},"rotation":{"origin":[7.35,16.875,15.655624],"angle":0.0,"axis":"y"}},{"from":[2.35,10.375,4.3443747],"to":[13.35,20.375,12.344375],"faces":{"east":{"uv":[4.8125,6.625,5.40625,7.40625],"tintindex":0,"rotation":0,"texture":"#0"},"south":{"uv":[2.9375,7.6875,3.4375,8.46875],"tintindex":0,"rotation":0,"texture":"#0"},"north":{"uv":[6.4375,6.625,7.03125,7.40625],"tintindex":0,"rotation":90,"texture":"#0"},"west":{"uv":[6.4375,6.625,7.03125,7.40625],"tintindex":0,"rotation":0,"texture":"#0"},"up":{"uv":[9.5625,3.40625,9.0625,2.8125],"tintindex":0,"rotation":0,"texture":"#0"},"down":{"uv":[9.5625,5.75,9.0625,6.34375],"tintindex":0,"rotation":0,"texture":"#0"}},"rotation":{"origin":[8.35,15.375,8.344375],"angle":0.0,"axis":"y"}},{"from":[7.2815003,8.47757,3.8443751],"to":[12.2815,12.47757,11.844375],"faces":{"east":{"uv":[0.375,12.6875,0.625,12.96875],"tintindex":0,"rotation":0,"texture":"#0"},"south":{"uv":[11.125,5.8125,11.65625,6.09375],"tintindex":0,"rotation":0,"texture":"#0"},"north":{"uv":[11.0625,1.8125,11.59375,2.09375],"tintindex":0,"rotation":0,"texture":"#0"},"west":{"uv":[1.5625,12.6875,1.8125,12.96875],"tintindex":0,"rotation":0,"texture":"#0"},"up":{"uv":[10.40625,5.5625,9.875,5.3125],"tintindex":0,"rotation":0,"texture":"#0"},"down":{"uv":[11.84375,2.5625,11.3125,2.8125],"tintindex":0,"rotation":0,"texture":"#0"}},"rotation":{"origin":[9.2815,9.97757,7.8443747],"angle":22.5,"axis":"z"}},{"from":[2.35,10.948639,10.253557],"to":[13.35,12.948639,14.253557],"faces":{"east":{"uv":[5.125,11.375,5.34375,12.03125],"tintindex":0,"rotation":0,"texture":"#0"},"south":{"uv":[5.8125,11.875,5.96875,12.53125],"tintindex":0,"rotation":0,"texture":"#0"},"north":{"uv":[3.625,11.875,3.78125,12.53125],"tintindex":0,"rotation":0,"texture":"#0"},"west":{"uv":[5.375,11.375,5.59375,12.03125],"tintindex":0,"rotation":0,"texture":"#0"},"up":{"uv":[12.65625,14.09375,12.5,13.875],"tintindex":0,"rotation":0,"texture":"#0"},"down":{"uv":[13.34375,13.875,13.1875,14.09375],"tintindex":0,"rotation":0,"texture":"#0"}},"rotation":{"origin":[12.35,12.448639,12.253557],"angle":-45.0,"axis":"x"}},{"from":[3.35,9.375,3.8443747],"to":[12.35,17.375,11.844375],"faces":{"east":{"uv":[9.9375,2.25,10.4375,2.78125],"tintindex":0,"rotation":0,"texture":"#0"},"south":{"uv":[9.375,7.8125,9.90625,8.34375],"tintindex":0,"rotation":0,"texture":"#0"},"north":{"uv":[9.3125,9.3125,9.84375,9.84375],"tintindex":0,"rotation":0,"texture":"#0"},"west":{"uv":[9.9375,7.6875,10.4375,8.21875],"tintindex":0,"rotation":0,"texture":"#0"},"up":{"uv":[10.40625,8.875,9.875,8.375],"tintindex":0,"rotation":0,"texture":"#0"},"down":{"uv":[8.71875,9.9375,8.1875,10.4375],"tintindex":0,"rotation":0,"texture":"#0"}},"rotation":{"origin":[8.35,13.875,7.8443747],"angle":0.0,"axis":"x"}},{"from":[4.1,9.724998,2.8443747],"to":[13.1,21.724998,11.844375],"faces":{"east":{"uv":[6.0,7.4375,6.71875,8.03125],"tintindex":0,"rotation":0,"texture":"#0"},"south":{"uv":[8.5,2.4375,9.0625,3.03125],"tintindex":0,"rotation":0,"texture":"#0"},"north":{"uv":[1.53125,7.5,0.8125,8.09375],"tintindex":0,"rotation":0,"texture":"#0"},"west":{"uv":[0.8125,7.5,1.53125,8.09375],"tintindex":0,"rotation":0,"texture":"#0"},"up":{"uv":[8.25,2.53125,7.6875,1.8125],"tintindex":0,"rotation":0,"texture":"#0"},"down":{"uv":[2.9375,7.6875,2.375,8.40625],"tintindex":0,"rotation":0,"texture":"#0"}},"rotation":{"origin":[8.6,16.224998,7.3443747],"angle":0.0,"axis":"y"}},{"from":[3.35,13.875,15.655624],"to":[11.35,19.875,17.655624],"faces":{"east":{"uv":[10.0,1.75,10.40625,2.21875],"tintindex":0,"rotation":0,"texture":"#0"},"south":{"uv":[11.4375,13.375,11.53125,13.84375],"tintindex":0,"rotation":0,"texture":"#0"},"north":{"uv":[5.1875,13.375,5.28125,13.84375],"tintindex":0,"rotation":0,"texture":"#0"},"west":{"uv":[1.625,11.0,2.03125,11.46875],"tintindex":0,"rotation":0,"texture":"#0"},"up":{"uv":[0.53125,14.21875,0.4375,13.8125],"tintindex":0,"rotation":0,"texture":"#0"},"down":{"uv":[0.78125,13.8125,0.6875,14.21875],"tintindex":0,"rotation":0,"texture":"#0"}},"rotation":{"origin":[7.35,16.875,16.655624],"angle":0.0,"axis":"y"}},{"from":[1.0999999,11.875,4.3443747],"to":[14.1,20.875,15.344375],"faces":{"east":{"uv":[7.25,5.375,7.78125,6.21875],"tintindex":0,"rotation":0,"texture":"#0"},"south":{"uv":[5.0,1.0,5.71875,1.84375],"tintindex":0,"rotation":0,"texture":"#0"},"north":{"uv":[7.03125,7.40625,6.4375,6.625],"tintindex":0,"rotation":90,"texture":"#0"},"west":{"uv":[7.0625,7.25,7.59375,8.09375],"tintindex":0,"rotation":0,"texture":"#0"},"up":{"uv":[8.40625,5.28125,7.6875,4.75],"tintindex":0,"rotation":0,"texture":"#0"},"down":{"uv":[8.53125,5.3125,7.8125,5.84375],"tintindex":0,"rotation":0,"texture":"#0"}},"rotation":{"origin":[7.6,16.375,9.844375],"angle":0.0,"axis":"x"}},{"from":[4.0816326,8.553169,3.8443751],"to":[9.081633,12.553169,11.844375],"faces":{"east":{"uv":[2.0,12.6875,2.25,12.96875],"tintindex":0,"rotation":0,"texture":"#0"},"south":{"uv":[11.1875,7.25,11.71875,7.53125],"tintindex":0,"rotation":0,"texture":"#0"},"north":{"uv":[11.1875,6.375,11.71875,6.65625],"tintindex":0,"rotation":0,"texture":"#0"},"west":{"uv":[2.25,12.6875,2.5,12.96875],"tintindex":0,"rotation":0,"texture":"#0"},"up":{"uv":[11.84375,6.375,11.3125,6.125],"tintindex":0,"rotation":0,"texture":"#0"},"down":{"uv":[11.84375,8.5,11.3125,8.75],"tintindex":0,"rotation":0,"texture":"#0"}},"rotation":{"origin":[6.0816326,11.053169,5.8443747],"angle":-22.5,"axis":"z"}}],"display":{"gui":{"rotation":[30,225,0]}}}