{"textures":{"0":"modelengine:entity/texture"},"elements":[{"from":[-1.75,5.5,5.75],"to":[18.25,7.5,16.75],"faces":{"east":{"uv":[11.125,8.0,12.28125,8.125],"tintindex":0,"rotation":0,"texture":"#0"},"south":{"uv":[12.625,0.3125,13.25,0.4375],"tintindex":0,"rotation":0,"texture":"#0"},"north":{"uv":[12.625,0.1875,13.25,0.3125],"tintindex":0,"rotation":0,"texture":"#0"},"west":{"uv":[11.1875,2.8125,12.34375,2.9375],"tintindex":0,"rotation":0,"texture":"#0"},"up":{"uv":[4.5625,1.15625,3.9375,0.0],"tintindex":0,"rotation":0,"texture":"#0"},"down":{"uv":[5.0,1.1875,4.375,2.34375],"tintindex":0,"rotation":0,"texture":"#0"}}},{"from":[-2.0,9.5,5.25],"to":[18.0,10.5,17.25],"faces":{"east":{"uv":[12.0,2.5,13.34375,2.5625],"tintindex":0,"rotation":0,"texture":"#0"},"south":{"uv":[13.6875,4.8125,14.3125,4.875],"tintindex":0,"rotation":0,"texture":"#0"},"north":{"uv":[13.6875,2.75,14.3125,2.8125],"tintindex":0,"rotation":0,"texture":"#0"},"west":{"uv":[12.3125,10.5625,13.65625,10.625],"tintindex":0,"rotation":0,"texture":"#0"},"up":{"uv":[3.0,3.34375,2.375,2.0],"tintindex":0,"rotation":0,"texture":"#0"},"down":{"uv":[0.625,2.5,0.0,3.84375],"tintindex":0,"rotation":0,"texture":"#0"}}},{"from":[-0.75,2.4999962,5.5],"to":[17.25,5.5,16.5],"faces":{"east":{"uv":[10.875,0.0,12.0625,0.125],"tintindex":0,"rotation":0,"texture":"#0"},"south":{"uv":[10.875,0.0,12.0625,0.125],"tintindex":0,"rotation":0,"texture":"#0"},"north":{"uv":[12.5,10.625,13.125,10.75],"tintindex":0,"rotation":0,"texture":"#0"},"west":{"uv":[10.875,0.125,12.0625,0.25],"tintindex":0,"rotation":0,"texture":"#0"},"up":{"uv":[1.875,5.0,1.25,3.8125],"tintindex":0,"rotation":0,"texture":"#0"},"down":{"uv":[0.625,3.875,0.0,5.0625],"tintindex":0,"rotation":0,"texture":"#0"}}},{"from":[-1.75,7.5,5.0],"to":[18.25,9.5,16.0],"faces":{"east":{"uv":[10.6875,10.3125,11.90625,10.4375],"tintindex":0,"rotation":0,"texture":"#0"},"south":{"uv":[12.625,0.5625,13.25,0.6875],"tintindex":0,"rotation":0,"texture":"#0"},"north":{"uv":[12.625,0.4375,13.25,0.5625],"tintindex":0,"rotation":0,"texture":"#0"},"west":{"uv":[10.75,2.4375,11.96875,2.5625],"tintindex":0,"rotation":0,"texture":"#0"},"up":{"uv":[4.375,4.65625,3.75,3.4375],"tintindex":0,"rotation":0,"texture":"#0"},"down":{"uv":[1.25,3.8125,0.625,5.03125],"tintindex":0,"rotation":0,"texture":"#0"}}}],"display":{"gui":{"rotation":[30,225,0]}}}