{"textures":{"0":"modelengine:entity/natuibe"},"elements":[{"from":[5.786025,-3.3518372,7.120048],"to":[10.786025,-1.3518372,9.1200485],"faces":{"east":{"uv":[14.4375,6.25,14.5625,6.375],"tintindex":0,"rotation":0,"texture":"#0"},"south":{"uv":[13.5,9.8125,13.84375,9.9375],"tintindex":0,"rotation":0,"texture":"#0"},"north":{"uv":[13.5,5.6875,13.84375,5.8125],"tintindex":0,"rotation":0,"texture":"#0"},"west":{"uv":[14.4375,6.375,14.5625,6.5],"tintindex":0,"rotation":0,"texture":"#0"},"up":{"uv":[13.84375,10.0625,13.5,9.9375],"tintindex":0,"rotation":0,"texture":"#0"},"down":{"uv":[13.84375,12.25,13.5,12.375],"tintindex":0,"rotation":0,"texture":"#0"}},"rotation":{"origin":[8.286025,-2.3518372,8.1200485],"angle":0.0,"axis":"x"}},{"from":[4.8650875,5.1731644,6.488951],"to":[10.8650875,8.173164,9.488951],"faces":{"east":{"uv":[14.0625,2.8125,14.28125,2.96875],"tintindex":0,"rotation":0,"texture":"#0"},"south":{"uv":[12.8125,7.25,13.21875,7.40625],"tintindex":0,"rotation":0,"texture":"#0"},"north":{"uv":[12.8125,6.75,13.21875,6.90625],"tintindex":0,"rotation":0,"texture":"#0"},"west":{"uv":[14.0625,4.125,14.28125,4.28125],"tintindex":0,"rotation":0,"texture":"#0"},"up":{"uv":[12.71875,5.65625,12.3125,5.4375],"tintindex":0,"rotation":0,"texture":"#0"},"down":{"uv":[12.71875,7.5625,12.3125,7.78125],"tintindex":0,"rotation":0,"texture":"#0"}},"rotation":{"origin":[7.8650875,6.6731644,7.988951],"angle":-45.0,"axis":"y"}},{"from":[5.815796,-3.3518372,6.960671],"to":[10.815796,-1.3518372,8.96067],"faces":{"east":{"uv":[14.4375,4.75,14.5625,4.875],"tintindex":0,"rotation":0,"texture":"#0"},"south":{"uv":[13.5,1.625,13.84375,1.75],"tintindex":0,"rotation":0,"texture":"#0"},"north":{"uv":[13.5,1.5,13.84375,1.625],"tintindex":0,"rotation":0,"texture":"#0"},"west":{"uv":[14.4375,5.375,14.5625,5.5],"tintindex":0,"rotation":0,"texture":"#0"},"up":{"uv":[13.84375,5.0,13.5,4.875],"tintindex":0,"rotation":0,"texture":"#0"},"down":{"uv":[13.84375,5.5625,13.5,5.6875],"tintindex":0,"rotation":0,"texture":"#0"}},"rotation":{"origin":[8.315796,-2.3518372,7.960671],"angle":45.0,"axis":"y"}},{"from":[4.776699,4.1731644,5.39233],"to":[10.776699,8.173164,9.39233],"faces":{"east":{"uv":[14.0625,4.4375,14.28125,4.59375],"tintindex":0,"rotation":0,"texture":"#0"},"south":{"uv":[12.875,11.125,13.28125,11.28125],"tintindex":0,"rotation":0,"texture":"#0"},"north":{"uv":[12.875,10.9375,13.28125,11.09375],"tintindex":0,"rotation":0,"texture":"#0"},"west":{"uv":[14.0625,5.8125,14.28125,5.96875],"tintindex":0,"rotation":0,"texture":"#0"},"up":{"uv":[12.71875,9.40625,12.3125,9.1875],"tintindex":0,"rotation":0,"texture":"#0"},"down":{"uv":[12.71875,10.0625,12.3125,10.28125],"tintindex":0,"rotation":0,"texture":"#0"}},"rotation":{"origin":[7.776699,6.1731644,7.39233],"angle":45.0,"axis":"y"}},{"from":[5.7166586,-4.1433983,7.163045],"to":[11.71666,-3.1433983,9.163046],"faces":{"east":{"uv":[3.0,14.6875,3.0625,14.84375],"tintindex":0,"rotation":0,"texture":"#0"},"south":{"uv":[13.25,7.25,13.59375,7.40625],"tintindex":0,"rotation":0,"texture":"#0"},"north":{"uv":[13.25,6.75,13.59375,6.90625],"tintindex":0,"rotation":0,"texture":"#0"},"west":{"uv":[3.4375,14.6875,3.5,14.84375],"tintindex":0,"rotation":0,"texture":"#0"},"up":{"uv":[14.59375,9.75,14.25,9.6875],"tintindex":0,"rotation":0,"texture":"#0"},"down":{"uv":[14.59375,9.75,14.25,9.8125],"tintindex":0,"rotation":0,"texture":"#0"}},"rotation":{"origin":[8.716659,-3.1433983,7.663045],"angle":-45.0,"axis":"y"}},{"from":[5.628042,-1.6455879,6.92045],"to":[10.628042,0.35441208,8.92045],"faces":{"east":{"uv":[4.0,11.6875,4.125,11.8125],"tintindex":0,"rotation":0,"texture":"#0"},"south":{"uv":[2.5625,11.6875,2.875,11.8125],"tintindex":0,"rotation":0,"texture":"#0"},"north":{"uv":[10.4375,8.75,10.75,8.875],"tintindex":0,"rotation":0,"texture":"#0"},"west":{"uv":[12.9375,6.5,13.0625,6.625],"tintindex":0,"rotation":0,"texture":"#0"},"up":{"uv":[13.125,4.0625,12.8125,3.9375],"tintindex":0,"rotation":0,"texture":"#0"},"down":{"uv":[13.9375,3.0625,13.625,3.1875],"tintindex":0,"rotation":0,"texture":"#0"}},"rotation":{"origin":[8.128042,-0.6455879,7.92045],"angle":-45.0,"axis":"y"}},{"from":[4.9199,-4.1433983,7.1758294],"to":[10.9199,-3.1433983,9.175829],"faces":{"east":{"uv":[3.5,14.6875,3.5625,14.84375],"tintindex":0,"rotation":0,"texture":"#0"},"south":{"uv":[13.3125,6.4375,13.65625,6.59375],"tintindex":0,"rotation":0,"texture":"#0"},"north":{"uv":[13.3125,1.3125,13.65625,1.46875],"tintindex":0,"rotation":0,"texture":"#0"},"west":{"uv":[3.9375,14.6875,4.0,14.84375],"tintindex":0,"rotation":0,"texture":"#0"},"up":{"uv":[14.59375,12.3125,14.25,12.25],"tintindex":0,"rotation":0,"texture":"#0"},"down":{"uv":[14.59375,12.3125,14.25,12.375],"tintindex":0,"rotation":0,"texture":"#0"}},"rotation":{"origin":[7.9199,-3.1433983,7.6758294],"angle":0.0,"axis":"x"}},{"from":[6.4473286,5.1731644,4.8125],"to":[9.447329,8.173164,10.8125],"faces":{"east":{"uv":[14.0625,6.75,14.28125,6.90625],"tintindex":0,"rotation":0,"texture":"#0"},"south":{"uv":[12.875,11.5,13.28125,11.65625],"tintindex":0,"rotation":0,"texture":"#0"},"north":{"uv":[12.875,11.3125,13.28125,11.46875],"tintindex":0,"rotation":0,"texture":"#0"},"west":{"uv":[14.0625,7.25,14.28125,7.40625],"tintindex":0,"rotation":0,"texture":"#0"},"up":{"uv":[12.71875,10.53125,12.3125,10.3125],"tintindex":0,"rotation":0,"texture":"#0"},"down":{"uv":[12.71875,10.75,12.3125,10.96875],"tintindex":0,"rotation":0,"texture":"#0"}},"rotation":{"origin":[8.447329,6.6731644,7.3125],"angle":0.0,"axis":"y"}},{"from":[7.279931,-4.1433983,5.193048],"to":[9.279931,-3.1433983,11.1930485],"faces":{"east":{"uv":[1.375,14.6875,1.4375,14.84375],"tintindex":0,"rotation":0,"texture":"#0"},"south":{"uv":[13.1875,11.875,13.53125,12.03125],"tintindex":0,"rotation":0,"texture":"#0"},"north":{"uv":[13.1875,10.375,13.53125,10.53125],"tintindex":0,"rotation":0,"texture":"#0"},"west":{"uv":[1.75,14.6875,1.8125,14.84375],"tintindex":0,"rotation":0,"texture":"#0"},"up":{"uv":[14.59375,5.125,14.25,5.0625],"tintindex":0,"rotation":0,"texture":"#0"},"down":{"uv":[14.59375,5.75,14.25,5.8125],"tintindex":0,"rotation":0,"texture":"#0"}},"rotation":{"origin":[8.279931,-3.1433983,7.6930485],"angle":0.0,"axis":"y"}},{"from":[7.1817036,-1.6455879,5.45],"to":[9.181704,0.35441208,10.45],"faces":{"east":{"uv":[13.125,12.25,13.25,12.375],"tintindex":0,"rotation":0,"texture":"#0"},"south":{"uv":[13.625,6.0625,13.9375,6.1875],"tintindex":0,"rotation":0,"texture":"#0"},"north":{"uv":[13.625,3.875,13.9375,4.0],"tintindex":0,"rotation":0,"texture":"#0"},"west":{"uv":[12.4375,13.375,12.5625,13.5],"tintindex":0,"rotation":0,"texture":"#0"},"up":{"uv":[13.9375,8.625,13.625,8.5],"tintindex":0,"rotation":0,"texture":"#0"},"down":{"uv":[13.9375,10.0625,13.625,10.1875],"tintindex":0,"rotation":0,"texture":"#0"}},"rotation":{"origin":[7.6817036,-0.6455879,8.45],"angle":0.0,"axis":"y"}},{"from":[5.6987534,-1.6455879,7.0088387],"to":[10.698753,0.35441208,9.008839],"faces":{"east":{"uv":[7.875,13.5625,8.0,13.6875],"tintindex":0,"rotation":0,"texture":"#0"},"south":{"uv":[13.6875,2.625,14.0,2.75],"tintindex":0,"rotation":0,"texture":"#0"},"north":{"uv":[13.6875,2.0,14.0,2.125],"tintindex":0,"rotation":0,"texture":"#0"},"west":{"uv":[3.6875,13.625,3.8125,13.75],"tintindex":0,"rotation":0,"texture":"#0"},"up":{"uv":[14.0,4.8125,13.6875,4.6875],"tintindex":0,"rotation":0,"texture":"#0"},"down":{"uv":[14.0,5.25,13.6875,5.375],"tintindex":0,"rotation":0,"texture":"#0"}},"rotation":{"origin":[8.198753,-0.6455879,8.008839],"angle":45.0,"axis":"y"}},{"from":[5.4473286,-0.26433563,4.8125],"to":[10.447329,5.7356644,10.8125],"faces":{"east":{"uv":[12.125,6.75,12.46875,7.03125],"tintindex":0,"rotation":0,"texture":"#0"},"south":{"uv":[0.8125,11.8125,1.21875,12.09375],"tintindex":0,"rotation":0,"texture":"#0"},"north":{"uv":[0.375,11.8125,0.78125,12.09375],"tintindex":0,"rotation":0,"texture":"#0"},"west":{"uv":[12.125,7.25,12.46875,7.53125],"tintindex":0,"rotation":0,"texture":"#0"},