{"textures":{"0":"modelengine:entity/texture"},"elements":[{"from":[8.027705,6.338585,11.648052],"to":[13.027705,7.338585,12.648052],"faces":{"east":{"uv":[1.375,14.375,1.4375,14.6875],"tintindex":0,"rotation":0,"texture":"#0"},"south":{"uv":[1.5625,14.375,1.625,14.6875],"tintindex":0,"rotation":0,"texture":"#0"},"north":{"uv":[0.125,14.375,0.1875,14.6875],"tintindex":0,"rotation":0,"texture":"#0"},"west":{"uv":[2.5,14.375,2.5625,14.6875],"tintindex":0,"rotation":0,"texture":"#0"},"up":{"uv":[8.3125,12.125,8.25,12.0625],"tintindex":0,"rotation":0,"texture":"#0"},"down":{"uv":[12.375,5.6875,12.3125,5.75],"tintindex":0,"rotation":0,"texture":"#0"}}},{"from":[8.027705,6.338585,7.6480517],"to":[13.027705,7.338585,8.648051],"faces":{"east":{"uv":[3.1875,14.3125,3.25,14.625],"tintindex":0,"rotation":0,"texture":"#0"},"south":{"uv":[3.6875,14.3125,3.75,14.625],"tintindex":0,"rotation":0,"texture":"#0"},"north":{"uv":[5.8125,14.25,5.875,14.5625],"tintindex":0,"rotation":0,"texture":"#0"},"west":{"uv":[8.0625,14.3125,8.125,14.625],"tintindex":0,"rotation":0,"texture":"#0"},"up":{"uv":[9.625,3.8125,9.5625,3.75],"tintindex":0,"rotation":0,"texture":"#0"},"down":{"uv":[9.75,7.375,9.6875,7.4375],"tintindex":0,"rotation":0,"texture":"#0"}}},{"from":[8.027705,6.338585,9.648051],"to":[13.027705,7.338585,10.648052],"faces":{"east":{"uv":[11.875,14.3125,11.9375,14.625],"tintindex":0,"rotation":0,"texture":"#0"},"south":{"uv":[12.8125,14.3125,12.875,14.625],"tintindex":0,"rotation":0,"texture":"#0"},"north":{"uv":[10.625,14.3125,10.6875,14.625],"tintindex":0,"rotation":0,"texture":"#0"},"west":{"uv":[13.6875,14.3125,13.75,14.625],"tintindex":0,"rotation":0,"texture":"#0"},"up":{"uv":[10.5625,4.0625,10.5,4.0],"tintindex":0,"rotation":0,"texture":"#0"},"down":{"uv":[4.625,11.9375,4.5625,12.0],"tintindex":0,"rotation":0,"texture":"#0"}}}],"display":{"gui":{"rotation":[30,225,0]}}}