{"textures":{"0":"modelengine:entity/natuibe"},"elements":[{"from":[8.182023,-4.828266,5.6480517],"to":[9.182023,0.17173386,10.648052],"faces":{"east":{"uv":[12.0,7.5625,12.3125,7.875],"tintindex":0,"rotation":0,"texture":"#0"},"south":{"uv":[4.9375,12.8125,5.0,13.125],"tintindex":0,"rotation":0,"texture":"#0"},"north":{"uv":[12.75,9.375,12.8125,9.6875],"tintindex":0,"rotation":0,"texture":"#0"},"west":{"uv":[12.0,9.1875,12.3125,9.5],"tintindex":0,"rotation":0,"texture":"#0"},"up":{"uv":[11.4375,14.5,11.375,14.1875],"tintindex":0,"rotation":0,"texture":"#0"},"down":{"uv":[3.4375,14.25,3.375,14.5625],"tintindex":0,"rotation":0,"texture":"#0"}},"rotation":{"origin":[2.932023,-11.578266,8.148051],"angle":22.5,"axis":"z"}},{"from":[6.907181,-1.5868187,-3.7027435],"to":[8.907181,1.4131813,-2.7027426],"faces":{"east":{"uv":[2.125,6.5625,2.1875,6.75],"tintindex":0,"rotation":0,"texture":"#0"},"south":{"uv":[10.375,14.1875,10.5,14.375],"tintindex":0,"rotation":0,"texture":"#0"},"north":{"uv":[8.9375,14.1875,9.0625,14.375],"tintindex":0,"rotation":0,"texture":"#0"},"west":{"uv":[9.5,5.5625,9.5625,5.75],"tintindex":0,"rotation":0,"texture":"#0"},"up":{"uv":[5.5625,11.375,5.4375,11.3125],"tintindex":0,"rotation":0,"texture":"#0"},"down":{"uv":[11.6875,5.75,11.5625,5.8125],"tintindex":0,"rotation":0,"texture":"#0"}},"rotation":{"origin":[6.787977,-9.376953,4.5873914],"angle":45.0,"axis":"x"}},{"from":[5.407181,3.4077263,5.6480517],"to":[10.407181,7.4077263,10.648052],"faces":{"east":{"uv":[12.5,8.75,12.8125,9.0],"tintindex":0,"rotation":0,"texture":"#0"},"south":{"uv":[9.4375,12.5,9.75,12.75],"tintindex":0,"rotation":0,"texture":"#0"},"north":{"uv":[12.5,7.25,12.8125,7.5],"tintindex":0,"rotation":0,"texture":"#0"},"west":{"uv":[9.75,12.5,10.0625,12.75],"tintindex":0,"rotation":0,"texture":"#0"},"up":{"uv":[6.4375,5.6875,6.125,5.375],"tintindex":0,"rotation":0,"texture":"#0"},"down":{"uv":[12.1875,9.6875,11.875,10.0],"tintindex":0,"rotation":0,"texture":"#0"}}},{"from":[-4.4178677,-2.1489754,5.6480517],"to":[-2.4178677,2.8510246,10.648052],"faces":{"east":{"uv":[12.0,5.4375,12.3125,5.75],"tintindex":0,"rotation":0,"texture":"#0"},"south":{"uv":[2.6875,9.125,2.8125,9.4375],"tintindex":0,"rotation":0,"texture":"#0"},"north":{"uv":[7.5625,4.75,7.6875,5.0625],"tintindex":0,"rotation":0,"texture":"#0"},"west":{"uv":[7.25,12.0,7.5625,12.3125],"tintindex":0,"rotation":0,"texture":"#0"},"up":{"uv":[3.9375,11.125,3.8125,10.8125],"tintindex":0,"rotation":0,"texture":"#0"},"down":{"uv":[3.375,12.0,3.25,12.3125],"tintindex":0,"rotation":0,"texture":"#0"}},"rotation":{"origin":[3.5808697,-9.730507,8.148051],"angle":-45.0,"axis":"z"}},{"from":[6.907181,0.993515,4.233838],"to":[8.907181,1.993515,5.233838],"faces":{"east":{"uv":[7.5625,4.6875,7.625,4.75],"tintindex":0,"rotation":0,"texture":"#0"},"south":{"uv":[12.5,0.1875,12.625,0.25],"tintindex":0,"rotation":0,"texture":"#0"},"north":{"uv":[12.25,1.125,12.375,1.1875],"tintindex":0,"rotation":0,"texture":"#0"},"west":{"uv":[1.3125,9.4375,1.375,9.5],"tintindex":0,"rotation":0,"texture":"#0"},"up":{"uv":[13.1875,9.375,13.0625,9.3125],"tintindex":0,"rotation":0,"texture":"#0"},"down":{"uv":[13.3125,6.4375,13.1875,6.5],"tintindex":0,"rotation":0,"texture":"#0"}}},{"from":[4.907181,-2.5922737,5.6480517],"to":[5.907181,3.4077263,10.648052],"faces":{"east":{"uv":[7.3125,3.625,7.625,4.0],"tintindex":0,"rotation":0,"texture":"#0"},"south":{"uv":[10.375,11.4375,10.4375,11.8125],"tintindex":0,"rotation":0,"texture":"#0"},"north":{"uv":[11.0625,4.5,11.125,4.875],"tintindex":0,"rotation":0,"texture":"#0"},"west":{"uv":[7.375,2.375,7.6875,2.75],"tintindex":0,"rotation":0,"texture":"#0"},"up":{"uv":[3.75,4.6875,3.6875,4.375],"tintindex":0,"rotation":0,"texture":"#0"},"down":{"uv":[11.875,3.6875,11.8125,4.0],"tintindex":0,"rotation":0,"texture":"#0"}}},{"from":[4.407181,1.4077263,7.6480513],"to":[6.407181,9.407726,8.648052],"faces":{"east":{"uv":[1.25,10.75,1.3125,11.25],"tintindex":0,"rotation":0,"texture":"#0"},"south":{"uv":[0.1875,12.9375,0.3125,13.4375],"tintindex":0,"rotation":0,"texture":"#0"},"north":{"uv":[11.4375,12.875,11.5625,13.375],"tintindex":0,"rotation":0,"texture":"#0"},"west":{"uv":[10.0625,11.9375,10.125,12.4375],"tintindex":0,"rotation":0,"texture":"#0"},"up":{"uv":[10.75,7.6875,10.625,7.625],"tintindex":0,"rotation":0,"texture":"#0"},"down":{"uv":[3.5625,10.75,3.4375,10.8125],"tintindex":0,"rotation":0,"texture":"#0"}}}],"display":{"gui":{"rotation":[30,225,0]}}}