{"textures":{"0":"modelengine:entity/texture"},"elements":[{"from":[5.910374,-3.4381752,4.9125],"to":[10.910374,-2.9381752,11.4125],"faces":{"east":{"uv":[10.75,11.8125,10.8125,12.4375],"tintindex":0,"rotation":0,"texture":"#0"},"south":{"uv":[0.0,6.3125,0.78125,6.9375],"tintindex":0,"rotation":0,"texture":"#0"},"north":{"uv":[4.0,6.25,4.78125,6.875],"tintindex":0,"rotation":0,"texture":"#0"},"west":{"uv":[13.0,13.5,13.0625,14.125],"tintindex":0,"rotation":0,"texture":"#0"},"up":{"uv":[14.09375,7.75,13.3125,7.6875],"tintindex":0,"rotation":0,"texture":"#0"},"down":{"uv":[14.09375,11.5625,13.3125,11.625],"tintindex":0,"rotation":0,"texture":"#0"}},"rotation":{"origin":[8.160374,-2.9381752,8.1625],"angle":0.0,"axis":"x"}},{"from":[6.035374,-4.938175,5.5375],"to":[10.535374,5.561825,10.5375],"faces":{"east":{"uv":[4.375,3.4375,5.6875,3.96875],"tintindex":0,"rotation":0,"texture":"#0"},"south":{"uv":[4.375,3.4375,5.4375,3.96875],"tintindex":0,"rotation":270,"texture":"#0"},"north":{"uv":[4.40625,4.53125,5.6875,4.0],"tintindex":0,"rotation":270,"texture":"#0"},"west":{"uv":[1.25,3.8125,0.625,2.5],"tintindex":0,"rotation":0,"texture":"#0"},"up":{"uv":[1.25,3.8125,0.625,2.5],"tintindex":0,"rotation":0,"texture":"#0"},"down":{"uv":[1.875,2.5,1.25,3.8125],"tintindex":0,"rotation":0,"texture":"#0"}},"rotation":{"origin":[8.035374,0.3118248,7.7875],"angle":0.0,"axis":"z"}},{"from":[5.785374,-2.9381752,4.9125],"to":[10.785374,-1.9381752,11.4125],"faces":{"east":{"uv":[5.4375,10.6875,5.5625,11.28125],"tintindex":0,"rotation":0,"texture":"#0"},"south":{"uv":[1.8125,6.75,2.59375,7.34375],"tintindex":0,"rotation":0,"texture":"#0"},"north":{"uv":[5.4375,6.6875,6.21875,7.28125],"tintindex":0,"rotation":0,"texture":"#0"},"west":{"uv":[2.6875,12.4375,2.8125,13.03125],"tintindex":0,"rotation":0,"texture":"#0"},"up":{"uv":[12.53125,9.1875,11.75,9.0625],"tintindex":0,"rotation":0,"texture":"#0"},"down":{"uv":[12.65625,2.5625,11.875,2.6875],"tintindex":0,"rotation":0,"texture":"#0"}},"rotation":{"origin":[8.035374,-2.4381752,8.4125],"angle":0.0,"axis":"x"}},{"from":[6.376712,4.7778435,5.0375],"to":[9.876712,7.7778435,11.037499],"faces":{"east":{"uv":[3.4375,7.0625,3.8125,7.46875],"tintindex":0,"rotation":0,"texture":"#0"},"south":{"uv":[3.4375,7.0625,3.8125,7.46875],"tintindex":0,"rotation":180,"texture":"#0"},"north":{"uv":[8.875,3.8125,9.625,4.21875],"tintindex":0,"rotation":0,"texture":"#0"},"west":{"uv":[7.5625,5.0625,6.8125,4.6875],"tintindex":0,"rotation":0,"texture":"#0"},"up":{"uv":[7.5625,5.0625,6.8125,4.6875],"tintindex":0,"rotation":0,"texture":"#0"},"down":{"uv":[2.0625,9.5,1.3125,9.875],"tintindex":0,"rotation":0,"texture":"#0"}},"rotation":{"origin":[8.376712,6.0278435,8.0375],"angle":-22.5,"axis":"z"}},{"from":[6.285374,-4.563175,4.9875],"to":[10.785374,-3.0631752,10.9875],"faces":{"east":{"uv":[11.375,13.5625,11.4375,14.15625],"tintindex":0,"rotation":0,"texture":"#0"},"south":{"uv":[6.875,1.75,7.65625,2.34375],"tintindex":0,"rotation":0,"texture":"#0"},"north":{"uv":[6.8125,4.0625,7.59375,4.65625],"tintindex":0,"rotation":0,"texture":"#0"},"west":{"uv":[5.5,13.6875,5.5625,14.28125],"tintindex":0,"rotation":0,"texture":"#0"},"up":{"uv":[14.09375,11.6875,13.3125,11.625],"tintindex":0,"rotation":0,"texture":"#0"},"down":{"uv":[14.09375,11.6875,13.3125,11.75],"tintindex":0,"rotation":0,"texture":"#0"}},"rotation":{"origin":[8.285374,-3.8131752,7.7375],"angle":0.0,"axis":"x"}},{"from":[5.910374,-4.688175,4.9125],"to":[10.910374,-4.188175,11.4125],"faces":{"east":{"uv":[3.5,13.5625,3.5625,14.1875],"tintindex":0,"rotation":0,"texture":"#0"},"south":{"uv":[6.4375,0.625,7.21875,1.25],"tintindex":0,"rotation":0,"texture":"#0"},"north":{"uv":[6.3125,0.0,7.09375,0.625],"tintindex":0,"rotation":0,"texture":"#0"},"west":{"uv":[7.375,13.5625,7.4375,14.1875],"tintindex":0,"rotation":0,"texture":"#0"},"up":{"uv":[14.09375,11.8125,13.3125,11.75],"tintindex":0,"rotation":0,"texture":"#0"},"down":{"uv":[14.09375,11.8125,13.3125,11.875],"tintindex":0,"rotation":0,"texture":"#0"}},"rotation":{"origin":[8.660374,-4.688175,8.1625],"angle":0.0,"axis":"y"}},{"from":[7.615202,-1.6402779,5.0375],"to":[12.115202,6.859722,11.037499],"faces":{"east":{"uv":[1.25,5.0,2.3125,5.5625],"tintindex":0,"rotation":0,"texture":"#0"},"south":{"uv":[1.375,5.0,2.03125,5.5625],"tintindex":0,"rotation":0,"texture":"#0"},"north":{"uv":[1.0625,5.0625,0.0,5.625],"tintindex":0,"rotation":270,"texture":"#0"},"west":{"uv":[0.0,5.0625,1.0625,5.625],"tintindex":0,"rotation":0,"texture":"#0"},"up":{"uv":[3.75,4.375,3.0,3.3125],"tintindex":0,"rotation":0,"texture":"#0"},"down":{"uv":[2.625,3.375,1.875,4.4375],"tintindex":0,"rotation":0,"texture":"#0"}},"rotation":{"origin":[10.115202,2.6097221,9.2875],"angle":22.5,"axis":"z"}}],"display":{"gui":{"rotation":[30,225,0]}}}