{"textures":{"0":"modelengine:entity/natuibe"},"elements":[{"from":[8.2835,2.9588814,6.269989],"to":[11.2835,3.9588814,9.269989],"faces":{"east":{"uv":[14.625,4.0625,14.8125,4.125],"tintindex":0,"rotation":0,"texture":"#0"},"south":{"uv":[14.625,5.0625,14.8125,5.125],"tintindex":0,"rotation":0,"texture":"#0"},"north":{"uv":[3.6875,14.625,3.875,14.6875],"tintindex":0,"rotation":0,"texture":"#0"},"west":{"uv":[5.1875,14.625,5.375,14.6875],"tintindex":0,"rotation":0,"texture":"#0"},"up":{"uv":[14.0625,0.1875,13.875,0.0],"tintindex":0,"rotation":0,"texture":"#0"},"down":{"uv":[14.0625,0.1875,13.875,0.375],"tintindex":0,"rotation":0,"texture":"#0"}},"rotation":{"origin":[9.7835,3.5588799,7.769989],"angle":-22.5,"axis":"z"}},{"from":[8.2835,4.7588806,6.269989],"to":[11.2835,5.7588806,9.269989],"faces":{"east":{"uv":[14.5625,13.6875,14.75,13.75],"tintindex":0,"rotation":0,"texture":"#0"},"south":{"uv":[14.625,0.9375,14.8125,1.0],"tintindex":0,"rotation":0,"texture":"#0"},"north":{"uv":[14.5625,11.8125,14.75,11.875],"tintindex":0,"rotation":0,"texture":"#0"},"west":{"uv":[14.625,3.25,14.8125,3.3125],"tintindex":0,"rotation":0,"texture":"#0"},"up":{"uv":[14.0,13.5,13.8125,13.3125],"tintindex":0,"rotation":0,"texture":"#0"},"down":{"uv":[13.9375,13.8125,13.75,14.0],"tintindex":0,"rotation":0,"texture":"#0"}},"rotation":{"origin":[9.7835,5.358879,7.769989],"angle":-22.5,"axis":"z"}},{"from":[8.2835,8.358879,6.269989],"to":[11.2835,9.358879,9.269989],"faces":{"east":{"uv":[13.875,12.4375,14.0625,12.5],"tintindex":0,"rotation":0,"texture":"#0"},"south":{"uv":[14.5,5.0,14.6875,5.0625],"tintindex":0,"rotation":0,"texture":"#0"},"north":{"uv":[13.875,5.75,14.0625,5.8125],"tintindex":0,"rotation":0,"texture":"#0"},"west":{"uv":[14.5,5.625,14.6875,5.6875],"tintindex":0,"rotation":0,"texture":"#0"},"up":{"uv":[14.0,9.8125,13.8125,9.625],"tintindex":0,"rotation":0,"texture":"#0"},"down":{"uv":[14.0,12.75,13.8125,12.9375],"tintindex":0,"rotation":0,"texture":"#0"}},"rotation":{"origin":[9.7835,8.958881,7.769989],"angle":-22.5,"axis":"z"}},{"from":[6.7925,7.0632324,7.8569007],"to":[7.7925,12.063232,8.856901],"faces":{"east":{"uv":[7.6875,14.375,7.75,14.6875],"tintindex":0,"rotation":0,"texture":"#0"},"south":{"uv":[7.75,14.375,7.8125,14.6875],"tintindex":0,"rotation":0,"texture":"#0"},"north":{"uv":[7.625,14.375,7.6875,14.6875],"tintindex":0,"rotation":0,"texture":"#0"},"west":{"uv":[14.375,7.75,14.4375,8.0625],"tintindex":0,"rotation":0,"texture":"#0"},"up":{"uv":[14.375,3.375,14.3125,3.3125],"tintindex":0,"rotation":0,"texture":"#0"},"down":{"uv":[14.375,4.25,14.3125,4.3125],"tintindex":0,"rotation":0,"texture":"#0"}},"rotation":{"origin":[5.88,6.2232323,8.686901],"angle":-45.0,"axis":"x"}},{"from":[4.4975,5.81308,9.735989],"to":[5.4975,12.81308,11.735989],"faces":{"east":{"uv":[3.6875,13.1875,3.8125,13.625],"tintindex":0,"rotation":0,"texture":"#0"},"south":{"uv":[3.375,11.4375,3.4375,11.875],"tintindex":0,"rotation":0,"texture":"#0"},"north":{"uv":[7.5,11.1875,7.5625,11.625],"tintindex":0,"rotation":0,"texture":"#0"},"west":{"uv":[5.3125,13.1875,5.4375,13.625],"tintindex":0,"rotation":0,"texture":"#0"},"up":{"uv":[6.1875,13.0,6.125,12.875],"tintindex":0,"rotation":0,"texture":"#0"},"down":{"uv":[6.8125,13.3125,6.75,13.4375],"tintindex":0,"rotation":0,"texture":"#0"}}},{"from":[6.7925,5.81308,9.735989],"to":[7.7925,12.81308,11.735989],"faces":{"east":{"uv":[13.1875,12.75,13.3125,13.1875],"tintindex":0,"rotation":0,"texture":"#0"},"south":{"uv":[7.1875,12.625,7.25,13.0625],"tintindex":0,"rotation":0,"texture":"#0"},"north":{"uv":[5.75,12.125,5.8125,12.5625],"tintindex":0,"rotation":0,"texture":"#0"},"west":{"uv":[13.1875,13.1875,13.3125,13.625],"tintindex":0,"rotation":0,"texture":"#0"},"up":{"uv":[13.4375,9.625,13.375,9.5],"tintindex":0,"rotation":0,"texture":"#0"},"down":{"uv":[5.9375,13.5625,5.875,13.6875],"tintindex":0,"rotation":0,"texture":"#0"}}},{"from":[8.2835,6.55888,6.269989],"to":[11.2835,7.55888,9.269989],"faces":{"east":{"uv":[14.5625,6.4375,14.75,6.5],"tintindex":0,"rotation":0,"texture":"#0"},"south":{"uv":[14.5625,9.3125,14.75,9.375],"tintindex":0,"rotation":0,"texture":"#0"},"north":{"uv":[14.5625,3.125,14.75,3.1875],"tintindex":0,"rotation":0,"texture":"#0"},"west":{"uv":[14.5625,11.5,14.75,11.5625],"tintindex":0,"rotation":0,"texture":"#0"},"up":{"uv":[14.0,13.125,13.8125,12.9375],"tintindex":0,"rotation":0,"texture":"#0"},"down":{"uv":[14.0,13.125,13.8125,13.3125],"tintindex":0,"rotation":0,"texture":"#0"}},"rotation":{"origin":[9.7835,7.158882,7.769989],"angle":-22.5,"axis":"z"}},{"from":[3.7425003,6.2232323,8.686901],"to":[7.7425003,13.223232,10.686901],"faces":{"east":{"uv":[2.6875,13.0625,2.8125,13.5],"tintindex":0,"rotation":0,"texture":"#0"},"south":{"uv":[1.625,11.875,1.875,12.3125],"tintindex":0,"rotation":0,"texture":"#0"},"north":{"uv":[5.125,9.5625,5.375,10.0],"tintindex":0,"rotation":0,"texture":"#0"},"west":{"uv":[8.4375,13.0625,8.5625,13.5],"tintindex":0,"rotation":0,"texture":"#0"},"up":{"uv":[14.375,7.25,14.125,7.125],"tintindex":0,"rotation":0,"texture":"#0"},"down":{"uv":[14.375,8.0,14.125,8.125],"tintindex":0,"rotation":0,"texture":"#0"}},"rotation":{"origin":[5.88,6.2232323,8.686901],"angle":-45.0,"axis":"x"}},{"from":[8.776,2.2328796,6.752489],"to":[10.776,12.23288,8.752489],"faces":{"east":{"uv":[1.4375,12.625,1.5625,13.21875],"tintindex":0,"rotation":0,"texture":"#0"},"south":{"uv":[10.3125,12.625,10.4375,13.21875],"tintindex":0,"rotation":0,"texture":"#0"},"north":{"uv":[5.0,12.5625,5.125,13.15625],"tintindex":0,"rotation":0,"texture":"#0"},"west":{"uv":[10.4375,12.625,10.5625,13.21875],"tintindex":0,"rotation":0,"texture":"#0"},"up":{"uv":[9.6875,14.5625,9.5625,14.4375],"tintindex":0,"rotation":0,"texture":"#0"},"down":{"uv":[10.1875,14.4375,10.0625,14.5625],"tintindex":0,"rotation":0,"texture":"#0"}}},{"from":[3.7325,6.2232323,7.156901],"to":[4.7325,11.223232,9.1569],"faces":{"east":{"uv":[0.0,13.75,0.125,14.0625],"tintindex":0,"rotation":0,"texture":"#0"},"south":{"uv":[7.5625,14.375,7.625,14.6875],"tintindex":0,"rotation":0,"texture":"#0"},"north":{"uv":[7.5,14.375,7.5625,14.6875],"tintindex":0,"rotation":0,"texture":"#0"},"west":{"uv":[5.0625,13.75,5.1875,14.0625],"tintindex":0,"rotation":0,"texture":"#0"},"up":{"uv":[12.4375,2.9375,12.375,2.8125],"tintindex":0,"rotation":0,"texture":"#0"},"down":{"uv":[5.75,12.4375,5.6875,12.5625],"tintindex":0,"rotation":0,"texture":"#0"}},"rotation":{"origin":[5.88,6.2232323,8.686901],"angle":-45.0,"axis":"x"}},{"from":[3.7325,8.315166,4.7798758],"to":[4.7325,10.315166,6.7798758],"faces":{"east":{"uv":[14.375,4.25,14.5,4.40625],"tintindex":0,"rotation":0,"texture":"#0"},"south":{"uv":[4.875,14.6875,4.9375,14.84375],"tintindex":0,"rotation":0,"texture":"#0"},"north":{"uv":[4.8125,14.6875,4.875,14.84375],"tintindex":0,"rotation":0,"texture":"#0"},"west":{"uv":[14.375,4.875,14.5,5.03125],"tintindex":0,"rotation":0,"texture":"#0"},"up":{"uv":[4.375,12.8125,4.3125,12.6875],"tintindex":0,"rotation":0,"texture":"#0"},"down":{"uv":[8.25,12.6875,8.1875,12.8125],"tintindex":0,"rotation":0,"texture":"#0"}}},{"from":[3.7325,11.109985,4.864396],"to":[4.7325,12.109985,6.864396],"faces":{"east":{"uv":[13.625,10.1875,13.75,10.25],"tintindex":0,"rotation":0,"texture":"#0"},"south":{"uv":[14.3125,2.9375,14.375,3.0],"tintindex":0,"rotation":0,"texture":"#0"},"north":{"uv":[13.875,14.25,13.9375,14.3125],"tintindex":0,"rotation":0,"texture":"#0"},"west":{"uv":[1.6875,13.6875,1.8125,13.75],"tintindex":0,"rotation":0,"texture":"#0"},"up":{"uv":[12.8125,5.6875,12.75,5.5625],"tintindex":0,"rotation":0,"texture":"#0"},"down":{"uv":[4.0,12.8125,3.9375,12.9375],"tintindex":0,"rotation":0,"texture":"#0"}},"rotation":{"origin":[5.88,10.827984,5.6293964],"angle":22.5,"axis":"x"}},{"from":[8.2835,10.158882,5.269989],"to":[11.2835,11.158882,9.269989],"faces":{"east":{"uv":[8.9375,5.125,9.1875,5.1875],"tintindex":0,"rotation":0,"texture":"#0"},"south":{"uv":[14.5625,0.4375,14.75,0.5],"tintindex":0,"rotation":0,