{"textures":{"0":"modelengine:entity/texture"},"elements":[{"from":[9.14459,3.549201,6.9587984],"to":[10.14459,7.5492,8.458798],"faces":{"east":{"uv":[11.875,11.8125,12.0625,12.34375],"tintindex":0,"rotation":0,"texture":"#0"},"south":{"uv":[8.1875,12.8125,8.3125,13.34375],"tintindex":0,"rotation":0,"texture":"#0"},"north":{"uv":[7.875,12.8125,8.0,13.34375],"tintindex":0,"rotation":0,"texture":"#0"},"west":{"uv":[4.375,11.9375,4.5625,12.46875],"tintindex":0,"rotation":0,"texture":"#0"},"up":{"uv":[2.125,14.4375,2.0,14.25],"tintindex":0,"rotation":0,"texture":"#0"},"down":{"uv":[14.375,2.0,14.25,2.1875],"tintindex":0,"rotation":0,"texture":"#0"}}},{"from":[6.981,7.435814,5.2480907],"to":[7.481,7.935814,7.7480907],"faces":{"east":{"uv":[7.875,14.375,7.9375,14.6875],"tintindex":0,"rotation":0,"texture":"#0"},"south":{"uv":[7.9375,14.375,8.0,14.6875],"tintindex":0,"rotation":0,"texture":"#0"},"north":{"uv":[7.8125,14.375,7.875,14.6875],"tintindex":0,"rotation":0,"texture":"#0"},"west":{"uv":[8.0,14.375,8.0625,14.6875],"tintindex":0,"rotation":0,"texture":"#0"},"up":{"uv":[14.375,6.0,14.3125,5.9375],"tintindex":0,"rotation":0,"texture":"#0"},"down":{"uv":[14.375,10.3125,14.3125,10.375],"tintindex":0,"rotation":0,"texture":"#0"}},"rotation":{"origin":[7.231,7.685814,6.4980907],"angle":-22.5,"axis":"x"}},{"from":[6.9326024,5.7748337,6.9587984],"to":[7.9326024,9.774834,8.458798],"faces":{"east":{"uv":[8.9375,11.875,9.125,12.40625],"tintindex":0,"rotation":0,"texture":"#0"},"south":{"uv":[7.5,12.8125,7.625,13.34375],"tintindex":0,"rotation":0,"texture":"#0"},"north":{"uv":[5.8125,12.8125,5.9375,13.34375],"tintindex":0,"rotation":0,"texture":"#0"},"west":{"uv":[9.125,11.875,9.3125,12.40625],"tintindex":0,"rotation":0,"texture":"#0"},"up":{"uv":[14.375,1.625,14.25,1.4375],"tintindex":0,"rotation":0,"texture":"#0"},"down":{"uv":[14.375,1.625,14.25,1.8125],"tintindex":0,"rotation":0,"texture":"#0"}},"rotation":{"origin":[7.626602,8.97636,7.8002987],"angle":-45.0,"axis":"z"}},{"from":[6.9345,-6.1331873,7.7237983],"to":[8.9345,-2.1331873,8.723799],"faces":{"east":{"uv":[4.8125,12.8125,4.9375,13.34375],"tintindex":0,"rotation":0,"texture":"#0"},"south":{"uv":[11.4375,4.3125,11.6875,4.84375],"tintindex":0,"rotation":0,"texture":"#0"},"north":{"uv":[3.125,11.4375,3.375,11.96875],"tintindex":0,"rotation":0,"texture":"#0"},"west":{"uv":[5.6875,12.8125,5.8125,13.34375],"tintindex":0,"rotation":0,"texture":"#0"},"up":{"uv":[14.375,8.25,14.125,8.125],"tintindex":0,"rotation":0,"texture":"#0"},"down":{"uv":[14.375,8.25,14.125,8.375],"tintindex":0,"rotation":0,"texture":"#0"}}},{"from":[7.205,-6.0184364,6.9587984],"to":[8.705,6.9815636,7.4587984],"faces":{"east":{"uv":[8.5,11.375,8.5625,13.03125],"tintindex":0,"rotation":0,"texture":"#0"},"south":{"uv":[8.0,8.5625,8.1875,10.21875],"tintindex":0,"rotation":0,"texture":"#0"},"north":{"uv":[2.125,8.5625,2.3125,10.21875],"tintindex":0,"rotation":0,"texture":"#0"},"west":{"uv":[6.8125,11.75,6.875,13.40625],"tintindex":0,"rotation":0,"texture":"#0"},"up":{"uv":[5.75,14.6875,5.5625,14.625],"tintindex":0,"rotation":0,"texture":"#0"},"down":{"uv":[14.8125,5.75,14.625,5.8125],"tintindex":0,"rotation":0,"texture":"#0"}}},{"from":[8.511,2.0384302,5.247571],"to":[9.011,7.5384293,5.747571],"faces":{"east":{"uv":[1.625,13.5,1.6875,14.1875],"tintindex":0,"rotation":0,"texture":"#0"},"south":{"uv":[2.375,13.5,2.4375,14.1875],"tintindex":0,"rotation":0,"texture":"#0"},"north":{"uv":[6.0625,13.3125,6.125,14.0],"tintindex":0,"rotation":0,"texture":"#0"},"west":{"uv":[2.4375,13.5,2.5,14.1875],"tintindex":0,"rotation":0,"texture":"#0"},"up":{"uv":[14.5625,0.3125,14.5,0.25],"tintindex":0,"rotation":0,"texture":"#0"},"down":{"uv":[14.5625,4.5,14.5,4.5625],"tintindex":0,"rotation":0,"texture":"#0"}}},{"from":[8.511,7.435814,5.2480907],"to":[9.011,7.935814,7.7480907],"faces":{"east":{"uv":[14.375,8.6875,14.4375,9.0],"tintindex":0,"rotation":0,"texture":"#0"},"south":{"uv":[8.9375,14.375,9.0,14.6875],"tintindex":0,"rotation":0,"texture":"#0"},"north":{"uv":[8.5,14.375,8.5625,14.6875],"tintindex":0,"rotation":0,"texture":"#0"},"west":{"uv":[9.0,14.375,9.0625,14.6875],"tintindex":0,"rotation":0,"texture":"#0"},"up":{"uv":[14.5,10.625,14.4375,10.5625],"tintindex":0,"rotation":0,"texture":"#0"},"down":{"uv":[14.5,14.1875,14.4375,14.25],"tintindex":0,"rotation":0,"texture":"#0"}},"rotation":{"origin":[8.761,7.685814,6.4980907],"angle":-22.5,"axis":"x"}},{"from":[5.893341,3.549201,6.9587984],"to":[6.893341,7.5492,8.458798],"faces":{"east":{"uv":[6.1875,11.9375,6.375,12.46875],"tintindex":0,"rotation":0,"texture":"#0"},"south":{"uv":[8.5625,12.8125,8.6875,13.34375],"tintindex":0,"rotation":0,"texture":"#0"},"north":{"uv":[8.3125,12.8125,8.4375,13.34375],"tintindex":0,"rotation":0,"texture":"#0"},"west":{"uv":[6.375,11.9375,6.5625,12.46875],"tintindex":0,"rotation":0,"texture":"#0"},"up":{"uv":[2.25,14.4375,2.125,14.25],"tintindex":0,"rotation":0,"texture":"#0"},"down":{"uv":[14.375,2.1875,14.25,2.375],"tintindex":0,"rotation":0,"texture":"#0"}}},{"from":[7.011,-4.8709373,6.7675486],"to":[9.011,-4.3709373,8.767549],"faces":{"east":{"uv":[1.0625,10.0625,1.3125,10.125],"tintindex":0,"rotation":0,"texture":"#0"},"south":{"uv":[11.125,8.125,11.375,8.1875],"tintindex":0,"rotation":0,"texture":"#0"},"north":{"uv":[6.25,10.0,6.5,10.0625],"tintindex":0,"rotation":0,"texture":"#0"},"west":{"uv":[11.75,9.1875,12.0,9.25],"tintindex":0,"rotation":0,"texture":"#0"},"up":{"uv":[13.1875,6.5,12.9375,6.25],"tintindex":0,"rotation":0,"texture":"#0"},"down":{"uv":[7.1875,12.9375,6.9375,13.1875],"tintindex":0,"rotation":0,"texture":"#0"}}},{"from":[6.4317503,-1.5172548,6.1888285],"to":[9.431749,0.9827452,6.6888285],"faces":{"east":{"uv":[14.375,10.3125,14.4375,10.625],"tintindex":0,"rotation":0,"texture":"#0"},"south":{"uv":[11.75,7.25,12.125,7.5625],"tintindex":0,"rotation":0,"texture":"#0"},"north":{"uv":[11.75,6.75,12.125,7.0625],"tintindex":0,"rotation":0,"texture":"#0"},"west":{"uv":[10.375,14.375,10.4375,14.6875],"tintindex":0,"rotation":0,"texture":"#0"},"up":{"uv":[9.4375,1.8125,9.0625,1.75],"tintindex":0,"rotation":0,"texture":"#0"},"down":{"uv":[8.5625,9.375,8.1875,9.4375],"tintindex":0,"rotation":0,"texture":"#0"}}},{"from":[6.4700003,0.637063,6.5762987],"to":[9.47,8.137062,9.576298],"faces":{"east":{"uv":[7.25,8.125,7.625,9.03125],"tintindex":0,"rotation":0,"texture":"#0"},"south":{"uv":[8.1875,8.4375,8.5625,9.34375],"tintindex":0,"rotation":0,"texture":"#0"},"north":{"uv":[2.625,3.375,3.0,4.28125],"tintindex":0,"rotation":0,"texture":"#0"},"west":{"uv":[2.8125,8.5,3.1875,9.40625],"tintindex":0,"rotation":0,"texture":"#0"},"up":{"uv":[6.5625,11.75,6.1875,11.375],"tintindex":0,"rotation":0,"texture":"#0"},"down":{"uv":[6.9375,11.375,6.5625,11.75],"tintindex":0,"rotation":0,"texture":"#0"}}},{"from":[6.4317503,-2.7523785,5.4384956],"to":[9.431749,-1.7523794,5.9384956],"faces":{"east":{"uv":[14.6875,4.875,14.75,5.03125],"tintindex":0,"rotation":0,"texture":"#0"},"south":{"uv":[13.125,9.875,13.5,10.03125],"tintindex":0,"rotation":0,"texture":"#0"},"north":{"uv":[13.125,0.875,13.5,1.03125],"tintindex":0,"rotation":0,"texture":"#0"},"west":{"uv":[4.9375,14.6875,5.0,14.84375],"tintindex":0,"rotation":0,"texture":"#0"},"up":{"uv":[8.0,10.25,7.625,10.1875],"tintindex":0,"rotation":0,"texture":"#0"},"down":{"uv":[11.5625,7.5625,11.1875,7.625],"tintindex":0,"rotation":0,"texture":"#0"}},"rotation":{"origin":[7.94,0.35127068,5.725371],"angle":-22.5,"axis":"x"}},{"from":[5.7035,-1.2218866,6.9587984],"to":[6.7035,4.7781134,8.458798],"faces":{"east":{"uv":[6.25,6.6875,6.4375,7.4375],"tintindex":0,"rotation":0,"texture":"#0"},"south":{"uv":[0.5,8.8125,0.625,9.5625],"tintindex":0,"rotation":0,"texture":"#0"},"north":{"uv":[3.625,2.375,3.75,3.125],"tintindex":0,"rotation":0,"texture":"#0"},"west":{"uv":[9.3125,11.25,9.5,12.0],"tintindex":0,"rotation":0,"texture":"#0"},"up":{"uv":[14.375,1.4375,14.25,1.25],"tintindex":0,"rotation":0,"texture":"#0"},