{"textures":{"0":"modelengine:entity/natuibe"},"elements":[{"from":[7.6654997,9.540056,-4.071563],"to":[8.6655,10.540056,5.928437],"faces":{"east":{"uv":[12.25,1.75,11.6875,1.8125],"tintindex":0,"rotation":0,"texture":"#0"},"south":{"uv":[14.5625,10.25,14.5,10.3125],"tintindex":0,"rotation":0,"texture":"#0"},"north":{"uv":[14.5625,9.0625,14.5,9.125],"tintindex":0,"rotation":0,"texture":"#0"},"west":{"uv":[11.25,10.4375,10.6875,10.5],"tintindex":0,"rotation":0,"texture":"#0"},"up":{"uv":[0.75,8.125,0.8125,7.5625],"tintindex":0,"rotation":0,"texture":"#0"},"down":{"uv":[1.0,9.5625,1.0625,10.125],"tintindex":0,"rotation":0,"texture":"#0"}},"rotation":{"origin":[8.12,11.651457,2.092187],"angle":-45.0,"axis":"x"}},{"from":[5.825,2.7330275,15.331401],"to":[10.825,3.7330275,20.331402],"faces":{"east":{"uv":[14.625,12.1875,14.3125,12.25],"tintindex":0,"rotation":0,"texture":"#0"},"south":{"uv":[14.625,9.9375,14.3125,10.0],"tintindex":0,"rotation":0,"texture":"#0"},"north":{"uv":[12.8125,1.0625,12.5,1.125],"tintindex":0,"rotation":0,"texture":"#0"},"west":{"uv":[12.9375,0.6875,12.625,0.75],"tintindex":0,"rotation":0,"texture":"#0"},"up":{"uv":[0.375,12.4375,0.6875,12.125],"tintindex":0,"rotation":0,"texture":"#0"},"down":{"uv":[0.6875,12.125,1.0,12.4375],"tintindex":0,"rotation":0,"texture":"#0"}}},{"from":[6.2075,1.359262,-3.465621],"to":[10.2075,5.3592615,0.534379],"faces":{"east":{"uv":[13.5,5.5625,13.25,5.78125],"tintindex":0,"rotation":0,"texture":"#0"},"south":{"uv":[13.5,4.8125,13.25,5.03125],"tintindex":0,"rotation":0,"texture":"#0"},"north":{"uv":[13.5,2.5625,13.25,2.78125],"tintindex":0,"rotation":0,"texture":"#0"},"west":{"uv":[13.5,4.5625,13.25,4.78125],"tintindex":0,"rotation":0,"texture":"#0"},"up":{"uv":[10.0625,13.1875,10.3125,12.9375],"tintindex":0,"rotation":0,"texture":"#0"},"down":{"uv":[12.9375,12.75,13.1875,13.0],"tintindex":0,"rotation":0,"texture":"#0"}},"rotation":{"origin":[8.12,3.3914618,-3.542121],"angle":-45.0,"axis":"x"}},{"from":[4.295,2.040928,0.95490074],"to":[12.295,3.040928,9.954901],"faces":{"east":{"uv":[14.25,6.5625,13.6875,6.625],"tintindex":0,"rotation":0,"texture":"#0"},"south":{"uv":[5.9375,6.625,5.4375,6.6875],"tintindex":0,"rotation":0,"texture":"#0"},"north":{"uv":[2.375,3.3125,1.875,3.375],"tintindex":0,"rotation":0,"texture":"#0"},"west":{"uv":[14.25,5.375,13.6875,5.4375],"tintindex":0,"rotation":0,"texture":"#0"},"up":{"uv":[0.5,10.125,1.0,9.5625],"tintindex":0,"rotation":0,"texture":"#0"},"down":{"uv":[9.5625,3.1875,10.0625,3.75],"tintindex":0,"rotation":0,"texture":"#0"}}},{"from":[3.9124994,1.5237279,-2.1050987],"to":[6.9125,5.523728,2.8949008],"faces":{"east":{"uv":[5.4375,12.6875,5.125,12.90625],"tintindex":0,"rotation":0,"texture":"#0"},"south":{"uv":[3.25,13.625,3.0625,13.84375],"tintindex":0,"rotation":0,"texture":"#0"},"north":{"uv":[13.8125,2.8125,13.625,3.03125],"tintindex":0,"rotation":0,"texture":"#0"},"west":{"uv":[4.3125,12.6875,4.0,12.90625],"tintindex":0,"rotation":0,"texture":"#0"},"up":{"uv":[6.625,13.3125,6.8125,13.0],"tintindex":0,"rotation":0,"texture":"#0"},"down":{"uv":[1.8125,13.125,2.0,13.4375],"tintindex":0,"rotation":0,"texture":"#0"}}},{"from":[5.9779997,4.703128,1.4596505],"to":[9.978,6.703128,9.459651],"faces":{"east":{"uv":[8.34375,3.5,7.875,3.625],"tintindex":0,"rotation":0,"texture":"#0"},"south":{"uv":[1.09375,13.875,0.8125,14.0],"tintindex":0,"rotation":0,"texture":"#0"},"north":{"uv":[14.15625,0.75,13.875,0.875],"tintindex":0,"rotation":0,"texture":"#0"},"west":{"uv":[7.34375,2.375,6.875,2.5],"tintindex":0,"rotation":0,"texture":"#0"},"up":{"uv":[7.375,1.71875,7.65625,1.25],"tintindex":0,"rotation":0,"texture":"#0"},"down":{"uv":[11.4375,8.75,11.71875,9.21875],"tintindex":0,"rotation":0,"texture":"#0"}},"rotation":{"origin":[8.12,6.2637277,5.391901],"angle":-45.0,"axis":"x"}},{"from":[6.2075,3.2793856,12.203607],"to":[10.2075,10.279385,15.203607],"faces":{"east":{"uv":[5.6875,12.4375,5.5,12.875],"tintindex":0,"rotation":0,"texture":"#0"},"south":{"uv":[2.5,11.875,2.25,12.3125],"tintindex":0,"rotation":0,"texture":"#0"},"north":{"uv":[2.25,11.875,2.0,12.3125],"tintindex":0,"rotation":0,"texture":"#0"},"west":{"uv":[2.6875,12.4375,2.5,12.875],"tintindex":0,"rotation":0,"texture":"#0"},"up":{"uv":[13.375,8.5,13.625,8.3125],"tintindex":0,"rotation":0,"texture":"#0"},"down":{"uv":[13.375,8.5,13.625,8.6875],"tintindex":0,"rotation":0,"texture":"#0"}}},{"from":[10.6445,2.3163276,6.4629006],"to":[12.6445,4.316328,9.4629],"faces":{"east":{"uv":[13.5625,14.125,13.375,14.28125],"tintindex":0,"rotation":0,"texture":"#0"},"south":{"uv":[14.5,11.0,14.375,11.15625],"tintindex":0,"rotation":0,"texture":"#0"},"north":{"uv":[14.5,10.8125,14.375,10.96875],"tintindex":0,"rotation":0,"texture":"#0"},"west":{"uv":[13.375,14.125,13.1875,14.28125],"tintindex":0,"rotation":0,"texture":"#0"},"up":{"uv":[3.25,14.4375,3.375,14.25],"tintindex":0,"rotation":0,"texture":"#0"},"down":{"uv":[3.75,14.25,3.875,14.4375],"tintindex":0,"rotation":0,"texture":"#0"}}},{"from":[4.601,1.6325846,-6.7305937],"to":[11.601,2.6325846,-0.73059464],"faces":{"east":{"uv":[12.75,11.5,12.375,11.5625],"tintindex":0,"rotation":0,"texture":"#0"},"south":{"uv":[13.25,8.9375,12.8125,9.0],"tintindex":0,"rotation":0,"texture":"#0"},"north":{"uv":[12.875,12.375,12.4375,12.4375],"tintindex":0,"rotation":0,"texture":"#0"},"west":{"uv":[12.375,9.5,12.0,9.5625],"tintindex":0,"rotation":0,"texture":"#0"},"up":{"uv":[11.0625,3.6875,11.5,3.3125],"tintindex":0,"rotation":0,"texture":"#0"},"down":{"uv":[11.125,5.0625,11.5625,5.4375],"tintindex":0,"rotation":0,"texture":"#0"}}},{"from":[8.878284,1.5360274,10.173742],"to":[10.878284,3.536028,13.173742],"faces":{"east":{"uv":[12.6875,14.125,12.5,14.28125],"tintindex":0,"rotation":0,"texture":"#0"},"south":{"uv":[14.5,9.4375,14.375,9.59375],"tintindex":0,"rotation":0,"texture":"#0"},"north":{"uv":[14.5,6.5625,14.375,6.71875],"tintindex":0,"rotation":0,"texture":"#0"},"west":{"uv":[14.3125,12.0625,14.125,12.21875],"tintindex":0,"rotation":0,"texture":"#0"},"up":{"uv":[14.25,2.75,14.375,2.5625],"tintindex":0,"rotation":0,"texture":"#0"},"down":{"uv":[2.6875,14.25,2.8125,14.4375],"tintindex":0,"rotation":0,"texture":"#0"}},"rotation":{"origin":[9.893285,3.0048275,13.476242],"angle":-45.0,"axis":"y"}},{"from":[6.207499,6.0696516,13.61032],"to":[10.207499,9.069652,18.610321],"faces":{"east":{"uv":[2.25,13.8125,2.0,13.96875],"tintindex":0,"rotation":0,"texture":"#0"},"south":{"uv":[0.4375,13.8125,0.1875,13.96875],"tintindex":0,"rotation":0,"texture":"#0"},"north":{"uv":[6.9375,13.75,6.6875,13.90625],"tintindex":0,"rotation":0,"texture":"#0"},"west":{"uv":[14.0,13.625,13.75,13.78125],"tintindex":0,"rotation":0,"texture":"#0"},"up":{"uv":[12.9375,8.5,13.1875,8.25],"tintindex":0,"rotation":0,"texture":"#0"},"down":{"uv":[12.9375,8.5,13.1875,8.75],"tintindex":0,"rotation":0,"texture":"#0"}},"rotation":{"origin":[8.119999,8.051251,15.62582],"angle":45.0,"axis":"x"}},{"from":[6.2075,1.4767098,-7.9583073],"to":[10.2074995,5.47671,-3.9583073],"faces":{"east":{"uv":[2.5,13.25,2.25,13.46875],"tintindex":0,"rotation":0,"texture":"#0"},"south":{"uv":[2.25,13.25,2.0,13.46875],"tintindex":0,"rotation":0,"texture":"#0"},"north":{"uv":[1.6875,13.25,1.4375,13.46875],"tintindex":0,"rotation":0,"texture":"#0"},"west":{"uv":[13.5,1.5,13.25,1.71875],"tintindex":0,"rotation":0,"texture":"#0"},"up":{"uv":[12.9375,9.625,13.1875,9.375],"tintindex":0,"rotation":0,"texture":"#0"},"down":{"uv":[12.9375,9.625,13.1875,9.875],"tintindex":0,"rotation":0,"texture":"#0"}}},{"from":[9.65,1.5237279,-2.1050987],"to":[12.65,5.523728,2.8949008],"faces":{"east":{"uv":[6.8125,12.75,6.5,12.96875],"tintindex":0,"rotation":0,"texture":"#0"},"south":{"uv":[13.8125,9.3125,13.625,9.53125],"tintindex":0,"rotation":0,"texture":"#0"},"north":{"uv":[13.8125,8.25,13.625,8.46875],"tintindex":0,"rotation":0,"texture":"#0"},"west":{"uv":[6.5,12.75,6.1875,12.96875],"tintindex":0,"rotation":0,"texture":"#0"},"up":{"uv":[10.5625,13.4375,10.75,13.125],