{"textures":{"0":"modelengine:entity/natuibe"},"elements":[{"from":[8.067398,5.7748337,6.9587984],"to":[9.067398,9.774834,8.458798],"faces":{"east":{"uv":[9.3125,11.875,9.125,12.40625],"tintindex":0,"rotation":0,"texture":"#0"},"south":{"uv":[7.625,12.8125,7.5,13.34375],"tintindex":0,"rotation":0,"texture":"#0"},"north":{"uv":[5.9375,12.8125,5.8125,13.34375],"tintindex":0,"rotation":0,"texture":"#0"},"west":{"uv":[9.125,11.875,8.9375,12.40625],"tintindex":0,"rotation":0,"texture":"#0"},"up":{"uv":[14.25,1.625,14.375,1.4375],"tintindex":0,"rotation":0,"texture":"#0"},"down":{"uv":[14.25,1.625,14.375,1.8125],"tintindex":0,"rotation":0,"texture":"#0"}},"rotation":{"origin":[8.373398,8.97636,7.8002987],"angle":45.0,"axis":"z"}},{"from":[6.56825,-1.5172548,6.1888285],"to":[9.56825,0.9827452,6.6888285],"faces":{"east":{"uv":[10.4375,14.375,10.375,14.6875],"tintindex":0,"rotation":0,"texture":"#0"},"south":{"uv":[12.125,7.25,11.75,7.5625],"tintindex":0,"rotation":0,"texture":"#0"},"north":{"uv":[12.125,6.75,11.75,7.0625],"tintindex":0,"rotation":0,"texture":"#0"},"west":{"uv":[14.4375,10.3125,14.375,10.625],"tintindex":0,"rotation":0,"texture":"#0"},"up":{"uv":[9.0625,1.8125,9.4375,1.75],"tintindex":0,"rotation":0,"texture":"#0"},"down":{"uv":[8.1875,9.375,8.5625,9.4375],"tintindex":0,"rotation":0,"texture":"#0"}}},{"from":[7.3715,0.86656284,6.1937985],"to":[8.8715,9.366564,7.6937985],"faces":{"east":{"uv":[3.8125,10.8125,3.625,11.875],"tintindex":0,"rotation":0,"texture":"#0"},"south":{"uv":[3.625,10.8125,3.4375,11.875],"tintindex":0,"rotation":0,"texture":"#0"},"north":{"uv":[10.625,10.75,10.4375,11.8125],"tintindex":0,"rotation":0,"texture":"#0"},"west":{"uv":[10.8125,10.75,10.625,11.8125],"tintindex":0,"rotation":0,"texture":"#0"},"up":{"uv":[13.875,0.5625,14.0625,0.375],"tintindex":0,"rotation":0,"texture":"#0"},"down":{"uv":[13.875,0.5625,14.0625,0.75],"tintindex":0,"rotation":0,"texture":"#0"}}},{"from":[8.519,6.364605,2.399242],"to":[9.019,8.864605,2.899242],"faces":{"east":{"uv":[8.5,14.375,8.4375,14.6875],"tintindex":0,"rotation":0,"texture":"#0"},"south":{"uv":[14.4375,8.375,14.375,8.6875],"tintindex":0,"rotation":0,"texture":"#0"},"north":{"uv":[14.4375,8.0625,14.375,8.375],"tintindex":0,"rotation":0,"texture":"#0"},"west":{"uv":[8.4375,14.375,8.375,14.6875],"tintindex":0,"rotation":0,"texture":"#0"},"up":{"uv":[14.4375,9.0,14.5,8.9375],"tintindex":0,"rotation":0,"texture":"#0"},"down":{"uv":[14.4375,9.375,14.5,9.4375],"tintindex":0,"rotation":0,"texture":"#0"}},"rotation":{"origin":[8.059999,8.839754,11.942616],"angle":-45.0,"axis":"x"}},{"from":[7.295,-6.0184364,6.9587984],"to":[8.795,6.9815636,7.4587984],"faces":{"east":{"uv":[6.875,11.75,6.8125,13.40625],"tintindex":0,"rotation":0,"texture":"#0"},"south":{"uv":[8.1875,8.5625,8.0,10.21875],"tintindex":0,"rotation":0,"texture":"#0"},"north":{"uv":[2.3125,8.5625,2.125,10.21875],"tintindex":0,"rotation":0,"texture":"#0"},"west":{"uv":[8.5625,11.375,8.5,13.03125],"tintindex":0,"rotation":0,"texture":"#0"},"up":{"uv":[5.5625,14.6875,5.75,14.625],"tintindex":0,"rotation":0,"texture":"#0"},"down":{"uv":[14.625,5.75,14.8125,5.8125],"tintindex":0,"rotation":0,"texture":"#0"}}},{"from":[6.989,-4.8709373,6.7675486],"to":[8.989,-4.3709373,8.767549],"faces":{"east":{"uv":[12.0,9.1875,11.75,9.25],"tintindex":0,"rotation":0,"texture":"#0"},"south":{"uv":[11.375,8.125,11.125,8.1875],"tintindex":0,"rotation":0,"texture":"#0"},"north":{"uv":[6.5,10.0,6.25,10.0625],"tintindex":0,"rotation":0,"texture":"#0"},"west":{"uv":[1.3125,10.0625,1.0625,10.125],"tintindex":0,"rotation":0,"texture":"#0"},"up":{"uv":[12.9375,6.5,13.1875,6.25],"tintindex":0,"rotation":0,"texture":"#0"},"down":{"uv":[6.9375,12.9375,7.1875,13.1875],"tintindex":0,"rotation":0,"texture":"#0"}}},{"from":[6.989,-2.521325,8.171984],"to":[8.989,7.478674,10.171984],"faces":{"east":{"uv":[6.75,8.75,6.5,10.03125],"tintindex":0,"rotation":0,"texture":"#0"},"south":{"uv":[5.625,8.75,5.375,10.03125],"tintindex":0,"rotation":0,"texture":"#0"},"north":{"uv":[6.5,8.6875,6.25,9.96875],"tintindex":0,"rotation":0,"texture":"#0"},"west":{"uv":[1.3125,8.75,1.0625,10.03125],"tintindex":0,"rotation":0,"texture":"#0"},"up":{"uv":[12.9375,8.0,13.1875,7.75],"tintindex":0,"rotation":0,"texture":"#0"},"down":{"uv":[12.9375,8.0,13.1875,8.25],"tintindex":0,"rotation":0,"texture":"#0"}},"rotation":{"origin":[8.059999,0.82937527,8.477983],"angle":22.5,"axis":"x"}},{"from":[7.0655003,-6.1331873,7.7237983],"to":[9.0655,-2.1331873,8.723799],"faces":{"east":{"uv":[5.8125,12.8125,5.6875,13.34375],"tintindex":0,"rotation":0,"texture":"#0"},"south":{"uv":[11.6875,4.3125,11.4375,4.84375],"tintindex":0,"rotation":0,"texture":"#0"},"north":{"uv":[3.375,11.4375,3.125,11.96875],"tintindex":0,"rotation":0,"texture":"#0"},"west":{"uv":[4.9375,12.8125,4.8125,13.34375],"tintindex":0,"rotation":0,"texture":"#0"},"up":{"uv":[14.125,8.25,14.375,8.125],"tintindex":0,"rotation":0,"texture":"#0"},"down":{"uv":[14.125,8.25,14.375,8.375],"tintindex":0,"rotation":0,"texture":"#0"}}},{"from":[6.989,6.364605,2.399242],"to":[7.489,8.864605,2.899242],"faces":{"east":{"uv":[10.375,14.375,10.3125,14.6875],"tintindex":0,"rotation":0,"texture":"#0"},"south":{"uv":[10.3125,14.375,10.25,14.6875],"tintindex":0,"rotation":0,"texture":"#0"},"north":{"uv":[14.4375,9.125,14.375,9.4375],"tintindex":0,"rotation":0,"texture":"#0"},"west":{"uv":[10.25,14.375,10.1875,14.6875],"tintindex":0,"rotation":0,"texture":"#0"},"up":{"uv":[14.5,5.1875,14.5625,5.125],"tintindex":0,"rotation":0,"texture":"#0"},"down":{"uv":[5.375,14.5,5.4375,14.5625],"tintindex":0,"rotation":0,"texture":"#0"}},"rotation":{"origin":[8.059999,8.839754,11.942616],"angle":-45.0,"axis":"x"}},{"from":[5.6885,-1.2218866,6.9587984],"to":[6.6885,4.7781134,8.458798],"faces":{"east":{"uv":[7.125,11.375,6.9375,12.125],"tintindex":0,"rotation":0,"texture":"#0"},"south":{"uv":[2.9375,12.125,2.8125,12.875],"tintindex":0,"rotation":0,"texture":"#0"},"north":{"uv":[9.4375,12.0,9.3125,12.75],"tintindex":0,"rotation":0,"texture":"#0"},"west":{"uv":[5.8125,11.375,5.625,12.125],"tintindex":0,"rotation":0,"texture":"#0"},"up":{"uv":[2.25,14.4375,2.375,14.25],"tintindex":0,"rotation":0,"texture":"#0"},"down":{"uv":[2.5625,14.25,2.6875,14.4375],"tintindex":0,"rotation":0,"texture":"#0"}},"rotation":{"origin":[8.117374,3.3910627,7.8002987],"angle":22.5,"axis":"z"}},{"from":[5.855409,3.549201,6.9587984],"to":[6.855409,7.5492,8.458798],"faces":{"east":{"uv":[4.5625,11.9375,4.375,12.46875],"tintindex":0,"rotation":0,"texture":"#0"},"south":{"uv":[8.3125,12.8125,8.1875,13.34375],"tintindex":0,"rotation":0,"texture":"#0"},"north":{"uv":[8.0,12.8125,7.875,13.34375],"tintindex":0,"rotation":0,"texture":"#0"},"west":{"uv":[12.0625,11.8125,11.875,12.34375],"tintindex":0,"rotation":0,"texture":"#0"},"up":{"uv":[2.0,14.4375,2.125,14.25],"tintindex":0,"rotation":0,"texture":"#0"},"down":{"uv":[14.25,2.0,14.375,2.1875],"tintindex":0,"rotation":0,"texture":"#0"}}},{"from":[6.989,2.0384302,5.247571],"to":[7.489,7.5384293,5.747571],"faces":{"east":{"uv":[2.5,13.5,2.4375,14.1875],"tintindex":0,"rotation":0,"texture":"#0"},"south":{"uv":[2.4375,13.5,2.375,14.1875],"tintindex":0,"rotation":0,"texture":"#0"},"north":{"uv":[6.125,13.3125,6.0625,14.0],"tintindex":0,"rotation":0,"texture":"#0"},"west":{"uv":[1.6875,13.5,1.625,14.1875],"tintindex":0,"rotation":0,"texture":"#0"},"up":{"uv":[14.5,0.3125,14.5625,0.25],"tintindex":0,"rotation":0,"texture":"#0"},"down":{"uv":[14.5,4.5,14.5625,4.5625],"tintindex":0,"rotation":0,"texture":"#0"}}},{"from":[8.519,7.0858135,5.273091],"to":[9.019,7.5858135,6.898091],"faces":{"east":{"uv":[8.0625,14.375,8.0,14.6875],"tintindex":0,"rotation":0,"texture":"#0"},"south":{"uv":[8.0,14.375,7.9375,14.6875],"tintindex":0,"rotation":0,"texture":"#0"},"north":{"uv":[7.875,14.375,7.8125,14.6875],"tintindex":0,"rotation":0,"texture":"#0"},"west":{"uv":[7.9375,14.375,7.875,14.6875],"tintindex":0,"rotation":0,"texture":"#0"},"up":{"uv":[14.3125,6.0,14.375,5.9375],