{"textures":{"0":"modelengine:entity/natuibe"},"elements":[{"from":[4.7988186,4.375,6.5790267],"to":[10.798819,16.375,9.579027],"faces":{"east":{"uv":[9.5625,6.1875,10.375,6.34375],"tintindex":0,"rotation":0,"texture":"#0"},"south":{"uv":[12.75,10.25,13.15625,10.40625],"tintindex":0,"rotation":0,"texture":"#0"},"north":{"uv":[12.75,10.0625,13.15625,10.21875],"tintindex":0,"rotation":0,"texture":"#0"},"west":{"uv":[11.375,7.0625,12.1875,7.21875],"tintindex":0,"rotation":0,"texture":"#0"},"up":{"uv":[4.34375,5.5,3.9375,4.6875],"tintindex":0,"rotation":0,"texture":"#0"},"down":{"uv":[4.46875,8.625,4.0625,9.4375],"tintindex":0,"rotation":0,"texture":"#0"}},"rotation":{"origin":[7.7988186,10.875,8.079027],"angle":-22.5,"axis":"y"}},{"from":[6.1485815,4.375,5.143026],"to":[9.1485815,17.375,11.143025],"faces":{"east":{"uv":[11.4375,1.0,12.25,1.15625],"tintindex":0,"rotation":0,"texture":"#0"},"south":{"uv":[12.8125,1.0625,13.21875,1.21875],"tintindex":0,"rotation":0,"texture":"#0"},"north":{"uv":[12.75,11.875,13.15625,12.03125],"tintindex":0,"rotation":0,"texture":"#0"},"west":{"uv":[11.4375,4.875,12.25,5.03125],"tintindex":0,"rotation":0,"texture":"#0"},"up":{"uv":[4.90625,9.4375,4.5,8.625],"tintindex":0,"rotation":0,"texture":"#0"},"down":{"uv":[6.21875,8.6875,5.8125,9.5],"tintindex":0,"rotation":0,"texture":"#0"}},"rotation":{"origin":[7.1485815,10.875,7.643026],"angle":22.5,"axis":"y"}},{"from":[5.1196413,4.375,4.3410554],"to":[8.119641,15.375,10.341055],"faces":{"east":{"uv":[11.4375,10.75,12.25,10.90625],"tintindex":0,"rotation":0,"texture":"#0"},"south":{"uv":[12.8125,5.0625,13.21875,5.21875],"tintindex":0,"rotation":0,"texture":"#0"},"north":{"uv":[12.8125,4.1875,13.21875,4.34375],"tintindex":0,"rotation":0,"texture":"#0"},"west":{"uv":[11.5,10.0625,12.3125,10.21875],"tintindex":0,"rotation":0,"texture":"#0"},"up":{"uv":[1.03125,9.5625,0.625,8.75],"tintindex":0,"rotation":0,"texture":"#0"},"down":{"uv":[3.59375,8.75,3.1875,9.5625],"tintindex":0,"rotation":0,"texture":"#0"}},"rotation":{"origin":[6.1196413,10.875,10.841055],"angle":-22.5,"axis":"y"}},{"from":[5.086376,4.375,6.3018627],"to":[11.086376,15.375,9.301863],"faces":{"east":{"uv":[11.5625,5.0625,12.375,5.21875],"tintindex":0,"rotation":0,"texture":"#0"},"south":{"uv":[12.8125,5.75,13.21875,5.90625],"tintindex":0,"rotation":0,"texture":"#0"},"north":{"uv":[12.8125,5.5625,13.21875,5.71875],"tintindex":0,"rotation":0,"texture":"#0"},"west":{"uv":[11.5625,5.25,12.375,5.40625],"tintindex":0,"rotation":0,"texture":"#0"},"up":{"uv":[4.03125,9.5625,3.625,8.75],"tintindex":0,"rotation":0,"texture":"#0"},"down":{"uv":[5.34375,8.75,4.9375,9.5625],"tintindex":0,"rotation":0,"texture":"#0"}},"rotation":{"origin":[8.086376,10.875,7.8018627],"angle":22.5,"axis":"y"}}],"display":{"gui":{"rotation":[30,225,0]}}}