{"textures":{"0":"modelengine:entity/texture"},"elements":[{"from":[5.089626,-3.4381752,4.7875],"to":[10.089626,-2.9381752,11.2875],"faces":{"east":{"uv":[13.0625,13.5,13.0,14.125],"tintindex":0,"rotation":0,"texture":"#0"},"south":{"uv":[0.78125,6.3125,0.0,6.9375],"tintindex":0,"rotation":0,"texture":"#0"},"north":{"uv":[4.78125,6.25,4.0,6.875],"tintindex":0,"rotation":0,"texture":"#0"},"west":{"uv":[10.8125,11.8125,10.75,12.4375],"tintindex":0,"rotation":0,"texture":"#0"},"up":{"uv":[13.3125,7.75,14.09375,7.6875],"tintindex":0,"rotation":0,"texture":"#0"},"down":{"uv":[13.3125,11.5625,14.09375,11.625],"tintindex":0,"rotation":0,"texture":"#0"}},"rotation":{"origin":[7.339626,-3.4381752,8.0375],"angle":0.0,"axis":"x"}},{"from":[4.6121054,-1.98386,5.0374994],"to":[9.112104,6.51614,11.037499],"faces":{"east":{"uv":[1.0625,5.0625,0.0,5.625],"tintindex":0,"rotation":0,"texture":"#0"},"south":{"uv":[2.0,5.0,1.25,5.5625],"tintindex":0,"rotation":0,"texture":"#0"},"north":{"uv":[1.0625,5.625,0.0,5.0625],"tintindex":0,"rotation":270,"texture":"#0"},"west":{"uv":[2.3125,5.0,1.25,5.5625],"tintindex":0,"rotation":0,"texture":"#0"},"up":{"uv":[3.0,4.375,3.75,3.3125],"tintindex":0,"rotation":0,"texture":"#0"},"down":{"uv":[1.875,3.375,2.625,4.4375],"tintindex":0,"rotation":0,"texture":"#0"}},"rotation":{"origin":[7.112105,4.26614,7.7874994],"angle":-22.5,"axis":"z"}},{"from":[6.008067,4.3570976,5.0375],"to":[9.508067,7.3570976,11.037499],"faces":{"east":{"uv":[6.8125,5.0625,7.5625,4.6875],"tintindex":0,"rotation":0,"texture":"#0"},"south":{"uv":[3.8125,7.0625,3.4375,7.46875],"tintindex":0,"rotation":180,"texture":"#0"},"north":{"uv":[9.625,3.8125,8.875,4.21875],"tintindex":0,"rotation":0,"texture":"#0"},"west":{"uv":[3.8125,7.0625,3.4375,7.46875],"tintindex":0,"rotation":0,"texture":"#0"},"up":{"uv":[6.8125,5.0625,7.5625,4.6875],"tintindex":0,"rotation":0,"texture":"#0"},"down":{"uv":[1.3125,9.5,2.0625,9.875],"tintindex":0,"rotation":0,"texture":"#0"}},"rotation":{"origin":[6.508067,6.1070976,8.0375],"angle":22.5,"axis":"z"}},{"from":[5.214626,-2.9381752,4.7875],"to":[10.214626,-1.9381752,11.2875],"faces":{"east":{"uv":[2.8125,12.4375,2.6875,13.03125],"tintindex":0,"rotation":0,"texture":"#0"},"south":{"uv":[2.59375,6.75,1.8125,7.34375],"tintindex":0,"rotation":0,"texture":"#0"},"north":{"uv":[6.21875,6.6875,5.4375,7.28125],"tintindex":0,"rotation":0,"texture":"#0"},"west":{"uv":[5.5625,10.6875,5.4375,11.28125],"tintindex":0,"rotation":0,"texture":"#0"},"up":{"uv":[11.75,9.1875,12.53125,9.0625],"tintindex":0,"rotation":0,"texture":"#0"},"down":{"uv":[11.875,2.5625,12.65625,2.6875],"tintindex":0,"rotation":0,"texture":"#0"}},"rotation":{"origin":[7.964626,-2.4381752,7.7875],"angle":0.0,"axis":"y"}},{"from":[5.214626,-4.563175,5.1625],"to":[10.214626,-3.0631752,11.1625],"faces":{"east":{"uv":[5.5625,13.6875,5.5,14.28125],"tintindex":0,"rotation":0,"texture":"#0"},"south":{"uv":[7.65625,1.75,6.875,2.34375],"tintindex":0,"rotation":0,"texture":"#0"},"north":{"uv":[7.59375,4.0625,6.8125,4.65625],"tintindex":0,"rotation":0,"texture":"#0"},"west":{"uv":[11.4375,13.5625,11.375,14.15625],"tintindex":0,"rotation":0,"texture":"#0"},"up":{"uv":[13.3125,11.6875,14.09375,11.625],"tintindex":0,"rotation":0,"texture":"#0"},"down":{"uv":[13.3125,11.6875,14.09375,11.75],"tintindex":0,"rotation":0,"texture":"#0"}},"rotation":{"origin":[7.714626,-4.063175,8.4125],"angle":0.0,"axis":"x"}},{"from":[5.089626,-4.688175,4.7875],"to":[10.089626,-4.188175,11.2875],"faces":{"east":{"uv":[7.4375,13.5625,7.375,14.1875],"tintindex":0,"rotation":0,"texture":"#0"},"south":{"uv":[7.21875,0.625,6.4375,1.25],"tintindex":0,"rotation":0,"texture":"#0"},"north":{"uv":[7.09375,0.0,6.3125,0.625],"tintindex":0,"rotation":0,"texture":"#0"},"west":{"uv":[3.5625,13.5625,3.5,14.1875],"tintindex":0,"rotation":0,"texture":"#0"},"up":{"uv":[13.3125,11.8125,14.09375,11.75],"tintindex":0,"rotation":0,"texture":"#0"},"down":{"uv":[13.3125,11.8125,14.09375,11.875],"tintindex":0,"rotation":0,"texture":"#0"}},"rotation":{"origin":[7.339626,-4.688175,8.0375],"angle":0.0,"axis":"z"}},{"from":[5.464626,-4.938175,5.5375],"to":[9.964626,5.561825,10.5375],"faces":{"east":{"uv":[0.625,3.8125,1.25,2.5],"tintindex":0,"rotation":0,"texture":"#0"},"south":{"uv":[5.25,3.96875,4.59375,3.4375],"tintindex":0,"rotation":0,"texture":"#0"},"north":{"uv":[5.6875,4.0,4.375,4.53125],"tintindex":0,"rotation":270,"texture":"#0"},"west":{"uv":[5.6875,3.4375,4.375,3.96875],"tintindex":0,"rotation":0,"texture":"#0"},"up":{"uv":[0.625,3.8125,1.25,2.5],"tintindex":0,"rotation":0,"texture":"#0"},"down":{"uv":[1.25,2.5,1.875,3.8125],"tintindex":0,"rotation":0,"texture":"#0"}},"rotation":{"origin":[7.964626,0.3118248,7.7875],"angle":0.0,"axis":"y"}}],"display":{"gui":{"rotation":[30,225,0]}}}