{"textures":{"0":"modelengine:entity/natuibe"},"elements":[{"from":[5.1842046,-3.3518372,7.0481753],"to":[10.184204,-1.3518372,9.048176],"faces":{"east":{"uv":[14.0625,3.875,13.9375,4.0],"tintindex":0,"rotation":0,"texture":"#0"},"south":{"uv":[6.15625,2.375,5.8125,2.5],"tintindex":0,"rotation":0,"texture":"#0"},"north":{"uv":[2.96875,4.3125,2.625,4.4375],"tintindex":0,"rotation":0,"texture":"#0"},"west":{"uv":[14.0625,3.0625,13.9375,3.1875],"tintindex":0,"rotation":0,"texture":"#0"},"up":{"uv":[10.75,6.125,11.09375,6.0],"tintindex":0,"rotation":0,"texture":"#0"},"down":{"uv":[13.375,3.25,13.71875,3.375],"tintindex":0,"rotation":0,"texture":"#0"}},"rotation":{"origin":[7.684204,-2.3518372,8.048176],"angle":45.0,"axis":"y"}},{"from":[5.4352274,-3.3518372,7.211694],"to":[10.435227,-1.3518372,9.211694],"faces":{"east":{"uv":[14.5625,5.375,14.4375,5.5],"tintindex":0,"rotation":0,"texture":"#0"},"south":{"uv":[13.84375,1.625,13.5,1.75],"tintindex":0,"rotation":0,"texture":"#0"},"north":{"uv":[13.84375,1.5,13.5,1.625],"tintindex":0,"rotation":0,"texture":"#0"},"west":{"uv":[14.5625,4.75,14.4375,4.875],"tintindex":0,"rotation":0,"texture":"#0"},"up":{"uv":[13.5,5.0,13.84375,4.875],"tintindex":0,"rotation":0,"texture":"#0"},"down":{"uv":[13.5,5.5625,13.84375,5.6875],"tintindex":0,"rotation":0,"texture":"#0"}},"rotation":{"origin":[7.9352274,-2.3518372,8.211694],"angle":-45.0,"axis":"y"}},{"from":[3.5762343,-4.072773,6.552908],"to":[9.576235,-3.072773,8.552908],"faces":{"east":{"uv":[3.0,14.6875,2.9375,14.84375],"tintindex":0,"rotation":0,"texture":"#0"},"south":{"uv":[13.59375,5.0625,13.25,5.21875],"tintindex":0,"rotation":0,"texture":"#0"},"north":{"uv":[13.59375,4.1875,13.25,4.34375],"tintindex":0,"rotation":0,"texture":"#0"},"west":{"uv":[2.5625,14.6875,2.5,14.84375],"tintindex":0,"rotation":0,"texture":"#0"},"up":{"uv":[14.25,9.6875,14.59375,9.625],"tintindex":0,"rotation":0,"texture":"#0"},"down":{"uv":[9.6875,14.25,10.03125,14.3125],"tintindex":0,"rotation":0,"texture":"#0"}},"rotation":{"origin":[6.576235,-3.072773,9.052908],"angle":-45.0,"axis":"y"}},{"from":[4.70285,-4.1433983,7.1758294],"to":[10.70285,-3.1433983,9.175829],"faces":{"east":{"uv":[4.0,14.6875,3.9375,14.84375],"tintindex":0,"rotation":0,"texture":"#0"},"south":{"uv":[13.65625,6.4375,13.3125,6.59375],"tintindex":0,"rotation":0,"texture":"#0"},"north":{"uv":[13.65625,1.3125,13.3125,1.46875],"tintindex":0,"rotation":0,"texture":"#0"},"west":{"uv":[3.5625,14.6875,3.5,14.84375],"tintindex":0,"rotation":0,"texture":"#0"},"up":{"uv":[14.25,12.3125,14.59375,12.25],"tintindex":0,"rotation":0,"texture":"#0"},"down":{"uv":[14.25,12.3125,14.59375,12.375],"tintindex":0,"rotation":0,"texture":"#0"}},"rotation":{"origin":[7.7028503,-3.1433983,8.675829],"angle":0.0,"axis":"x"}},{"from":[5.3719573,-2.645588,7.0795493],"to":[10.371958,-0.6455879,9.07955],"faces":{"east":{"uv":[3.8125,13.625,3.6875,13.75],"tintindex":0,"rotation":0,"texture":"#0"},"south":{"uv":[14.0,2.625,13.6875,2.75],"tintindex":0,"rotation":0,"texture":"#0"},"north":{"uv":[14.0,2.0,13.6875,2.125],"tintindex":0,"rotation":0,"texture":"#0"},"west":{"uv":[8.0,13.5625,7.875,13.6875],"tintindex":0,"rotation":0,"texture":"#0"},"up":{"uv":[13.6875,4.8125,14.0,4.6875],"tintindex":0,"rotation":0,"texture":"#0"},"down":{"uv":[13.6875,5.25,14.0,5.375],"tintindex":0,"rotation":0,"texture":"#0"}},"rotation":{"origin":[7.871958,-1.6455879,8.07955],"angle":-45.0,"axis":"y"}},{"from":[6.7758503,-3.3518372,5.681923],"to":[8.77585,-1.3518372,10.681923],"faces":{"east":{"uv":[13.1875,14.0,13.0625,14.125],"tintindex":0,"rotation":0,"texture":"#0"},"south":{"uv":[13.71875,10.25,13.375,10.375],"tintindex":0,"rotation":0,"texture":"#0"},"north":{"uv":[13.71875,4.0625,13.375,4.1875],"tintindex":0,"rotation":0,"texture":"#0"},"west":{"uv":[9.625,14.0,9.5,14.125],"tintindex":0,"rotation":0,"texture":"#0"},"up":{"uv":[13.5,0.625,13.84375,0.5],"tintindex":0,"rotation":0,"texture":"#0"},"down":{"uv":[13.5,0.875,13.84375,1.0],"tintindex":0,"rotation":0,"texture":"#0"}},"rotation":{"origin":[7.2758503,-2.3518372,8.681923],"angle":0.0,"axis":"x"}},{"from":[5.568975,-3.3518372,7.120048],"to":[10.568975,-1.3518372,9.1200485],"faces":{"east":{"uv":[14.5625,6.375,14.4375,6.5],"tintindex":0,"rotation":0,"texture":"#0"},"south":{"uv":[13.84375,9.8125,13.5,9.9375],"tintindex":0,"rotation":0,"texture":"#0"},"north":{"uv":[13.84375,5.6875,13.5,5.8125],"tintindex":0,"rotation":0,"texture":"#0"},"west":{"uv":[14.5625,6.25,14.4375,6.375],"tintindex":0,"rotation":0,"texture":"#0"},"up":{"uv":[13.5,10.0625,13.84375,9.9375],"tintindex":0,"rotation":0,"texture":"#0"},"down":{"uv":[13.5,12.25,13.84375,12.375],"tintindex":0,"rotation":0,"texture":"#0"}},"rotation":{"origin":[8.068975,-2.3518372,8.1200485],"angle":0.0,"axis":"x"}},{"from":[5.3012466,-1.6455879,6.991161],"to":[10.301247,0.35441208,8.991161],"faces":{"east":{"uv":[13.0625,6.5,12.9375,6.625],"tintindex":0,"rotation":0,"texture":"#0"},"south":{"uv":[2.875,11.6875,2.5625,11.8125],"tintindex":0,"rotation":0,"texture":"#0"},"north":{"uv":[10.75,8.75,10.4375,8.875],"tintindex":0,"rotation":0,"texture":"#0"},"west":{"uv":[4.125,11.6875,4.0,11.8125],"tintindex":0,"rotation":0,"texture":"#0"},"up":{"uv":[12.8125,4.0625,13.125,3.9375],"tintindex":0,"rotation":0,"texture":"#0"},"down":{"uv":[13.625,3.0625,13.9375,3.1875],"tintindex":0,"rotation":0,"texture":"#0"}},"rotation":{"origin":[7.8012466,-0.6455879,7.991161],"angle":45.0,"axis":"y"}},{"from":[5.0682964,0.17316437,6.328125],"to":[11.068296,8.173164,9.328125],"faces":{"east":{"uv":[10.59375,12.4375,10.0625,12.59375],"tintindex":0,"rotation":0,"texture":"#0"},"south":{"uv":[13.28125,10.75,12.875,10.90625],"tintindex":0,"rotation":0,"texture":"#0"},"north":{"uv":[13.21875,8.75,12.8125,8.90625],"tintindex":0,"rotation":0,"texture":"#0"},"west":{"uv":[12.90625,8.5625,12.375,8.71875],"tintindex":0,"rotation":0,"texture":"#0"},"up":{"uv":[2.6875,11.09375,3.09375,10.5625],"tintindex":0,"rotation":0,"texture":"#0"},"down":{"uv":[3.9375,10.5625,4.34375,11.09375],"tintindex":0,"rotation":0,"texture":"#0"}},"rotation":{"origin":[8.068296,3.6731644,7.328125],"angle":0.0,"axis":"x"}},{"from":[4.550097,-4.1433983,6.896289],"to":[10.550097,-3.1433983,8.89629],"faces":{"east":{"uv":[3.5,14.6875,3.4375,14.84375],"tintindex":0,"rotation":0,"texture":"#0"},"south":{"uv":[13.59375,7.25,13.25,7.40625],"tintindex":0,"rotation":0,"texture":"#0"},"north":{"uv":[13.59375,6.75,13.25,6.90625],"tintindex":0,"rotation":0,"texture":"#0"},"west":{"uv":[3.0625,14.6875,3.0,14.84375],"tintindex":0,"rotation":0,"texture":"#0"},"up":{"uv":[14.25,9.75,14.59375,9.6875],"tintindex":0,"rotation":0,"texture":"#0"},"down":{"uv":[14.25,9.75,14.59375,9.8125],"tintindex":0,"rotation":0,"texture":"#0"}},"rotation":{"origin":[7.5500975,-3.1433983,7.396289],"angle":45.0,"axis":"y"}},{"from":[4.8697476,5.1731644,6.754116],"to":[10.869748,8.173164,9.754116],"faces":{"east":{"uv":[14.28125,4.125,14.0625,4.28125],"tintindex":0,"rotation":0,"texture":"#0"},"south":{"uv":[13.21875,7.25,12.8125,7.40625],"tintindex":0,"rotation":0,"texture":"#0"},"north":{"uv":[13.21875,6.75,12.8125,6.90625],"tintindex":0,"rotation":0,"texture":"#0"},"west":{"uv":[14.28125,2.8125,14.0625,2.96875],"tintindex":0,"rotation":0,"texture":"#0"},"up":{"uv":[12.3125,5.65625,12.71875,5.4375],"tintindex":0,"rotation":0,"texture":"#0"},"down":{"uv":[12.3125,7.5625,12.71875,7.78125],"tintindex":0,"rotation":0,"texture":"#0"}},"rotation":{"origin":[7.869748,6.6731644,8.254116],"angle":45.0,"axis":"y"}},{"from":[5.134913,5.1731644,6.5110483],"to":[11.1349125,8.173164,9.511048],"faces":{"east":{"uv":[14.28125,5.8125,14.0625,5.96875],"tintindex":0,"rotation":0,"texture":"#0"},"south":{"uv":[13.28125,11.125,12.875,11.28125],"tintindex":0,"rotation":0,"texture":"#0"},"north":{"uv":[13.28125,10.9375,12.875,11.09375],"tintindex":0,"rotation":0,"texture":"#0"},"west":{"uv":[14.28125,4.4375,14.0625,4.59375],"tintindex":0,"rotation":0,"texture":"#0"},