{"file_name":"head","texture_size":[64,64],"textures":{"45cce70e-53d2-6de2-f885-e6ddd6f4543f":"modelengine:entity/takatronix"},"elements":[{"name":"cube","from":[-77.71429,-77.714264,-77.71429],"to":[62.85714,446.85715,62.85714],"rotation":{"angle":0.0,"axis":"x","origin":[8.0,8.0,8.0]},"faces":{"down":{"uv":[4.0,0.0,6.0,2.0],"rotation":0,"texture":"#45cce70e-53d2-6de2-f885-e6ddd6f4543f","tintindex":0},"east":{"uv":[0.0,2.0,2.0,4.0],"rotation":0,"texture":"#45cce70e-53d2-6de2-f885-e6ddd6f4543f","tintindex":0},"north":{"uv":[2.0,2.0,4.0,4.0],"rotation":0,"texture":"#45cce70e-53d2-6de2-f885-e6ddd6f4543f","tintindex":0},"south":{"uv":[6.0,2.0,8.0,4.0],"rotation":0,"texture":"#45cce70e-53d2-6de2-f885-e6ddd6f4543f","tintindex":0},"up":{"uv":[2.0,0.0,4.0,2.0],"rotation":0,"texture":"#45cce70e-53d2-6de2-f885-e6ddd6f4543f","tintindex":0},"west":{"uv":[4.0,2.0,6.0,4.0],"rotation":0,"texture":"#45cce70e-53d2-6de2-f885-e6ddd6f4543f","tintindex":0}}}],"display":{"head":{"translation":[115.19999,1542.4,115.19999],"rotation":[0.0,0.0,0.0],"scale":[3.7333333,3.7333333,3.7333333]},"gui":{"translation":[0.0,0.0,0.0],"rotation":[35.0,225.0,0.0],"scale":[0.625,0.625,0.625]}}}