{"file_name":"left_leg","texture_size":[64,64],"textures":{"45cce70e-53d2-6de2-f885-e6ddd6f4543f":"modelengine:entity/takatronix"},"elements":[{"name":"cube","from":[-22.857147,-132.57143,-22.857147],"to":[33.714287,22.571428,35.428574],"rotation":{"angle":0.0,"axis":"x","origin":[68.0,-342.0,8.0]},"faces":{"down":{"uv":[6.0,12.0,7.0,13.0],"rotation":0,"texture":"#45cce70e-53d2-6de2-f885-e6ddd6f4543f","tintindex":0},"east":{"uv":[0.0,5.0,1.0,8.0],"rotation":0,"texture":"#45cce70e-53d2-6de2-f885-e6ddd6f4543f","tintindex":0},"north":{"uv":[1.0,5.0,2.0,8.0],"rotation":0,"texture":"#45cce70e-53d2-6de2-f885-e6ddd6f4543f","tintindex":0},"south":{"uv":[3.0,5.0,4.0,8.0],"rotation":0,"texture":"#45cce70e-53d2-6de2-f885-e6ddd6f4543f","tintindex":0},"up":{"uv":[5.0,12.0,6.0,13.0],"rotation":0,"texture":"#45cce70e-53d2-6de2-f885-e6ddd6f4543f","tintindex":0},"west":{"uv":[2.0,5.0,3.0,8.0],"rotation":0,"texture":"#45cce70e-53d2-6de2-f885-e6ddd6f4543f","tintindex":0}}}],"display":{"head":{"translation":[6.400011,-41.60001,12.800015],"rotation":[0.0,0.0,0.0],"scale":[3.7333333,3.7333333,3.7333333]},"gui":{"translation":[0.0,0.0,0.0],"rotation":[35.0,225.0,0.0],"scale":[0.625,0.625,0.625]}}}