{"file_name":"left_arm","texture_size":[64,64],"textures":{"45cce70e-53d2-6de2-f885-e6ddd6f4543f":"modelengine:entity/takatronix"},"elements":[{"name":"cube","from":[-22.85714,-132.57143,-22.857147],"to":[38.85714,15.714286,35.428574],"rotation":{"angle":0.0,"axis":"x","origin":[208.0,-742.0,8.0]},"faces":{"down":{"uv":[10.0,12.0,11.0,13.0],"rotation":0,"texture":"#45cce70e-53d2-6de2-f885-e6ddd6f4543f","tintindex":0},"east":{"uv":[8.0,13.0,9.0,16.0],"rotation":0,"texture":"#45cce70e-53d2-6de2-f885-e6ddd6f4543f","tintindex":0},"north":{"uv":[9.0,13.0,10.0,16.0],"rotation":0,"texture":"#45cce70e-53d2-6de2-f885-e6ddd6f4543f","tintindex":0},"south":{"uv":[11.0,13.0,12.0,16.0],"rotation":0,"texture":"#45cce70e-53d2-6de2-f885-e6ddd6f4543f","tintindex":0},"up":{"uv":[9.0,12.0,10.0,13.0],"rotation":0,"texture":"#45cce70e-53d2-6de2-f885-e6ddd6f4543f","tintindex":0},"west":{"uv":[10.0,13.0,11.0,16.0],"rotation":0,"texture":"#45cce70e-53d2-6de2-f885-e6ddd6f4543f","tintindex":0}}}],"display":{"head":{"translation":[25.599987,-67.20003,12.800015],"rotation":[0.0,0.0,0.0],"scale":[3.7333333,3.7333333,3.7333333]},"gui":{"translation":[0.0,0.0,0.0],"rotation":[35.0,225.0,0.0],"scale":[0.625,0.625,0.625]}}}