{"file_name":"left_arm","texture_size":[64,64],"textures":{"45cce70e-53d2-6de2-f885-e6ddd6f4543f":"modelengine:entity/takatronix"},"elements":[{"name":"cube","from":[2.8083212,-16.0,2.80832],"to":[13.191681,15.150084,13.19168],"rotation":{"angle":0.0,"axis":"x","origin":[23.575043,-47.150078,8.0]},"faces":{"down":{"uv":[10.0,12.0,11.0,13.0],"rotation":0,"texture":"#45cce70e-53d2-6de2-f885-e6ddd6f4543f","tintindex":0},"east":{"uv":[8.0,13.0,9.0,16.0],"rotation":0,"texture":"#45cce70e-53d2-6de2-f885-e6ddd6f4543f","tintindex":0},"north":{"uv":[9.0,13.0,10.0,16.0],"rotation":0,"texture":"#45cce70e-53d2-6de2-f885-e6ddd6f4543f","tintindex":0},"south":{"uv":[11.0,13.0,12.0,16.0],"rotation":0,"texture":"#45cce70e-53d2-6de2-f885-e6ddd6f4543f","tintindex":0},"up":{"uv":[9.0,12.0,10.0,13.0],"rotation":0,"texture":"#45cce70e-53d2-6de2-f885-e6ddd6f4543f","tintindex":0},"west":{"uv":[10.0,13.0,11.0,16.0],"rotation":0,"texture":"#45cce70e-53d2-6de2-f885-e6ddd6f4543f","tintindex":0}}}],"display":{"head":{"translation":[0.0,-24.506376,0.0],"rotation":[0.0,0.0,0.0],"scale":[3.8095,3.8095,3.8095]},"gui":{"translation":[0.0,0.0,0.0],"rotation":[35.0,225.0,0.0],"scale":[0.625,0.625,0.625]}}}