{"file_name":"right_arm","texture_size":[64,64],"textures":{"45cce70e-53d2-6de2-f885-e6ddd6f4543f":"modelengine:entity/takatronix"},"elements":[{"name":"cube","from":[2.8083189,-16.0,2.80832],"to":[13.191679,15.150084,13.19168],"rotation":{"angle":0.0,"axis":"x","origin":[-7.575041,-47.150078,8.0]},"faces":{"down":{"uv":[12.0,4.0,13.0,5.0],"rotation":0,"texture":"#45cce70e-53d2-6de2-f885-e6ddd6f4543f","tintindex":0},"east":{"uv":[10.0,5.0,11.0,8.0],"rotation":0,"texture":"#45cce70e-53d2-6de2-f885-e6ddd6f4543f","tintindex":0},"north":{"uv":[11.0,5.0,12.0,8.0],"rotation":0,"texture":"#45cce70e-53d2-6de2-f885-e6ddd6f4543f","tintindex":0},"south":{"uv":[13.0,5.0,14.0,8.0],"rotation":0,"texture":"#45cce70e-53d2-6de2-f885-e6ddd6f4543f","tintindex":0},"up":{"uv":[11.0,4.0,12.0,5.0],"rotation":0,"texture":"#45cce70e-53d2-6de2-f885-e6ddd6f4543f","tintindex":0},"west":{"uv":[12.0,5.0,13.0,8.0],"rotation":0,"texture":"#45cce70e-53d2-6de2-f885-e6ddd6f4543f","tintindex":0}}}],"display":{"head":{"translation":[0.0,-24.506376,0.0],"rotation":[0.0,0.0,0.0],"scale":[3.8095,3.8095,3.8095]},"gui":{"translation":[0.0,0.0,0.0],"rotation":[35.0,225.0,0.0],"scale":[0.625,0.625,0.625]}}}