{"file_name":"shroom","texture_size":[64,64],"textures":{"be9a863c-adb3-23f2-1cb9-12888b7fb05f":"modelengine:entity/shroominvis"},"elements":[{"name":"cube","from":[6.8,1.6999998,6.8],"to":[9.2,5.8999996,9.2],"rotation":{"angle":0.0,"axis":"x","origin":[8.0,1.6999998,8.0]},"faces":{"down":{"uv":[2.0,8.0,1.5,8.5],"rotation":0,"texture":"#be9a863c-adb3-23f2-1cb9-12888b7fb05f","tintindex":0},"east":{"uv":[8.0,0.0,8.5,1.25],"rotation":0,"texture":"#be9a863c-adb3-23f2-1cb9-12888b7fb05f","tintindex":0},"north":{"uv":[0.0,8.0,0.5,9.25],"rotation":0,"texture":"#be9a863c-adb3-23f2-1cb9-12888b7fb05f","tintindex":0},"south":{"uv":[0.5,8.0,1.0,9.25],"rotation":0,"texture":"#be9a863c-adb3-23f2-1cb9-12888b7fb05f","tintindex":0},"up":{"uv":[8.5,1.75,8.0,1.25],"rotation":0,"texture":"#be9a863c-adb3-23f2-1cb9-12888b7fb05f","tintindex":0},"west":{"uv":[1.0,8.0,1.5,9.25],"rotation":0,"texture":"#be9a863c-adb3-23f2-1cb9-12888b7fb05f","tintindex":0}}},{"name":"cube","from":[3.7999997,5.8999996,3.7999997],"to":[12.2,10.1,12.2],"rotation":{"angle":0.0,"axis":"x","origin":[8.0,8.0,8.0]},"faces":{"down":{"uv":[4.0,4.0,0.0,8.0],"rotation":0,"texture":"#be9a863c-adb3-23f2-1cb9-12888b7fb05f","tintindex":0},"east":{"uv":[4.0,2.25,8.0,4.5],"rotation":0,"texture":"#be9a863c-adb3-23f2-1cb9-12888b7fb05f","tintindex":0},"north":{"uv":[4.0,0.0,8.0,2.25],"rotation":0,"texture":"#be9a863c-adb3-23f2-1cb9-12888b7fb05f","tintindex":0},"south":{"uv":[4.0,4.5,8.0,6.75],"rotation":0,"texture":"#be9a863c-adb3-23f2-1cb9-12888b7fb05f","tintindex":0},"up":{"uv":[4.0,4.0,0.0,0.0],"rotation":0,"texture":"#be9a863c-adb3-23f2-1cb9-12888b7fb05f","tintindex":0},"west":{"uv":[4.0,6.75,8.0,9.0],"rotation":0,"texture":"#be9a863c-adb3-23f2-1cb9-12888b7fb05f","tintindex":0}}}],"display":{"head":{"translation":[0.0,-6.4,0.0],"rotation":[0.0,0.0,0.0],"scale":[3.8095,3.8095,3.8095]},"gui":{"translation":[0.0,0.0,0.0],"rotation":[35.0,225.0,0.0],"scale":[0.625,0.625,0.625]}}}