{"textures":{"0":"modelengine:entity/new_abyss_memory"},"elements":[{"from":[19.6339,5.2565384,0.013989925],"to":[23.51715,8.694038,7.20149],"faces":{"east":{"uv":[14.0,10.0,16.0,12.0],"tintindex":0,"rotation":270,"texture":"#0"},"south":{"uv":[14.0,10.0,16.0,12.0],"tintindex":0,"rotation":270,"texture":"#0"},"north":{"uv":[14.0,10.0,16.0,12.0],"tintindex":0,"rotation":270,"texture":"#0"},"west":{"uv":[14.0,10.0,16.0,12.0],"tintindex":0,"rotation":270,"texture":"#0"},"up":{"uv":[14.0,10.0,16.0,12.0],"tintindex":0,"rotation":270,"texture":"#0"},"down":{"uv":[14.0,10.0,16.0,12.0],"tintindex":0,"rotation":270,"texture":"#0"}},"rotation":{"origin":[21.816189,9.94619,-1.2295399],"angle":22.5,"axis":"z"}},{"from":[22.89753,7.8328705,0.013989925],"to":[26.33503,11.716118,7.20149],"faces":{"east":{"uv":[14.0,10.0,16.0,12.0],"tintindex":0,"rotation":270,"texture":"#0"},"south":{"uv":[14.0,10.0,16.0,12.0],"tintindex":0,"rotation":270,"texture":"#0"},"north":{"uv":[14.0,10.0,16.0,12.0],"tintindex":0,"rotation":270,"texture":"#0"},"west":{"uv":[14.0,10.0,16.0,12.0],"tintindex":0,"rotation":270,"texture":"#0"},"up":{"uv":[14.0,10.0,16.0,12.0],"tintindex":0,"rotation":270,"texture":"#0"},"down":{"uv":[14.0,10.0,16.0,12.0],"tintindex":0,"rotation":270,"texture":"#0"}},"rotation":{"origin":[21.816189,9.94619,-1.2295399],"angle":-22.5,"axis":"z"}},{"from":[16.888031,8.0024185,0.013989925],"to":[20.325531,11.8856735,7.20149],"faces":{"east":{"uv":[14.0,10.0,16.0,12.0],"tintindex":0,"rotation":270,"texture":"#0"},"south":{"uv":[14.0,10.0,16.0,12.0],"tintindex":0,"rotation":270,"texture":"#0"},"north":{"uv":[14.0,10.0,16.0,12.0],"tintindex":0,"rotation":270,"texture":"#0"},"west":{"uv":[14.0,10.0,16.0,12.0],"tintindex":0,"rotation":270,"texture":"#0"},"up":{"uv":[14.0,10.0,16.0,12.0],"tintindex":0,"rotation":270,"texture":"#0"},"down":{"uv":[14.0,10.0,16.0,12.0],"tintindex":0,"rotation":270,"texture":"#0"}},"rotation":{"origin":[21.816189,9.94619,-1.2295399],"angle":22.5,"axis":"z"}},{"from":[19.70591,11.024498,0.013989925],"to":[23.58916,14.461998,7.20149],"faces":{"east":{"uv":[14.0,10.0,16.0,12.0],"tintindex":0,"rotation":270,"texture":"#0"},"south":{"uv":[14.0,10.0,16.0,12.0],"tintindex":0,"rotation":270,"texture":"#0"},"north":{"uv":[14.0,10.0,16.0,12.0],"tintindex":0,"rotation":270,"texture":"#0"},"west":{"uv":[14.0,10.0,16.0,12.0],"tintindex":0,"rotation":270,"texture":"#0"},"up":{"uv":[14.0,10.0,16.0,12.0],"tintindex":0,"rotation":270,"texture":"#0"},"down":{"uv":[14.0,10.0,16.0,12.0],"tintindex":0,"rotation":270,"texture":"#0"}},"rotation":{"origin":[21.816189,9.94619,-1.2295399],"angle":-22.5,"axis":"z"}},{"from":[22.825531,8.0024185,0.013989925],"to":[26.263031,11.8856735,7.20149],"faces":{"east":{"uv":[14.0,10.0,16.0,12.0],"tintindex":0,"rotation":270,"texture":"#0"},"south":{"uv":[14.0,10.0,16.0,12.0],"tintindex":0,"rotation":270,"texture":"#0"},"north":{"uv":[14.0,10.0,16.0,12.0],"tintindex":0,"rotation":270,"texture":"#0"},"west":{"uv":[14.0,10.0,16.0,12.0],"tintindex":0,"rotation":270,"texture":"#0"},"up":{"uv":[14.0,10.0,16.0,12.0],"tintindex":0,"rotation":270,"texture":"#0"},"down":{"uv":[14.0,10.0,16.0,12.0],"tintindex":0,"rotation":270,"texture":"#0"}},"rotation":{"origin":[21.816189,9.94619,-1.2295399],"angle":22.5,"axis":"z"}},{"from":[19.70591,5.086998,0.013989925],"to":[23.58916,8.524498,7.20149],"faces":{"east":{"uv":[14.0,10.0,16.0,12.0],"tintindex":0,"rotation":270,"texture":"#0"},"south":{"uv":[14.0,10.0,16.0,12.0],"tintindex":0,"rotation":270,"texture":"#0"},"north":{"uv":[14.0,10.0,16.0,12.0],"tintindex":0,"rotation":270,"texture":"#0"},"west":{"uv":[14.0,10.0,16.0,12.0],"tintindex":0,"rotation":270,"texture":"#0"},"up":{"uv":[14.0,10.0,16.0,12.0],"tintindex":0,"rotation":270,"texture":"#0"},"down":{"uv":[14.0,10.0,16.0,12.0],"tintindex":0,"rotation":270,"texture":"#0"}},"rotation":{"origin":[21.816189,9.94619,-1.2295399],"angle":-22.5,"axis":"z"}},{"from":[19.6339,11.194038,0.013989925],"to":[23.51715,14.631538,7.20149],"faces":{"east":{"uv":[14.0,10.0,16.0,12.0],"tintindex":0,"rotation":270,"texture":"#0"},"south":{"uv":[14.0,10.0,16.0,12.0],"tintindex":0,"rotation":270,"texture":"#0"},"north":{"uv":[14.0,10.0,16.0,12.0],"tintindex":0,"rotation":270,"texture":"#0"},"west":{"uv":[14.0,10.0,16.0,12.0],"tintindex":0,"rotation":270,"texture":"#0"},"up":{"uv":[14.0,10.0,16.0,12.0],"tintindex":0,"rotation":270,"texture":"#0"},"down":{"uv":[14.0,10.0,16.0,12.0],"tintindex":0,"rotation":270,"texture":"#0"}},"rotation":{"origin":[21.816189,9.94619,-1.2295399],"angle":22.5,"axis":"z"}},{"from":[16.96003,7.8328705,0.013989925],"to":[20.39753,11.716118,7.20149],"faces":{"east":{"uv":[14.0,10.0,16.0,12.0],"tintindex":0,"rotation":270,"texture":"#0"},"south":{"uv":[14.0,10.0,16.0,12.0],"tintindex":0,"rotation":270,"texture":"#0"},"north":{"uv":[14.0,10.0,16.0,12.0],"tintindex":0,"rotation":270,"texture":"#0"},"west":{"uv":[14.0,10.0,16.0,12.0],"tintindex":0,"rotation":270,"texture":"#0"},"up":{"uv":[14.0,10.0,16.0,12.0],"tintindex":0,"rotation":270,"texture":"#0"},"down":{"uv":[14.0,10.0,16.0,12.0],"tintindex":0,"rotation":270,"texture":"#0"}},"rotation":{"origin":[21.816189,9.94619,-1.2295399],"angle":-22.5,"axis":"z"}}],"display":{"gui":{"rotation":[30,225,0]}}}