{"elements":[{"from":[6.3823347,14.210266,-1.4746933],"to":[11.986568,21.485453,5.8004923],"rotation":{"angle":-45.0,"axis":"x","origin":[24.935165,18.816017,18.864105]},"faces":{"east":{"uv":[5.75,3.375,6.625,4.25],"rotation":0,"texture":"#1","tintindex":0},"south":{"uv":[6.625,3.375,7.375,4.25],"rotation":0,"texture":"#1","tintindex":0},"north":{"uv":[6.625,3.375,7.375,4.25],"rotation":0,"texture":"#1","tintindex":0},"west":{"uv":[5.75,3.375,6.625,4.25],"rotation":0,"texture":"#1","tintindex":0},"up":{"uv":[6.625,3.375,7.375,4.25],"rotation":180,"texture":"#1","tintindex":0},"down":{"uv":[6.625,3.375,7.375,4.25],"rotation":180,"texture":"#1","tintindex":0}}},{"from":[3.364708,6.476313,-9.364319],"to":[9.90298,12.646128,4.9631367],"rotation":{"angle":-22.5,"axis":"x","origin":[20.264973,21.618134,12.325832]},"faces":{"east":{"uv":[7.375,3.375,9.625,4.25],"rotation":0,"texture":"#1","tintindex":0},"south":{"uv":[7.625,4.25,8.5,5.125],"rotation":0,"texture":"#1","tintindex":0},"north":{"uv":[7.625,4.25,8.5,5.125],"rotation":0,"texture":"#1","tintindex":0},"west":{"uv":[8.5,4.25,10.75,5.125],"rotation":0,"texture":"#1","tintindex":0},"up":{"uv":[13.125,3.0,14.0,5.25],"rotation":180,"texture":"#1","tintindex":0},"down":{"uv":[15.0,2.0,15.875,4.25],"rotation":180,"texture":"#1","tintindex":0}}}],"textures":{"1":"modelengine:entity/spring_boss_color_1_1"},"display":{"head":{"translation":[0.0,-6.4,0.0],"scale":[4.0,4.0,4.0]}}}