{"elements":[{"from":[6.1081123,5.654659,3.5418448],"to":[9.1012745,9.092861,5.521381],"rotation":{"angle":-22.5,"axis":"x","origin":[10.639767,14.596978,15.126736]},"faces":{"east":{"uv":[5.0,4.125,5.75,4.45],"rotation":0,"texture":"#1","tintindex":0},"south":{"uv":[7.125,4.25,7.25,4.55],"rotation":0,"texture":"#1","tintindex":0},"north":{"uv":[7.125,4.25,7.25,4.55],"rotation":0,"texture":"#1","tintindex":0},"west":{"uv":[5.0,4.125,5.75,4.425],"rotation":0,"texture":"#1","tintindex":0},"up":{"uv":[7.25,4.25,7.625,5.0],"rotation":180,"texture":"#1","tintindex":0},"down":{"uv":[7.25,4.25,7.625,5.0],"rotation":180,"texture":"#1","tintindex":0}}},{"from":[2.8199544,2.2901306,9.4884615],"to":[4.1366363,5.212494,11.467998],"rotation":{"angle":-45.0,"axis":"y","origin":[10.639767,14.596978,15.126736]},"faces":{"east":{"uv":[5.0,4.125,5.75,4.45],"rotation":0,"texture":"#1","tintindex":0},"south":{"uv":[7.125,4.25,7.25,4.55],"rotation":0,"texture":"#1","tintindex":0},"north":{"uv":[7.125,4.25,7.25,4.55],"rotation":0,"texture":"#1","tintindex":0},"west":{"uv":[5.0,4.125,5.75,4.425],"rotation":0,"texture":"#1","tintindex":0},"up":{"uv":[7.25,4.25,7.625,5.0],"rotation":180,"texture":"#1","tintindex":0},"down":{"uv":[7.25,4.25,7.625,5.0],"rotation":180,"texture":"#1","tintindex":0}}},{"from":[8.711544,2.2901306,4.8198514],"to":[10.028226,5.212494,6.5414677],"rotation":{"angle":0.0,"axis":"y","origin":[18.397085,13.810193,5.5516996]},"faces":{"east":{"uv":[5.0,4.125,5.75,4.45],"rotation":0,"texture":"#1","tintindex":0},"south":{"uv":[7.125,4.25,7.25,4.55],"rotation":0,"texture":"#1","tintindex":0},"north":{"uv":[7.125,4.25,7.25,4.55],"rotation":0,"texture":"#1","tintindex":0},"west":{"uv":[5.0,4.125,5.75,4.425],"rotation":0,"texture":"#1","tintindex":0},"up":{"uv":[7.25,4.25,7.625,5.0],"rotation":180,"texture":"#1","tintindex":0},"down":{"uv":[7.25,4.25,7.625,5.0],"rotation":180,"texture":"#1","tintindex":0}}},{"from":[10.848501,2.2901306,-2.52954],"to":[12.165183,5.212494,-0.8079243],"rotation":{"angle":45.0,"axis":"y","origin":[17.890026,13.810193,4.5855055]},"faces":{"east":{"uv":[5.0,4.125,5.75,4.45],"rotation":0,"texture":"#1","tintindex":0},"south":{"uv":[7.125,4.25,7.25,4.55],"rotation":0,"texture":"#1","tintindex":0},"north":{"uv":[7.125,4.25,7.25,4.55],"rotation":0,"texture":"#1","tintindex":0},"west":{"uv":[5.0,4.125,5.75,4.425],"rotation":0,"texture":"#1","tintindex":0},"up":{"uv":[7.25,4.25,7.625,5.0],"rotation":180,"texture":"#1","tintindex":0},"down":{"uv":[7.25,4.25,7.625,5.0],"rotation":180,"texture":"#1","tintindex":0}}},{"from":[6.532597,3.3218107,1.0041313],"to":[7.849279,4.6966534,2.9836674],"rotation":{"angle":22.5,"axis":"y","origin":[17.981216,13.100912,6.867014]},"faces":{"east":{"uv":[5.0,4.125,5.75,4.45],"rotation":0,"texture":"#1","tintindex":0},"south":{"uv":[7.125,4.25,7.25,4.55],"rotation":0,"texture":"#1","tintindex":0},"north":{"uv":[7.125,4.25,7.25,4.55],"rotation":0,"texture":"#1","tintindex":0},"west":{"uv":[5.0,4.125,5.75,4.425],"rotation":0,"texture":"#1","tintindex":0},"up":{"uv":[7.25,4.25,7.625,5.0],"rotation":180,"texture":"#1","tintindex":0},"down":{"uv":[7.25,4.25,7.625,5.0],"rotation":180,"texture":"#1","tintindex":0}}},{"from":[5.44687,3.3218107,8.463604],"to":[6.7635517,4.6966534,10.44314],"rotation":{"angle":-22.5,"axis":"y","origin":[16.8955,13.100912,7.417364]},"faces":{"east":{"uv":[5.0,4.125,5.75,4.45],"rotation":0,"texture":"#1","tintindex":0},"south":{"uv":[7.125,4.25,7.25,4.55],"rotation":0,"texture":"#1","tintindex":0},"north":{"uv":[7.125,4.25,7.25,4.55],"rotation":0,"texture":"#1","tintindex":0},"west":{"uv":[5.0,4.125,5.75,4.425],"rotation":0,"texture":"#1","tintindex":0},"up":{"uv":[7.25,4.25,7.625,5.0],"rotation":180,"texture":"#1","tintindex":0},"down":{"uv":[7.25,4.25,7.625,5.0],"rotation":180,"texture":"#1","tintindex":0}}},{"from":[6.4693294,-2.9797554,1.3298202],"to":[8.430811,32.0,3.2913017],"rotation":{"angle":-22.5,"axis":"x","origin":[13.451223,14.531594,13.296019]},"faces":{"east":{"uv":[0.0,4.625,0.375,11.25],"rotation":0,"texture":"#1","tintindex":0},"south":{"uv":[0.0,4.625,0.375,11.25],"rotation":0,"texture":"#1","tintindex":0},"north":{"uv":[0.0,4.625,0.375,11.25],"rotation":0,"texture":"#1","tintindex":0},"west":{"uv":[0.0,4.625,0.375,11.25],"rotation":0,"texture":"#1","tintindex":0},"up":{"uv":[3.125,4.125,3.5,4.5],"rotation":180,"texture":"#1","tintindex":0},"down":{"uv":[3.125,4.125,3.5,4.5],"rotation":180,"texture":"#1","tintindex":0}}},{"from":[3.8720746,23.200415,-6.4799976],"to":[11.064175,30.065601,6.596546],"rotation":{"angle":-22.5,"axis":"x","origin":[5.677515,21.069866,14.603673]},"faces":{"east":{"uv":[0.375,4.625,2.875,6.0],"rotation":0,"texture":"#1","tintindex":0},"south":{"uv":[2.875,4.625,4.25,6.0],"rotation":0,"texture":"#1","tintindex":0},"north":{"uv":[2.875,4.625,4.25,6.0],"rotation":0,"texture":"#1","tintindex":0},"west":{"uv":[0.375,4.625,2.875,6.0],"rotation":0,"texture":"#1","tintindex":0},"up":{"uv":[4.25,4.5,5.625,7.0],"rotation":180,"texture":"#1","tintindex":0},"down":{"uv":[4.25,4.5,5.625,7.0],"rotation":180,"texture":"#1","tintindex":0}}}],"textures":{"1":"modelengine:entity/spring_boss_color_1_1"},"display":{"head":{"translation":[0.0,4.9708877,0.0],"scale":[4.0,4.0,4.0]}}}