{"elements":[{"from":[2.7324219,7.6549177,2.4849653],"to":[14.109015,13.922319,10.732529],"rotation":{"angle":0.0,"axis":"y","origin":[22.129333,24.047724,29.039618]},"faces":{"east":{"uv":[12.0,6.0,12.375,6.75],"rotation":0,"texture":"#1","tintindex":0},"south":{"uv":[11.875,6.0,12.25,6.75],"rotation":0,"texture":"#1","tintindex":0},"north":{"uv":[11.375,6.0,12.875,6.875],"rotation":0,"texture":"#1","tintindex":0},"west":{"uv":[12.0,6.0,12.375,6.75],"rotation":0,"texture":"#1","tintindex":0},"up":{"uv":[11.875,6.0,12.25,6.75],"rotation":180,"texture":"#1","tintindex":0},"down":{"uv":[0.0,0.0,14.0,9.0],"rotation":180,"texture":"#1","tintindex":0}}},{"from":[2.3639646,12.820963,-6.7619276],"to":[4.8018064,16.071419,-4.324086],"rotation":{"angle":-22.5,"axis":"x","origin":[16.847353,22.422497,14.818866]},"faces":{"east":{"uv":[14.5,4.875,14.6,4.975],"rotation":0,"texture":"#1","tintindex":0},"south":{"uv":[14.5,4.875,14.6,4.975],"rotation":0,"texture":"#1","tintindex":0},"north":{"uv":[14.5,4.875,14.6,4.975],"rotation":0,"texture":"#1","tintindex":0},"west":{"uv":[14.5,4.875,14.6,4.975],"rotation":0,"texture":"#1","tintindex":0},"up":{"uv":[14.5,4.875,14.6,4.975],"rotation":0,"texture":"#1","tintindex":0},"down":{"uv":[14.5,4.875,14.6,4.975],"rotation":0,"texture":"#1","tintindex":0}}},{"from":[11.204541,8.461747,1.9761629],"to":[14.333571,9.152935,3.6013908],"rotation":{"angle":-22.5,"axis":"z","origin":[18.47258,28.110792,15.225183]},"faces":{"east":{"uv":[0.125,3.125,0.125,3.37344],"rotation":0,"texture":"#1","tintindex":0},"south":{"uv":[0.125,3.125,0.125,3.37344],"rotation":0,"texture":"#1","tintindex":0},"north":{"uv":[0.125,3.27969,0.19722,3.425],"rotation":0,"texture":"#1","tintindex":0},"west":{"uv":[0.125,3.125,0.125,3.37344],"rotation":0,"texture":"#1","tintindex":0},"up":{"uv":[0.1625,3.125,0.25,3.34844],"rotation":180,"texture":"#1","tintindex":0},"down":{"uv":[0.125,3.125,0.125,3.37344],"rotation":180,"texture":"#1","tintindex":0}}},{"from":[4.4642625,18.312908,2.0673556],"to":[7.5932927,19.004099,3.6925836],"rotation":{"angle":22.5,"axis":"z","origin":[24.160877,28.110792,15.225183]},"faces":{"east":{"uv":[0.125,3.0,0.14405,3.625],"rotation":0,"texture":"#1","tintindex":0},"south":{"uv":[0.15357,3.0,0.20119,3.625],"rotation":0,"texture":"#1","tintindex":0},"north":{"uv":[0.25,3.23438,0.24405,3.42969],"rotation":0,"texture":"#1","tintindex":0},"west":{"uv":[0.125,3.0,0.14405,3.625],"rotation":0,"texture":"#1","tintindex":0},"up":{"uv":[0.15357,3.0,0.20119,3.625],"rotation":180,"texture":"#1","tintindex":0},"down":{"uv":[0.15357,3.0,0.20119,3.625],"rotation":180,"texture":"#1","tintindex":0}}},{"from":[2.7324219,2.808527,-1.1383314],"to":[14.109015,7.68421,8.613034],"rotation":{"angle":0.0,"axis":"y","origin":[22.129333,19.17204,29.039618]},"faces":{"east":{"uv":[5.625,4.875,6.875,5.5],"rotation":0,"texture":"#1","tintindex":0},"south":{"uv":[11.875,6.125,12.0,6.625],"rotation":0,"texture":"#1","tintindex":0},"north":{"uv":[5.625,5.5,6.875,6.125],"rotation":0,"texture":"#1","tintindex":0},"west":{"uv":[6.875,4.875,5.625,5.5],"rotation":0,"texture":"#1","tintindex":0},"up":{"uv":[6.875,5.125,8.75,6.875],"rotation":180,"texture":"#1","tintindex":0},"down":{"uv":[8.75,5.125,10.625,6.875],"rotation":180,"texture":"#1","tintindex":0}}},{"from":[4.5747075,6.30887,-0.03296089],"to":[12.266729,11.184553,8.613034],"rotation":{"angle":0.0,"axis":"y","origin":[22.129333,19.17204,29.039618]},"faces":{"east":{"uv":[5.625,4.875,6.875,5.5],"rotation":0,"texture":"#1","tintindex":0},"south":{"uv":[9.25,5.625,9.875,6.0],"rotation":0,"texture":"#1","tintindex":0},"north":{"uv":[5.625,5.5,6.875,6.125],"rotation":0,"texture":"#1","tintindex":0},"west":{"uv":[6.875,4.875,5.625,5.5],"rotation":0,"texture":"#1","tintindex":0},"up":{"uv":[8.975,6.3,10.35,6.675],"rotation":180,"texture":"#1","tintindex":0},"down":{"uv":[8.75,5.125,10.625,6.875],"rotation":180,"texture":"#1","tintindex":0}}},{"from":[13.270131,15.076639,-8.209909],"to":[14.895358,18.327095,-6.5846815],"rotation":{"angle":-22.5,"axis":"x","origin":[0.3171482,24.860338,13.193639]},"faces":{"east":{"uv":[14.5,4.875,14.6,4.975],"rotation":0,"texture":"#1","tintindex":0},"south":{"uv":[14.5,4.875,14.6,4.975],"rotation":0,"texture":"#1","tintindex":0},"north":{"uv":[14.5,4.875,14.6,4.975],"rotation":0,"texture":"#1","tintindex":0},"west":{"uv":[14.5,4.875,14.6,4.975],"rotation":0,"texture":"#1","tintindex":0},"up":{"uv":[14.5,4.875,14.6,4.975],"rotation":0,"texture":"#1","tintindex":0},"down":{"uv":[14.5,4.875,14.6,4.975],"rotation":0,"texture":"#1","tintindex":0}}},{"from":[13.43754,17.790272,-8.695057],"to":[14.250153,19.4155,-7.80118],"rotation":{"angle":-22.5,"axis":"x","origin":[-0.007886887,27.29818,12.218517]},"faces":{"east":{"uv":[14.5,4.875,14.6,4.975],"rotation":0,"texture":"#1","tintindex":0},"south":{"uv":[14.5,4.875,14.6,4.975],"rotation":0,"texture":"#1","tintindex":0},"north":{"uv":[14.5,4.875,14.6,4.975],"rotation":0,"texture":"#1","tintindex":0},"west":{"uv":[14.5,4.875,14.6,4.975],"rotation":0,"texture":"#1","tintindex":0},"up":{"uv":[14.5,4.875,14.6,4.975],"rotation":0,"texture":"#1","tintindex":0},"down":{"uv":[14.5,4.875,14.6,4.975],"rotation":0,"texture":"#1","tintindex":0}}},{"from":[12.189593,12.820963,-6.7619276],"to":[14.627435,16.071419,-4.324086],"rotation":{"angle":-22.5,"axis":"x","origin":[-1.1455526,22.422497,14.818866]},"faces":{"east":{"uv":[14.5,4.875,14.6,4.975],"rotation":0,"texture":"#1","tintindex":0},"south":{"uv":[14.5,4.875,14.6,4.975],"rotation":0,"texture":"#1","tintindex":0},"north":{"uv":[14.5,4.875,14.6,4.975],"rotation":0,"texture":"#1","tintindex":0},"west":{"uv":[14.5,4.875,14.6,4.975],"rotation":0,"texture":"#1","tintindex":0},"up":{"uv":[14.5,4.875,14.6,4.975],"rotation":0,"texture":"#1","tintindex":0},"down":{"uv":[14.5,4.875,14.6,4.975],"rotation":0,"texture":"#1","tintindex":0}}},{"from":[2.0960407,15.076639,-8.209909],"to":[3.7212687,18.327095,-6.5846815],"rotation":{"angle":-22.5,"axis":"x","origin":[15.384651,24.860338,13.193639]},"faces":{"east":{"uv":[14.5,4.875,14.6,4.975],"rotation":0,"texture":"#1","tintindex":0},"south":{"uv":[14.5,4.875,14.6,4.975],"rotation":0,"texture":"#1","tintindex":0},"north":{"uv":[14.5,4.875,14.6,4.975],"rotation":0,"texture":"#1","tintindex":0},"west":{"uv":[14.5,4.875,14.6,4.975],"rotation":0,"texture":"#1","tintindex":0},"up":{"uv":[14.5,4.875,14.6,4.975],"rotation":0,"texture":"#1","tintindex":0},"down":{"uv":[14.5,4.875,14.6,4.975],"rotation":0,"texture":"#1","tintindex":0}}},{"from":[2.7412462,17.790272,-8.695057],"to":[3.5538602,19.4155,-7.80118],"rotation":{"angle":-22.5,"axis":"x","origin":[15.709685,27.29818,12.218517]},"faces":{"east":{"uv":[14.5,4.875,14.6,4.975],"rotation":0,"texture":"#1","tintindex":0},"south":{"uv":[14.5,4.875,14.6,4.975],"rotation":0,"texture":"#1","tintindex":0},"north":{"uv":[14.5,4.875,14.6,4.975],"rotation":0,"texture":"#1","tintindex":0},"west":{"uv":[14.5,4.875,14.6,4.975],"rotation":0,"texture":"#1","tintindex":0},"up":{"uv":[14.5,4.875,14.6,4.975],"rotation":0,"texture":"#1","tintindex":0},"down":{"uv":[14.5,4.875,14.6,4.975],"rotation":0,"texture":"#1","tintindex":0}}}],"textures":{"1":"modelengine:entity/spring_boss_color_1_1"},"display":{"head":{"translation":[0.0,-6.4,0.0],"scale":[4.0,4.0,4.0]}}}