{"textures":{"1":"modelengine:entity/spring_boss_color_1_1"},"elements":[{"from":[12.757847,16.566488,-6.6081734],"to":[13.4688835,17.988562,-5.8260326],"faces":{"east":{"uv":[14.5,4.875,14.6,4.975],"tintindex":0,"rotation":0,"texture":"#1"},"south":{"uv":[14.5,4.875,14.6,4.975],"tintindex":0,"rotation":0,"texture":"#1"},"north":{"uv":[14.5,4.875,14.6,4.975],"tintindex":0,"rotation":0,"texture":"#1"},"west":{"uv":[14.5,4.875,14.6,4.975],"tintindex":0,"rotation":0,"texture":"#1"},"up":{"uv":[14.5,4.875,14.6,4.975],"tintindex":0,"rotation":0,"texture":"#1"},"down":{"uv":[14.5,4.875,14.6,4.975],"tintindex":0,"rotation":0,"texture":"#1"}},"rotation":{"origin":[0.9930997,24.885908,11.691202],"angle":-22.5,"axis":"x"}},{"from":[3.3908691,7.6980534,3.1743445],"to":[13.345388,13.182028,10.390963],"faces":{"east":{"uv":[12.0,6.0,12.375,6.75],"tintindex":0,"rotation":0,"texture":"#1"},"south":{"uv":[11.875,6.0,12.25,6.75],"tintindex":0,"rotation":0,"texture":"#1"},"north":{"uv":[11.375,6.0,12.875,6.875],"tintindex":0,"rotation":0,"texture":"#1"},"west":{"uv":[12.0,6.0,12.375,6.75],"tintindex":0,"rotation":0,"texture":"#1"},"up":{"uv":[11.875,6.0,12.25,6.75],"tintindex":0,"rotation":180,"texture":"#1"},"down":{"uv":[0.0,0.0,14.0,9.0],"tintindex":0,"rotation":180,"texture":"#1"}}},{"from":[4.90623,17.023794,2.8089366],"to":[7.644131,17.628584,4.231011],"faces":{"east":{"uv":[0.125,3.0,0.14405,3.625],"tintindex":0,"rotation":0,"texture":"#1"},"south":{"uv":[0.15357,3.0,0.20119,3.625],"tintindex":0,"rotation":0,"texture":"#1"},"north":{"uv":[0.25,3.23438,0.24405,3.42969],"tintindex":0,"rotation":0,"texture":"#1"},"west":{"uv":[0.125,3.0,0.14405,3.625],"tintindex":0,"rotation":0,"texture":"#1"},"up":{"uv":[0.15357,3.0,0.20119,3.625],"tintindex":0,"rotation":180,"texture":"#1"},"down":{"uv":[0.15357,3.0,0.20119,3.625],"tintindex":0,"rotation":180,"texture":"#1"}},"rotation":{"origin":[22.140766,25.596945,14.322035],"angle":22.5,"axis":"z"}},{"from":[12.611364,14.19206,-6.18367],"to":[14.033438,17.036207,-4.7615967],"faces":{"east":{"uv":[14.5,4.875,14.6,4.975],"tintindex":0,"rotation":0,"texture":"#1"},"south":{"uv":[14.5,4.875,14.6,4.975],"tintindex":0,"rotation":0,"texture":"#1"},"north":{"uv":[14.5,4.875,14.6,4.975],"tintindex":0,"rotation":0,"texture":"#1"},"west":{"uv":[14.5,4.875,14.6,4.975],"tintindex":0,"rotation":0,"texture":"#1"},"up":{"uv":[14.5,4.875,14.6,4.975],"tintindex":0,"rotation":0,"texture":"#1"},"down":{"uv":[14.5,4.875,14.6,4.975],"tintindex":0,"rotation":0,"texture":"#1"}},"rotation":{"origin":[1.2775049,22.752794,12.544434],"angle":-22.5,"axis":"x"}},{"from":[3.398591,16.566488,-6.6081734],"to":[4.1096277,17.988562,-5.8260326],"faces":{"east":{"uv":[14.5,4.875,14.6,4.975],"tintindex":0,"rotation":0,"texture":"#1"},"south":{"uv":[14.5,4.875,14.6,4.975],"tintindex":0,"rotation":0,"texture":"#1"},"north":{"uv":[14.5,4.875,14.6,4.975],"tintindex":0,"rotation":0,"texture":"#1"},"west":{"uv":[14.5,4.875,14.6,4.975],"tintindex":0,"rotation":0,"texture":"#1"},"up":{"uv":[14.5,4.875,14.6,4.975],"tintindex":0,"rotation":0,"texture":"#1"},"down":{"uv":[14.5,4.875,14.6,4.975],"tintindex":0,"rotation":0,"texture":"#1"}},"rotation":{"origin":[14.745975,24.885908,11.691202],"angle":-22.5,"axis":"x"}},{"from":[5.0028696,6.520262,0.9711604],"to":[11.733389,10.786484,8.536406],"faces":{"east":{"uv":[5.625,4.875,6.875,5.5],"tintindex":0,"rotation":0,"texture":"#1"},"south":{"uv":[9.25,5.625,9.875,6.0],"tintindex":0,"rotation":0,"texture":"#1"},"north":{"uv":[5.625,5.5,6.875,6.125],"tintindex":0,"rotation":0,"texture":"#1"},"west":{"uv":[6.875,4.875,5.625,5.5],"tintindex":0,"rotation":0,"texture":"#1"},"up":{"uv":[8.975,6.3,10.35,6.675],"tintindex":0,"rotation":180,"texture":"#1"},"down":{"uv":[8.75,5.125,10.625,6.875],"tintindex":0,"rotation":180,"texture":"#1"}}},{"from":[2.8340364,14.19206,-6.18367],"to":[4.25611,17.036207,-4.7615967],"faces":{"east":{"uv":[14.5,4.875,14.6,4.975],"tintindex":0,"rotation":0,"texture":"#1"},"south":{"uv":[14.5,4.875,14.6,4.975],"tintindex":0,"rotation":0,"texture":"#1"},"north":{"uv":[14.5,4.875,14.6,4.975],"tintindex":0,"rotation":0,"texture":"#1"},"west":{"uv":[14.5,4.875,14.6,4.975],"tintindex":0,"rotation":0,"texture":"#1"},"up":{"uv":[14.5,4.875,14.6,4.975],"tintindex":0,"rotation":0,"texture":"#1"},"down":{"uv":[14.5,4.875,14.6,4.975],"tintindex":0,"rotation":0,"texture":"#1"}},"rotation":{"origin":[14.461569,22.752794,12.544434],"angle":-22.5,"axis":"x"}},{"from":[11.665894,12.218342,-4.916687],"to":[13.7990055,15.06249,-2.783575],"faces":{"east":{"uv":[14.5,4.875,14.6,4.975],"tintindex":0,"rotation":0,"texture":"#1"},"south":{"uv":[14.5,4.875,14.6,4.975],"tintindex":0,"rotation":0,"texture":"#1"},"north":{"uv":[14.5,4.875,14.6,4.975],"tintindex":0,"rotation":0,"texture":"#1"},"west":{"uv":[14.5,4.875,14.6,4.975],"tintindex":0,"rotation":0,"texture":"#1"},"up":{"uv":[14.5,4.875,14.6,4.975],"tintindex":0,"rotation":0,"texture":"#1"},"down":{"uv":[14.5,4.875,14.6,4.975],"tintindex":0,"rotation":0,"texture":"#1"}},"rotation":{"origin":[-0.0023584366,20.619684,13.966508],"angle":-22.5,"axis":"x"}},{"from":[3.3908691,3.4574604,0.0039601326],"to":[13.345388,7.7236843,8.536406],"faces":{"east":{"uv":[5.625,4.875,6.875,5.5],"tintindex":0,"rotation":0,"texture":"#1"},"south":{"uv":[11.875,6.125,12.0,6.625],"tintindex":0,"rotation":0,"texture":"#1"},"north":{"uv":[5.625,5.5,6.875,6.125],"tintindex":0,"rotation":0,"texture":"#1"},"west":{"uv":[6.875,4.875,5.625,5.5],"tintindex":0,"rotation":0,"texture":"#1"},"up":{"uv":[6.875,5.125,8.75,6.875],"tintindex":0,"rotation":180,"texture":"#1"},"down":{"uv":[8.75,5.125,10.625,6.875],"tintindex":0,"rotation":180,"texture":"#1"}}},{"from":[3.0684695,12.218342,-4.916687],"to":[5.2015805,15.06249,-2.783575],"faces":{"east":{"uv":[14.5,4.875,14.6,4.975],"tintindex":0,"rotation":0,"texture":"#1"},"south":{"uv":[14.5,4.875,14.6,4.975],"tintindex":0,"rotation":0,"texture":"#1"},"north":{"uv":[14.5,4.875,14.6,4.975],"tintindex":0,"rotation":0,"texture":"#1"},"west":{"uv":[14.5,4.875,14.6,4.975],"tintindex":0,"rotation":0,"texture":"#1"},"up":{"uv":[14.5,4.875,14.6,4.975],"tintindex":0,"rotation":0,"texture":"#1"},"down":{"uv":[14.5,4.875,14.6,4.975],"tintindex":0,"rotation":0,"texture":"#1"}},"rotation":{"origin":[15.741432,20.619684,13.966508],"angle":-22.5,"axis":"x"}},{"from":[10.803974,8.404028,2.7291427],"to":[13.541876,9.008818,4.151217],"faces":{"north":{"uv":[0.125,3.27969,0.19722,3.425],"tintindex":0,"rotation":0,"texture":"#1"},"up":{"uv":[0.1625,3.125,0.25,3.34844],"tintindex":0,"rotation":180,"texture":"#1"}},"rotation":{"origin":[17.163506,25.596945,14.322035],"angle":-22.5,"axis":"z"}}],"display":{"gui":{"rotation":[30,225,0]}}}