{"textures":{"1":"modelengine:entity/spring_boss_color_1_1"},"elements":[{"from":[6.5845423,13.433981,-0.2903576],"to":[11.488247,19.79977,6.075431],"faces":{"east":{"uv":[5.75,3.375,6.625,4.25],"tintindex":0,"rotation":0,"texture":"#1"},"south":{"uv":[6.625,3.375,7.375,4.25],"tintindex":0,"rotation":0,"texture":"#1"},"north":{"uv":[6.625,3.375,7.375,4.25],"tintindex":0,"rotation":0,"texture":"#1"},"west":{"uv":[5.75,3.375,6.625,4.25],"tintindex":0,"rotation":0,"texture":"#1"},"up":{"uv":[6.625,3.375,7.375,4.25],"tintindex":0,"rotation":180,"texture":"#1"},"down":{"uv":[6.625,3.375,7.375,4.25],"tintindex":0,"rotation":180,"texture":"#1"}},"rotation":{"origin":[22.81827,17.464014,17.50609],"angle":-45.0,"axis":"x"}},{"from":[3.9441185,6.666773,-7.193779],"to":[9.665107,12.065361,5.342745],"faces":{"east":{"uv":[7.375,3.375,9.625,4.25],"tintindex":0,"rotation":0,"texture":"#1"},"south":{"uv":[7.625,4.25,8.5,5.125],"tintindex":0,"rotation":0,"texture":"#1"},"north":{"uv":[7.625,4.25,8.5,5.125],"tintindex":0,"rotation":0,"texture":"#1"},"west":{"uv":[8.5,4.25,10.75,5.125],"tintindex":0,"rotation":0,"texture":"#1"},"up":{"uv":[13.125,3.0,14.0,5.25],"tintindex":0,"rotation":180,"texture":"#1"},"down":{"uv":[15.0,2.0,15.875,4.25],"tintindex":0,"rotation":180,"texture":"#1"}},"rotation":{"origin":[18.73185,19.915865,11.785103],"angle":-22.5,"axis":"x"}}],"display":{"gui":{"rotation":[30,225,0]}}}