{"textures":{"1":"modelengine:entity/spring_boss_color_1_1"},"elements":[{"from":[10.373751,5.6107106,-0.7746172],"to":[11.470986,8.046013,0.66006374],"faces":{"east":{"uv":[5.0,4.125,5.75,4.45],"tintindex":0,"rotation":0,"texture":"#1"},"south":{"uv":[7.125,4.25,7.25,4.55],"tintindex":0,"rotation":0,"texture":"#1"},"north":{"uv":[7.125,4.25,7.25,4.55],"tintindex":0,"rotation":0,"texture":"#1"},"west":{"uv":[5.0,4.125,5.75,4.425],"tintindex":0,"rotation":0,"texture":"#1"},"up":{"uv":[7.25,4.25,7.625,5.0],"tintindex":0,"rotation":180,"texture":"#1"},"down":{"uv":[7.25,4.25,7.625,5.0],"tintindex":0,"rotation":180,"texture":"#1"}},"rotation":{"origin":[16.24169,15.210762,5.1545887],"angle":45.0,"axis":"y"}},{"from":[6.7771645,6.4704437,2.1701093],"to":[7.874399,7.616146,3.8197231],"faces":{"east":{"uv":[5.0,4.125,5.75,4.45],"tintindex":0,"rotation":0,"texture":"#1"},"south":{"uv":[7.125,4.25,7.25,4.55],"tintindex":0,"rotation":0,"texture":"#1"},"north":{"uv":[7.125,4.25,7.25,4.55],"tintindex":0,"rotation":0,"texture":"#1"},"west":{"uv":[5.0,4.125,5.75,4.425],"tintindex":0,"rotation":0,"texture":"#1"},"up":{"uv":[7.25,4.25,7.625,5.0],"tintindex":0,"rotation":180,"texture":"#1"},"down":{"uv":[7.25,4.25,7.625,5.0],"tintindex":0,"rotation":180,"texture":"#1"}},"rotation":{"origin":[16.317678,14.619696,7.0558453],"angle":22.5,"axis":"y"}},{"from":[6.4234266,8.414483,4.2848706],"to":[8.917728,11.279654,5.9344845],"faces":{"east":{"uv":[5.0,4.125,5.75,4.45],"tintindex":0,"rotation":0,"texture":"#1"},"south":{"uv":[7.125,4.25,7.25,4.55],"tintindex":0,"rotation":0,"texture":"#1"},"north":{"uv":[7.125,4.25,7.25,4.55],"tintindex":0,"rotation":0,"texture":"#1"},"west":{"uv":[5.0,4.125,5.75,4.425],"tintindex":0,"rotation":0,"texture":"#1"},"up":{"uv":[7.25,4.25,7.625,5.0],"tintindex":0,"rotation":180,"texture":"#1"},"down":{"uv":[7.25,4.25,7.625,5.0],"tintindex":0,"rotation":180,"texture":"#1"}},"rotation":{"origin":[10.199806,15.866416,13.938946],"angle":-22.5,"axis":"x"}},{"from":[3.6832957,5.6107106,9.240385],"to":[4.78053,8.046013,10.889998],"faces":{"east":{"uv":[5.0,4.125,5.75,4.45],"tintindex":0,"rotation":0,"texture":"#1"},"south":{"uv":[7.125,4.25,7.25,4.55],"tintindex":0,"rotation":0,"texture":"#1"},"north":{"uv":[7.125,4.25,7.25,4.55],"tintindex":0,"rotation":0,"texture":"#1"},"west":{"uv":[5.0,4.125,5.75,4.425],"tintindex":0,"rotation":0,"texture":"#1"},"up":{"uv":[7.25,4.25,7.625,5.0],"tintindex":0,"rotation":180,"texture":"#1"},"down":{"uv":[7.25,4.25,7.625,5.0],"tintindex":0,"rotation":180,"texture":"#1"}},"rotation":{"origin":[10.199806,15.866416,13.938946],"angle":-45.0,"axis":"y"}},{"from":[5.8723917,6.4704437,8.386336],"to":[6.969626,7.616146,10.03595],"faces":{"east":{"uv":[5.0,4.125,5.75,4.45],"tintindex":0,"rotation":0,"texture":"#1"},"south":{"uv":[7.125,4.25,7.25,4.55],"tintindex":0,"rotation":0,"texture":"#1"},"north":{"uv":[7.125,4.25,7.25,4.55],"tintindex":0,"rotation":0,"texture":"#1"},"west":{"uv":[5.0,4.125,5.75,4.425],"tintindex":0,"rotation":0,"texture":"#1"},"up":{"uv":[7.25,4.25,7.625,5.0],"tintindex":0,"rotation":180,"texture":"#1"},"down":{"uv":[7.25,4.25,7.625,5.0],"tintindex":0,"rotation":180,"texture":"#1"}},"rotation":{"origin":[15.412918,14.619696,7.5144706],"angle":-22.5,"axis":"y"}},{"from":[4.5600624,23.035948,-4.0666637],"to":[10.553479,28.756935,6.830456],"faces":{"east":{"uv":[0.375,4.625,2.875,6.0],"tintindex":0,"rotation":0,"texture":"#1"},"south":{"uv":[2.875,4.625,4.25,6.0],"tintindex":0,"rotation":0,"texture":"#1"},"north":{"uv":[2.875,4.625,4.25,6.0],"tintindex":0,"rotation":0,"texture":"#1"},"west":{"uv":[0.375,4.625,2.875,6.0],"tintindex":0,"rotation":0,"texture":"#1"},"up":{"uv":[4.25,4.5,5.625,7.0],"tintindex":0,"rotation":180,"texture":"#1"},"down":{"uv":[4.25,4.5,5.625,7.0],"tintindex":0,"rotation":180,"texture":"#1"}},"rotation":{"origin":[6.064596,21.26049,13.503061],"angle":-22.5,"axis":"x"}},{"from":[6.7244415,1.2191391,2.4415174],"to":[8.35901,30.368935,4.0760846],"faces":{"east":{"uv":[0.0,4.625,0.375,11.25],"tintindex":0,"rotation":0,"texture":"#1"},"south":{"uv":[0.0,4.625,0.375,11.25],"tintindex":0,"rotation":0,"texture":"#1"},"north":{"uv":[0.0,4.625,0.375,11.25],"tintindex":0,"rotation":0,"texture":"#1"},"west":{"uv":[0.0,4.625,0.375,11.25],"tintindex":0,"rotation":0,"texture":"#1"},"up":{"uv":[3.125,4.125,3.5,4.5],"tintindex":0,"rotation":180,"texture":"#1"},"down":{"uv":[3.125,4.125,3.5,4.5],"tintindex":0,"rotation":180,"texture":"#1"}},"rotation":{"origin":[12.542687,15.811931,12.413349],"angle":-22.5,"axis":"x"}},{"from":[8.592954,5.6107106,5.349877],"to":[9.690188,8.046013,6.7845564],"faces":{"east":{"uv":[5.0,4.125,5.75,4.45],"tintindex":0,"rotation":0,"texture":"#1"},"south":{"uv":[7.125,4.25,7.25,4.55],"tintindex":0,"rotation":0,"texture":"#1"},"north":{"uv":[7.125,4.25,7.25,4.55],"tintindex":0,"rotation":0,"texture":"#1"},"west":{"uv":[5.0,4.125,5.75,4.425],"tintindex":0,"rotation":0,"texture":"#1"},"up":{"uv":[7.25,4.25,7.625,5.0],"tintindex":0,"rotation":180,"texture":"#1"},"down":{"uv":[7.25,4.25,7.625,5.0],"tintindex":0,"rotation":180,"texture":"#1"}}}],"display":{"gui":{"rotation":[30,225,0]}}}