{"elements":[{"from":[5.8581934,2.9563093,6.358054],"to":[11.462427,10.231497,13.633241],"rotation":{"angle":45.0,"axis":"x","origin":[8.66031,4.38316,9.811419]},"faces":{"east":{"uv":[5.75,3.375,6.625,4.25],"rotation":0,"texture":"#1","tintindex":0},"south":{"uv":[6.625,3.375,7.375,4.25],"rotation":0,"texture":"#1","tintindex":0},"north":{"uv":[6.625,3.375,7.375,4.25],"rotation":0,"texture":"#1","tintindex":0},"west":{"uv":[5.75,3.375,6.625,4.25],"rotation":0,"texture":"#1","tintindex":0},"up":{"uv":[6.625,3.375,7.375,4.25],"rotation":180,"texture":"#1","tintindex":0},"down":{"uv":[6.625,3.375,7.375,4.25],"rotation":180,"texture":"#1","tintindex":0}}},{"from":[7.9417815,5.032879,-6.8529224],"to":[14.480054,11.571151,8.395678],"rotation":{"angle":-22.5,"axis":"x","origin":[22.266418,18.332413,15.205687]},"faces":{"east":{"uv":[7.375,3.375,9.625,4.25],"rotation":0,"texture":"#1","tintindex":0},"south":{"uv":[7.625,4.25,8.5,5.125],"rotation":0,"texture":"#1","tintindex":0},"north":{"uv":[7.625,4.25,8.5,5.125],"rotation":0,"texture":"#1","tintindex":0},"west":{"uv":[8.5,4.25,10.75,5.125],"rotation":0,"texture":"#1","tintindex":0},"up":{"uv":[15.0,2.0,15.875,4.25],"rotation":180,"texture":"#1","tintindex":0},"down":{"uv":[13.125,3.0,14.0,5.25],"rotation":180,"texture":"#1","tintindex":0}}},{"from":[9.112499,-1.7319946,-8.857275],"to":[13.756902,2.9124079,-5.0953264],"rotation":{"angle":-22.5,"axis":"x","origin":[24.330702,15.127758,-4.0996265]},"faces":{"east":{"uv":[5.0,4.125,5.75,4.5],"rotation":0,"texture":"#1","tintindex":0},"south":{"uv":[6.875,4.25,7.25,4.625],"rotation":0,"texture":"#1","tintindex":0},"north":{"uv":[6.875,4.25,7.25,4.625],"rotation":0,"texture":"#1","tintindex":0},"west":{"uv":[5.0,4.125,5.75,4.5],"rotation":0,"texture":"#1","tintindex":0},"up":{"uv":[7.25,4.25,7.625,5.0],"rotation":180,"texture":"#1","tintindex":0},"down":{"uv":[6.0,4.25,6.5,4.875],"rotation":180,"texture":"#1","tintindex":0}}},{"from":[16.2184,-2.1391582,1.3943653],"to":[18.099373,2.219874,4.222274],"rotation":{"angle":45.0,"axis":"y","origin":[6.146603,15.810509,8.667415]},"faces":{"east":{"uv":[5.75,4.125,5.0,4.425],"rotation":0,"texture":"#1","tintindex":0},"south":{"uv":[7.25,4.25,7.125,4.55],"rotation":0,"texture":"#1","tintindex":0},"north":{"uv":[7.25,4.25,7.125,4.55],"rotation":0,"texture":"#1","tintindex":0},"west":{"uv":[5.75,4.125,5.0,4.45],"rotation":0,"texture":"#1","tintindex":0},"up":{"uv":[7.625,4.25,7.25,5.0],"rotation":180,"texture":"#1","tintindex":0},"down":{"uv":[7.625,4.25,7.25,5.0],"rotation":180,"texture":"#1","tintindex":0}}},{"from":[8.125605,-2.1391582,-6.793619],"to":[10.006578,2.219874,-3.5972538],"rotation":{"angle":0.0,"axis":"y","origin":[-4.935281,14.68653,-5.0112066]},"faces":{"east":{"uv":[5.75,4.125,5.0,4.425],"rotation":0,"texture":"#1","tintindex":0},"south":{"uv":[7.25,4.25,7.125,4.55],"rotation":0,"texture":"#1","tintindex":0},"north":{"uv":[7.25,4.25,7.125,4.55],"rotation":0,"texture":"#1","tintindex":0},"west":{"uv":[5.75,4.125,5.0,4.45],"rotation":0,"texture":"#1","tintindex":0},"up":{"uv":[7.625,4.25,7.25,5.0],"rotation":180,"texture":"#1","tintindex":0},"down":{"uv":[7.625,4.25,7.25,5.0],"rotation":180,"texture":"#1","tintindex":0}}},{"from":[9.3735695,-2.1391582,-12.270882],"to":[11.833021,2.219874,-10.389908],"rotation":{"angle":22.5,"axis":"y","origin":[22.517633,14.870759,-6.395317]},"faces":{"east":{"uv":[7.25,4.25,7.125,4.55],"rotation":0,"texture":"#1","tintindex":0},"south":{"uv":[5.75,4.125,5.0,4.425],"rotation":0,"texture":"#1","tintindex":0},"north":{"uv":[5.75,4.125,5.0,4.45],"rotation":0,"texture":"#1","tintindex":0},"west":{"uv":[7.25,4.25,7.125,4.55],"rotation":0,"texture":"#1","tintindex":0},"up":{"uv":[7.625,4.25,7.25,5.0],"rotation":270,"texture":"#1","tintindex":0},"down":{"uv":[7.625,4.25,7.25,5.0],"rotation":90,"texture":"#1","tintindex":0}}},{"from":[10.872251,-0.48110104,-12.611576],"to":[12.753224,1.4829602,-9.7836685],"rotation":{"angle":-22.5,"axis":"y","origin":[-4.34118,13.673273,-3.132186]},"faces":{"east":{"uv":[5.75,4.125,5.0,4.425],"rotation":0,"texture":"#1","tintindex":0},"south":{"uv":[7.25,4.25,7.125,4.55],"rotation":0,"texture":"#1","tintindex":0},"north":{"uv":[7.25,4.25,7.125,4.55],"rotation":0,"texture":"#1","tintindex":0},"west":{"uv":[5.75,4.125,5.0,4.45],"rotation":0,"texture":"#1","tintindex":0},"up":{"uv":[7.625,4.25,7.25,5.0],"rotation":180,"texture":"#1","tintindex":0},"down":{"uv":[7.625,4.25,7.25,5.0],"rotation":180,"texture":"#1","tintindex":0}}},{"from":[16.772484,-0.48110104,-16.0],"to":[18.653458,1.4829602,-13.172092],"rotation":{"angle":45.0,"axis":"y","origin":[26.310753,14.870759,-4.9461193]},"faces":{"east":{"uv":[5.75,4.125,5.0,4.425],"rotation":0,"texture":"#1","tintindex":0},"south":{"uv":[7.25,4.25,7.125,4.55],"rotation":0,"texture":"#1","tintindex":0},"north":{"uv":[7.25,4.25,7.125,4.55],"rotation":0,"texture":"#1","tintindex":0},"west":{"uv":[5.75,4.125,5.0,4.45],"rotation":0,"texture":"#1","tintindex":0},"up":{"uv":[7.625,4.25,7.25,5.0],"rotation":180,"texture":"#1","tintindex":0},"down":{"uv":[7.625,4.25,7.25,5.0],"rotation":180,"texture":"#1","tintindex":0}}}],"textures":{"1":"modelengine:entity/spring_boss_color_1_1"},"display":{"head":{"translation":[0.0,-6.4,-11.511955],"scale":[4.0,4.0,4.0]}}}