{"textures":{"1":"modelengine:entity/spring_boss_color_1_1"},"elements":[{"from":[6.1259193,3.586771,4.0450573],"to":[11.029623,9.9525585,10.410845],"faces":{"east":{"uv":[5.75,3.375,6.625,4.25],"tintindex":0,"rotation":0,"texture":"#1"},"south":{"uv":[6.625,3.375,7.375,4.25],"tintindex":0,"rotation":0,"texture":"#1"},"north":{"uv":[6.625,3.375,7.375,4.25],"tintindex":0,"rotation":0,"texture":"#1"},"west":{"uv":[5.75,3.375,6.625,4.25],"tintindex":0,"rotation":0,"texture":"#1"},"up":{"uv":[6.625,3.375,7.375,4.25],"tintindex":0,"rotation":180,"texture":"#1"},"down":{"uv":[6.625,3.375,7.375,4.25],"tintindex":0,"rotation":180,"texture":"#1"}},"rotation":{"origin":[8.577771,4.835265,7.0667515],"angle":45.0,"axis":"x"}},{"from":[9.201873,-0.8717632,-12.25526],"to":[11.353893,2.9423904,-10.609409],"faces":{"east":{"uv":[7.25,4.25,7.125,4.55],"tintindex":0,"rotation":0,"texture":"#1"},"south":{"uv":[5.75,4.125,5.0,4.425],"tintindex":0,"rotation":0,"texture":"#1"},"north":{"uv":[5.75,4.125,5.0,4.45],"tintindex":0,"rotation":0,"texture":"#1"},"west":{"uv":[7.25,4.25,7.125,4.55],"tintindex":0,"rotation":0,"texture":"#1"},"up":{"uv":[7.625,4.25,7.25,5.0],"tintindex":0,"rotation":270,"texture":"#1"},"down":{"uv":[7.625,4.25,7.25,5.0],"tintindex":0,"rotation":90,"texture":"#1"}},"rotation":{"origin":[20.702929,14.011913,-7.1141415],"angle":22.5,"axis":"y"}},{"from":[15.191097,-0.8717632,-0.2981701],"to":[16.83695,2.9423904,2.1762495],"faces":{"east":{"uv":[5.75,4.125,5.0,4.425],"tintindex":0,"rotation":0,"texture":"#1"},"south":{"uv":[7.25,4.25,7.125,4.55],"tintindex":0,"rotation":0,"texture":"#1"},"north":{"uv":[7.25,4.25,7.125,4.55],"tintindex":0,"rotation":0,"texture":"#1"},"west":{"uv":[5.75,4.125,5.0,4.45],"tintindex":0,"rotation":0,"texture":"#1"},"up":{"uv":[7.625,4.25,7.25,5.0],"tintindex":0,"rotation":180,"texture":"#1"},"down":{"uv":[7.625,4.25,7.25,5.0],"tintindex":0,"rotation":180,"texture":"#1"}},"rotation":{"origin":[6.378278,14.834194,6.0657477],"angle":45.0,"axis":"y"}},{"from":[10.513219,0.5790367,-12.553368],"to":[12.159071,2.2975903,-10.078949],"faces":{"east":{"uv":[5.75,4.125,5.0,4.425],"tintindex":0,"rotation":0,"texture":"#1"},"south":{"uv":[7.25,4.25,7.125,4.55],"tintindex":0,"rotation":0,"texture":"#1"},"north":{"uv":[7.25,4.25,7.125,4.55],"tintindex":0,"rotation":0,"texture":"#1"},"west":{"uv":[5.75,4.125,5.0,4.45],"tintindex":0,"rotation":0,"texture":"#1"},"up":{"uv":[7.625,4.25,7.25,5.0],"tintindex":0,"rotation":180,"texture":"#1"},"down":{"uv":[7.625,4.25,7.25,5.0],"tintindex":0,"rotation":180,"texture":"#1"}},"rotation":{"origin":[-2.7985325,12.964113,-4.2589035],"angle":-22.5,"axis":"y"}},{"from":[15.675922,0.5790367,-15.51824],"to":[17.321775,2.2975903,-13.043819],"faces":{"east":{"uv":[5.75,4.125,5.0,4.425],"tintindex":0,"rotation":0,"texture":"#1"},"south":{"uv":[7.25,4.25,7.125,4.55],"tintindex":0,"rotation":0,"texture":"#1"},"north":{"uv":[7.25,4.25,7.125,4.55],"tintindex":0,"rotation":0,"texture":"#1"},"west":{"uv":[5.75,4.125,5.0,4.45],"tintindex":0,"rotation":0,"texture":"#1"},"up":{"uv":[7.625,4.25,7.25,5.0],"tintindex":0,"rotation":180,"texture":"#1"},"down":{"uv":[7.625,4.25,7.25,5.0],"tintindex":0,"rotation":180,"texture":"#1"}},"rotation":{"origin":[24.021908,14.011913,-5.846094],"angle":45.0,"axis":"y"}},{"from":[7.9490585,5.4037695,-7.5145454],"to":[13.670047,11.124758,5.8279777],"faces":{"east":{"uv":[7.375,3.375,9.625,4.25],"tintindex":0,"rotation":0,"texture":"#1"},"south":{"uv":[7.625,4.25,8.5,5.125],"tintindex":0,"rotation":0,"texture":"#1"},"north":{"uv":[7.625,4.25,8.5,5.125],"tintindex":0,"rotation":0,"texture":"#1"},"west":{"uv":[8.5,4.25,10.75,5.125],"tintindex":0,"rotation":0,"texture":"#1"},"up":{"uv":[15.0,2.0,15.875,4.25],"tintindex":0,"rotation":180,"texture":"#1"},"down":{"uv":[13.125,3.0,14.0,5.25],"tintindex":0,"rotation":180,"texture":"#1"}},"rotation":{"origin":[20.483116,17.040861,11.786736],"angle":-22.5,"axis":"x"}},{"from":[8.973436,-0.51549435,-9.268354],"to":[13.037289,3.548357,-5.97665],"faces":{"east":{"uv":[5.0,4.125,5.75,4.5],"tintindex":0,"rotation":0,"texture":"#1"},"south":{"uv":[6.875,4.25,7.25,4.625],"tintindex":0,"rotation":0,"texture":"#1"},"north":{"uv":[6.875,4.25,7.25,4.625],"tintindex":0,"rotation":0,"texture":"#1"},"west":{"uv":[5.0,4.125,5.75,4.5],"tintindex":0,"rotation":0,"texture":"#1"},"up":{"uv":[7.25,4.25,7.625,5.0],"tintindex":0,"rotation":180,"texture":"#1"},"down":{"uv":[6.0,4.25,6.5,4.875],"tintindex":0,"rotation":180,"texture":"#1"}},"rotation":{"origin":[22.289362,14.236788,-5.1054115],"angle":-22.5,"axis":"x"}},{"from":[8.109904,-0.8717632,-7.462656],"to":[9.755756,2.9423904,-4.6658363],"faces":{"east":{"uv":[5.75,4.125,5.0,4.425],"tintindex":0,"rotation":0,"texture":"#1"},"south":{"uv":[7.25,4.25,7.125,4.55],"tintindex":0,"rotation":0,"texture":"#1"},"north":{"uv":[7.25,4.25,7.125,4.55],"tintindex":0,"rotation":0,"texture":"#1"},"west":{"uv":[5.75,4.125,5.0,4.45],"tintindex":0,"rotation":0,"texture":"#1"},"up":{"uv":[7.625,4.25,7.25,5.0],"tintindex":0,"rotation":180,"texture":"#1"},"down":{"uv":[7.625,4.25,7.25,5.0],"tintindex":0,"rotation":180,"texture":"#1"}}}],"display":{"gui":{"rotation":[30,225,0]}}}