{"file_name":"right2","texture_size":[16,16],"textures":{"50a821af-1581-1098-36c8-766e6ce59273":"modelengine:entity/magicalbook"},"elements":[{"name":"right2","from":[8.0,10.28,3.9499998],"to":[9.5,12.38,13.55],"rotation":{"angle":0.0,"axis":"x","origin":[8.875,11.24,7.8383946]},"faces":{"down":{"uv":[16.0,9.25,14.0,10.5],"rotation":270,"texture":"#50a821af-1581-1098-36c8-766e6ce59273","tintindex":0},"east":{"uv":[9.0,1.75,16.0,5.25],"rotation":0,"texture":"#50a821af-1581-1098-36c8-766e6ce59273","tintindex":0},"north":{"uv":[0.0,2.75,3.5,10.0],"rotation":0,"texture":"#50a821af-1581-1098-36c8-766e6ce59273","tintindex":0},"south":{"uv":[5.25,1.75,8.75,9.0],"rotation":0,"texture":"#50a821af-1581-1098-36c8-766e6ce59273","tintindex":0},"up":{"uv":[16.0,0.0,14.0,1.25],"rotation":90,"texture":"#50a821af-1581-1098-36c8-766e6ce59273","tintindex":0},"west":{"uv":[0.0,12.5,7.75,16.0],"rotation":0,"texture":"#50a821af-1581-1098-36c8-766e6ce59273","tintindex":0}}}],"display":{"head":{"translation":[0.0,-6.4,0.0],"rotation":[0.0,0.0,0.0],"scale":[3.8095,3.8095,3.8095]},"gui":{"translation":[0.0,0.0,0.0],"rotation":[35.0,225.0,0.0],"scale":[0.625,0.625,0.625]}}}