{"file_name":"under","texture_size":[16,16],"textures":{"50a821af-1581-1098-36c8-766e6ce59273":"modelengine:entity/magicalbook"},"elements":[{"name":"under","from":[11.3,8.0,9.155001],"to":[14.288,8.9,18.815],"rotation":{"angle":0.0,"axis":"x","origin":[13.674999,10.4,13.088395]},"faces":{"down":{"uv":[0.0,0.0,2.5,1.0],"rotation":270,"texture":"#50a821af-1581-1098-36c8-766e6ce59273","tintindex":0},"east":{"uv":[6.75,0.0,13.75,1.5],"rotation":0,"texture":"#50a821af-1581-1098-36c8-766e6ce59273","tintindex":0},"north":{"uv":[6.5,0.0,3.0,1.5],"rotation":0,"texture":"#50a821af-1581-1098-36c8-766e6ce59273","tintindex":0},"south":{"uv":[6.5,0.0,3.0,1.5],"rotation":0,"texture":"#50a821af-1581-1098-36c8-766e6ce59273","tintindex":0},"up":{"uv":[0.0,2.5,2.5,1.25],"rotation":90,"texture":"#50a821af-1581-1098-36c8-766e6ce59273","tintindex":0},"west":{"uv":[13.75,0.0,6.75,1.5],"rotation":0,"texture":"#50a821af-1581-1098-36c8-766e6ce59273","tintindex":0}}}],"display":{"head":{"translation":[0.0,-6.4,0.0],"rotation":[0.0,0.0,0.0],"scale":[3.8095,3.8095,3.8095]},"gui":{"translation":[0.0,0.0,0.0],"rotation":[35.0,225.0,0.0],"scale":[0.625,0.625,0.625]}}}