{"elements":[{"from":[7.270526,-4.957239,6.6889925],"to":[9.05624,10.757048,7.224707],"rotation":{"angle":0.0,"axis":"y","origin":[8.165615,4.1104984,7.801059]},"faces":{"east":{"uv":[10.0,10.0,11.0,11.0],"rotation":270,"texture":"#0","tintindex":0},"south":{"uv":[10.0,10.0,11.0,11.0],"rotation":270,"texture":"#0","tintindex":0},"north":{"uv":[10.0,10.0,11.0,11.0],"rotation":270,"texture":"#0","tintindex":0},"west":{"uv":[10.0,10.0,11.0,11.0],"rotation":270,"texture":"#0","tintindex":0},"up":{"uv":[10.0,10.0,11.0,11.0],"rotation":270,"texture":"#0","tintindex":0},"down":{"uv":[10.0,10.0,11.0,11.0],"rotation":270,"texture":"#0","tintindex":0}}},{"from":[7.270526,-4.957239,8.296136],"to":[9.05624,10.757048,8.83185],"rotation":{"angle":0.0,"axis":"y","origin":[8.165615,4.1104984,7.801059]},"faces":{"east":{"uv":[10.0,10.0,11.0,11.0],"rotation":270,"texture":"#0","tintindex":0},"south":{"uv":[10.0,10.0,11.0,11.0],"rotation":270,"texture":"#0","tintindex":0},"north":{"uv":[10.0,10.0,11.0,11.0],"rotation":270,"texture":"#0","tintindex":0},"west":{"uv":[10.0,10.0,11.0,11.0],"rotation":270,"texture":"#0","tintindex":0},"up":{"uv":[10.0,10.0,11.0,11.0],"rotation":270,"texture":"#0","tintindex":0},"down":{"uv":[10.0,10.0,11.0,11.0],"rotation":270,"texture":"#0","tintindex":0}}},{"from":[7.091954,5.042762,6.33185],"to":[9.234812,11.4713335,8.474707],"rotation":{"angle":0.0,"axis":"y","origin":[8.165615,1.2533555,7.801059]},"faces":{"east":{"uv":[7.0,10.0,8.0,11.0],"rotation":270,"texture":"#0","tintindex":0},"south":{"uv":[7.0,10.0,8.0,11.0],"rotation":270,"texture":"#0","tintindex":0},"north":{"uv":[7.0,10.0,8.0,11.0],"rotation":270,"texture":"#0","tintindex":0},"west":{"uv":[7.0,10.0,8.0,11.0],"rotation":270,"texture":"#0","tintindex":0},"up":{"uv":[7.0,10.0,8.0,11.0],"rotation":270,"texture":"#0","tintindex":0},"down":{"uv":[7.0,10.0,8.0,11.0],"rotation":270,"texture":"#0","tintindex":0}}},{"from":[7.4848113,-4.2429533,7.224707],"to":[7.663383,10.757048,8.296136],"rotation":{"angle":0.0,"axis":"y","origin":[8.165615,4.1104984,7.801059]},"faces":{"east":{"uv":[0.0,0.0,1.0,1.0],"rotation":270,"texture":"#0","tintindex":0},"south":{"uv":[0.0,0.0,1.0,1.0],"rotation":270,"texture":"#0","tintindex":0},"north":{"uv":[0.0,0.0,1.0,1.0],"rotation":270,"texture":"#0","tintindex":0},"west":{"uv":[0.0,0.0,1.0,1.0],"rotation":270,"texture":"#0","tintindex":0},"up":{"uv":[0.0,0.0,1.0,1.0],"rotation":270,"texture":"#0","tintindex":0},"down":{"uv":[0.0,0.0,1.0,1.0],"rotation":270,"texture":"#0","tintindex":0}}},{"from":[7.663383,-1.7429533,7.224707],"to":[8.734812,4.328476,8.296136],"rotation":{"angle":0.0,"axis":"y","origin":[8.165615,4.1104984,7.801059]},"faces":{"east":{"uv":[0.0,0.0,1.0,1.0],"rotation":270,"texture":"#0","tintindex":0},"south":{"uv":[0.0,0.0,1.0,1.0],"rotation":270,"texture":"#0","tintindex":0},"north":{"uv":[0.0,0.0,1.0,1.0],"rotation":270,"texture":"#0","tintindex":0},"west":{"uv":[0.0,0.0,1.0,1.0],"rotation":270,"texture":"#0","tintindex":0},"up":{"uv":[0.0,0.0,1.0,1.0],"rotation":270,"texture":"#0","tintindex":0},"down":{"uv":[0.0,0.0,1.0,1.0],"rotation":270,"texture":"#0","tintindex":0}}},{"from":[8.699098,-4.2429533,7.224707],"to":[8.841954,10.757048,8.296136],"rotation":{"angle":0.0,"axis":"y","origin":[8.165615,4.1104984,7.801059]},"faces":{"east":{"uv":[0.0,0.0,1.0,1.0],"rotation":270,"texture":"#0","tintindex":0},"south":{"uv":[0.0,0.0,1.0,1.0],"rotation":270,"texture":"#0","tintindex":0},"north":{"uv":[0.0,0.0,1.0,1.0],"rotation":270,"texture":"#0","tintindex":0},"west":{"uv":[0.0,0.0,1.0,1.0],"rotation":270,"texture":"#0","tintindex":0},"up":{"uv":[0.0,0.0,1.0,1.0],"rotation":270,"texture":"#0","tintindex":0},"down":{"uv":[0.0,0.0,1.0,1.0],"rotation":270,"texture":"#0","tintindex":0}}},{"from":[7.449097,4.323518,6.7453423],"to":[8.877668,5.0378036,8.531056],"rotation":{"angle":22.5,"axis":"x","origin":[8.165615,4.1104984,7.801059]},"faces":{"east":{"uv":[3.0,2.0,4.0,3.0],"rotation":270,"texture":"#0","tintindex":0},"south":{"uv":[3.0,2.0,4.0,3.0],"rotation":270,"texture":"#0","tintindex":0},"north":{"uv":[3.0,2.0,4.0,3.0],"rotation":270,"texture":"#0","tintindex":0},"west":{"uv":[3.0,2.0,4.0,3.0],"rotation":270,"texture":"#0","tintindex":0},"up":{"uv":[3.0,2.0,4.0,3.0],"rotation":270,"texture":"#0","tintindex":0},"down":{"uv":[3.0,2.0,4.0,3.0],"rotation":270,"texture":"#0","tintindex":0}}},{"from":[7.449097,1.6838622,7.8387237],"to":[8.877668,2.398148,9.624438],"rotation":{"angle":22.5,"axis":"x","origin":[8.165615,4.1104984,7.801059]},"faces":{"east":{"uv":[3.0,2.0,4.0,3.0],"rotation":270,"texture":"#0","tintindex":0},"south":{"uv":[3.0,2.0,4.0,3.0],"rotation":270,"texture":"#0","tintindex":0},"north":{"uv":[3.0,2.0,4.0,3.0],"rotation":270,"texture":"#0","tintindex":0},"west":{"uv":[3.0,2.0,4.0,3.0],"rotation":270,"texture":"#0","tintindex":0},"up":{"uv":[3.0,2.0,4.0,3.0],"rotation":270,"texture":"#0","tintindex":0},"down":{"uv":[3.0,2.0,4.0,3.0],"rotation":270,"texture":"#0","tintindex":0}}},{"from":[7.449097,-0.9557934,8.932105],"to":[8.877668,-0.24150753,10.717819],"rotation":{"angle":22.5,"axis":"x","origin":[8.165615,4.1104984,7.801059]},"faces":{"east":{"uv":[3.0,2.0,4.0,3.0],"rotation":270,"texture":"#0","tintindex":0},"south":{"uv":[3.0,2.0,4.0,3.0],"rotation":270,"texture":"#0","tintindex":0},"north":{"uv":[3.0,2.0,4.0,3.0],"rotation":270,"texture":"#0","tintindex":0},"west":{"uv":[3.0,2.0,4.0,3.0],"rotation":270,"texture":"#0","tintindex":0},"up":{"uv":[3.0,2.0,4.0,3.0],"rotation":270,"texture":"#0","tintindex":0},"down":{"uv":[3.0,2.0,4.0,3.0],"rotation":270,"texture":"#0","tintindex":0}}}],"textures":{"0":"modelengine:entity/abyss_memory"},"display":{"head":{"translation":[0.0,-6.4,0.0],"scale":[4.0,4.0,4.0]}}}