{"textures":{"0":"modelengine:entity/abyss_memory"},"elements":[{"from":[13.078874,8.00138,3.4365659],"to":[15.0431595,10.220382,7.543709],"rotation":{"angle":22.5,"axis":"z","origin":[15.894966,9.112107,2.7259774]},"faces":{"east":{"uv":[10.0,10.0,11.0,11.0],"rotation":180,"texture":"#0","tintindex":0},"south":{"uv":[10.0,10.0,11.0,11.0],"rotation":180,"texture":"#0","tintindex":0},"north":{"uv":[10.0,10.0,11.0,11.0],"rotation":180,"texture":"#0","tintindex":0},"west":{"uv":[10.0,10.0,11.0,11.0],"rotation":180,"texture":"#0","tintindex":0},"up":{"uv":[10.0,10.0,11.0,11.0],"rotation":180,"texture":"#0","tintindex":0},"down":{"uv":[10.0,10.0,11.0,11.0],"rotation":180,"texture":"#0","tintindex":0}}},{"from":[13.12002,7.904497,3.4365659],"to":[15.084305,10.123499,7.543709],"rotation":{"angle":-22.5,"axis":"z","origin":[15.894966,9.112107,2.7259774]},"faces":{"east":{"uv":[10.0,10.0,11.0,11.0],"rotation":180,"texture":"#0","tintindex":0},"south":{"uv":[10.0,10.0,11.0,11.0],"rotation":180,"texture":"#0","tintindex":0},"north":{"uv":[10.0,10.0,11.0,11.0],"rotation":180,"texture":"#0","tintindex":0},"west":{"uv":[10.0,10.0,11.0,11.0],"rotation":180,"texture":"#0","tintindex":0},"up":{"uv":[10.0,10.0,11.0,11.0],"rotation":180,"texture":"#0","tintindex":0},"down":{"uv":[10.0,10.0,11.0,11.0],"rotation":180,"texture":"#0","tintindex":0}}},{"from":[16.471731,8.00138,3.4365659],"to":[18.436016,10.220382,7.543709],"rotation":{"angle":22.5,"axis":"z","origin":[15.894966,9.112107,2.7259774]},"faces":{"east":{"uv":[10.0,10.0,11.0,11.0],"rotation":180,"texture":"#0","tintindex":0},"south":{"uv":[10.0,10.0,11.0,11.0],"rotation":180,"texture":"#0","tintindex":0},"north":{"uv":[10.0,10.0,11.0,11.0],"rotation":180,"texture":"#0","tintindex":0},"west":{"uv":[10.0,10.0,11.0,11.0],"rotation":180,"texture":"#0","tintindex":0},"up":{"uv":[10.0,10.0,11.0,11.0],"rotation":180,"texture":"#0","tintindex":0},"down":{"uv":[10.0,10.0,11.0,11.0],"rotation":180,"texture":"#0","tintindex":0}}},{"from":[16.512877,7.904497,3.4365659],"to":[18.477161,10.123499,7.543709],"rotation":{"angle":-22.5,"axis":"z","origin":[15.894966,9.112107,2.7259774]},"faces":{"east":{"uv":[10.0,10.0,11.0,11.0],"rotation":180,"texture":"#0","tintindex":0},"south":{"uv":[10.0,10.0,11.0,11.0],"rotation":180,"texture":"#0","tintindex":0},"north":{"uv":[10.0,10.0,11.0,11.0],"rotation":180,"texture":"#0","tintindex":0},"west":{"uv":[10.0,10.0,11.0,11.0],"rotation":180,"texture":"#0","tintindex":0},"up":{"uv":[10.0,10.0,11.0,11.0],"rotation":180,"texture":"#0","tintindex":0},"down":{"uv":[10.0,10.0,11.0,11.0],"rotation":180,"texture":"#0","tintindex":0}}},{"from":[14.6479435,6.4323096,3.4365659],"to":[16.866945,8.396595,7.543709],"rotation":{"angle":22.5,"axis":"z","origin":[15.894966,9.112107,2.7259774]},"faces":{"east":{"uv":[10.0,10.0,11.0,11.0],"rotation":180,"texture":"#0","tintindex":0},"south":{"uv":[10.0,10.0,11.0,11.0],"rotation":180,"texture":"#0","tintindex":0},"north":{"uv":[10.0,10.0,11.0,11.0],"rotation":180,"texture":"#0","tintindex":0},"west":{"uv":[10.0,10.0,11.0,11.0],"rotation":180,"texture":"#0","tintindex":0},"up":{"uv":[10.0,10.0,11.0,11.0],"rotation":180,"texture":"#0","tintindex":0},"down":{"uv":[10.0,10.0,11.0,11.0],"rotation":180,"texture":"#0","tintindex":0}}},{"from":[14.689091,6.3354263,3.4365659],"to":[16.908092,8.299712,7.543709],"rotation":{"angle":-22.5,"axis":"z","origin":[15.894966,9.112107,2.7259774]},"faces":{"east":{"uv":[10.0,10.0,11.0,11.0],"rotation":180,"texture":"#0","tintindex":0},"south":{"uv":[10.0,10.0,11.0,11.0],"rotation":180,"texture":"#0","tintindex":0},"north":{"uv":[10.0,10.0,11.0,11.0],"rotation":180,"texture":"#0","tintindex":0},"west":{"uv":[10.0,10.0,11.0,11.0],"rotation":180,"texture":"#0","tintindex":0},"up":{"uv":[10.0,10.0,11.0,11.0],"rotation":180,"texture":"#0","tintindex":0},"down":{"uv":[10.0,10.0,11.0,11.0],"rotation":180,"texture":"#0","tintindex":0}}},{"from":[14.6479435,9.825167,3.4365659],"to":[16.866945,11.789453,7.543709],"rotation":{"angle":22.5,"axis":"z","origin":[15.894966,9.112107,2.7259774]},"faces":{"east":{"uv":[10.0,10.0,11.0,11.0],"rotation":180,"texture":"#0","tintindex":0},"south":{"uv":[10.0,10.0,11.0,11.0],"rotation":180,"texture":"#0","tintindex":0},"north":{"uv":[10.0,10.0,11.0,11.0],"rotation":180,"texture":"#0","tintindex":0},"west":{"uv":[10.0,10.0,11.0,11.0],"rotation":180,"texture":"#0","tintindex":0},"up":{"uv":[10.0,10.0,11.0,11.0],"rotation":180,"texture":"#0","tintindex":0},"down":{"uv":[10.0,10.0,11.0,11.0],"rotation":180,"texture":"#0","tintindex":0}}},{"from":[14.689091,9.728284,3.4365659],"to":[16.908092,11.69257,7.543709],"rotation":{"angle":-22.5,"axis":"z","origin":[15.894966,9.112107,2.7259774]},"faces":{"east":{"uv":[10.0,10.0,11.0,11.0],"rotation":180,"texture":"#0","tintindex":0},"south":{"uv":[10.0,10.0,11.0,11.0],"rotation":180,"texture":"#0","tintindex":0},"north":{"uv":[10.0,10.0,11.0,11.0],"rotation":180,"texture":"#0","tintindex":0},"west":{"uv":[10.0,10.0,11.0,11.0],"rotation":180,"texture":"#0","tintindex":0},"up":{"uv":[10.0,10.0,11.0,11.0],"rotation":180,"texture":"#0","tintindex":0},"down":{"uv":[10.0,10.0,11.0,11.0],"rotation":180,"texture":"#0","tintindex":0}}}],"display":{"head":{"translation":[0.0,-6.4,0.0],"scale":[4.0,4.0,4.0]}}}