{"textures":{"0":"modelengine:entity/abyss_memory"},"elements":[{"from":[19.633902,5.2565384,0.013990402],"to":[23.517155,8.694038,7.2014904],"faces":{"east":{"uv":[10.0,10.0,11.0,11.0],"tintindex":0,"rotation":180,"texture":"#0"},"south":{"uv":[10.0,10.0,11.0,11.0],"tintindex":0,"rotation":180,"texture":"#0"},"north":{"uv":[10.0,10.0,11.0,11.0],"tintindex":0,"rotation":180,"texture":"#0"},"west":{"uv":[10.0,10.0,11.0,11.0],"tintindex":0,"rotation":180,"texture":"#0"},"up":{"uv":[10.0,10.0,11.0,11.0],"tintindex":0,"rotation":180,"texture":"#0"},"down":{"uv":[10.0,10.0,11.0,11.0],"tintindex":0,"rotation":180,"texture":"#0"}},"rotation":{"origin":[21.81619,9.94619,-1.2295389],"angle":22.5,"axis":"z"}},{"from":[22.897533,7.8328705,0.013990402],"to":[26.335033,11.7161255,7.2014904],"faces":{"east":{"uv":[10.0,10.0,11.0,11.0],"tintindex":0,"rotation":180,"texture":"#0"},"south":{"uv":[10.0,10.0,11.0,11.0],"tintindex":0,"rotation":180,"texture":"#0"},"north":{"uv":[10.0,10.0,11.0,11.0],"tintindex":0,"rotation":180,"texture":"#0"},"west":{"uv":[10.0,10.0,11.0,11.0],"tintindex":0,"rotation":180,"texture":"#0"},"up":{"uv":[10.0,10.0,11.0,11.0],"tintindex":0,"rotation":180,"texture":"#0"},"down":{"uv":[10.0,10.0,11.0,11.0],"tintindex":0,"rotation":180,"texture":"#0"}},"rotation":{"origin":[21.81619,9.94619,-1.2295389],"angle":-22.5,"axis":"z"}},{"from":[16.888027,8.0024185,0.013990402],"to":[20.325527,11.885666,7.2014904],"faces":{"east":{"uv":[10.0,10.0,11.0,11.0],"tintindex":0,"rotation":180,"texture":"#0"},"south":{"uv":[10.0,10.0,11.0,11.0],"tintindex":0,"rotation":180,"texture":"#0"},"north":{"uv":[10.0,10.0,11.0,11.0],"tintindex":0,"rotation":180,"texture":"#0"},"west":{"uv":[10.0,10.0,11.0,11.0],"tintindex":0,"rotation":180,"texture":"#0"},"up":{"uv":[10.0,10.0,11.0,11.0],"tintindex":0,"rotation":180,"texture":"#0"},"down":{"uv":[10.0,10.0,11.0,11.0],"tintindex":0,"rotation":180,"texture":"#0"}},"rotation":{"origin":[21.81619,9.94619,-1.2295389],"angle":22.5,"axis":"z"}},{"from":[19.705908,11.024498,0.013990402],"to":[23.58916,14.461998,7.2014904],"faces":{"east":{"uv":[10.0,10.0,11.0,11.0],"tintindex":0,"rotation":180,"texture":"#0"},"south":{"uv":[10.0,10.0,11.0,11.0],"tintindex":0,"rotation":180,"texture":"#0"},"north":{"uv":[10.0,10.0,11.0,11.0],"tintindex":0,"rotation":180,"texture":"#0"},"west":{"uv":[10.0,10.0,11.0,11.0],"tintindex":0,"rotation":180,"texture":"#0"},"up":{"uv":[10.0,10.0,11.0,11.0],"tintindex":0,"rotation":180,"texture":"#0"},"down":{"uv":[10.0,10.0,11.0,11.0],"tintindex":0,"rotation":180,"texture":"#0"}},"rotation":{"origin":[21.81619,9.94619,-1.2295389],"angle":-22.5,"axis":"z"}},{"from":[22.825527,8.0024185,0.013990402],"to":[26.263027,11.885666,7.2014904],"faces":{"east":{"uv":[10.0,10.0,11.0,11.0],"tintindex":0,"rotation":180,"texture":"#0"},"south":{"uv":[10.0,10.0,11.0,11.0],"tintindex":0,"rotation":180,"texture":"#0"},"north":{"uv":[10.0,10.0,11.0,11.0],"tintindex":0,"rotation":180,"texture":"#0"},"west":{"uv":[10.0,10.0,11.0,11.0],"tintindex":0,"rotation":180,"texture":"#0"},"up":{"uv":[10.0,10.0,11.0,11.0],"tintindex":0,"rotation":180,"texture":"#0"},"down":{"uv":[10.0,10.0,11.0,11.0],"tintindex":0,"rotation":180,"texture":"#0"}},"rotation":{"origin":[21.81619,9.94619,-1.2295389],"angle":22.5,"axis":"z"}},{"from":[19.705908,5.086998,0.013990402],"to":[23.58916,8.524498,7.2014904],"faces":{"east":{"uv":[10.0,10.0,11.0,11.0],"tintindex":0,"rotation":180,"texture":"#0"},"south":{"uv":[10.0,10.0,11.0,11.0],"tintindex":0,"rotation":180,"texture":"#0"},"north":{"uv":[10.0,10.0,11.0,11.0],"tintindex":0,"rotation":180,"texture":"#0"},"west":{"uv":[10.0,10.0,11.0,11.0],"tintindex":0,"rotation":180,"texture":"#0"},"up":{"uv":[10.0,10.0,11.0,11.0],"tintindex":0,"rotation":180,"texture":"#0"},"down":{"uv":[10.0,10.0,11.0,11.0],"tintindex":0,"rotation":180,"texture":"#0"}},"rotation":{"origin":[21.81619,9.94619,-1.2295389],"angle":-22.5,"axis":"z"}},{"from":[19.633902,11.194038,0.013990402],"to":[23.517155,14.631538,7.2014904],"faces":{"east":{"uv":[10.0,10.0,11.0,11.0],"tintindex":0,"rotation":180,"texture":"#0"},"south":{"uv":[10.0,10.0,11.0,11.0],"tintindex":0,"rotation":180,"texture":"#0"},"north":{"uv":[10.0,10.0,11.0,11.0],"tintindex":0,"rotation":180,"texture":"#0"},"west":{"uv":[10.0,10.0,11.0,11.0],"tintindex":0,"rotation":180,"texture":"#0"},"up":{"uv":[10.0,10.0,11.0,11.0],"tintindex":0,"rotation":180,"texture":"#0"},"down":{"uv":[10.0,10.0,11.0,11.0],"tintindex":0,"rotation":180,"texture":"#0"}},"rotation":{"origin":[21.81619,9.94619,-1.2295389],"angle":22.5,"axis":"z"}},{"from":[16.960033,7.8328705,0.013990402],"to":[20.397533,11.7161255,7.2014904],"faces":{"east":{"uv":[10.0,10.0,11.0,11.0],"tintindex":0,"rotation":180,"texture":"#0"},"south":{"uv":[10.0,10.0,11.0,11.0],"tintindex":0,"rotation":180,"texture":"#0"},"north":{"uv":[10.0,10.0,11.0,11.0],"tintindex":0,"rotation":180,"texture":"#0"},"west":{"uv":[10.0,10.0,11.0,11.0],"tintindex":0,"rotation":180,"texture":"#0"},"up":{"uv":[10.0,10.0,11.0,11.0],"tintindex":0,"rotation":180,"texture":"#0"},"down":{"uv":[10.0,10.0,11.0,11.0],"tintindex":0,"rotation":180,"texture":"#0"}},"rotation":{"origin":[21.81619,9.94619,-1.2295389],"angle":-22.5,"axis":"z"}}],"display":{"gui":{"rotation":[30,225,0]}}}