{"file_name":"head","texture_size":[64,64],"textures":{"33723e9a-1e51-bbaa-8327-8a17ae3627c9":"modelengine:entity/32teemo"},"elements":[{"name":"cube","from":[6.2,9.780239,6.0420303],"to":[9.8,11.805239,10.13703],"rotation":{"angle":22.5,"axis":"x","origin":[8.0,9.870239,8.15703]},"faces":{"down":{"uv":[5.0,1.75,3.5,3.5],"rotation":0,"texture":"#33723e9a-1e51-bbaa-8327-8a17ae3627c9","tintindex":0},"east":{"uv":[3.0,5.0,4.75,5.875],"rotation":0,"texture":"#33723e9a-1e51-bbaa-8327-8a17ae3627c9","tintindex":0},"north":{"uv":[0.0,5.5,1.5,6.375],"rotation":0,"texture":"#33723e9a-1e51-bbaa-8327-8a17ae3627c9","tintindex":0},"south":{"uv":[3.0,6.0,4.5,6.875],"rotation":0,"texture":"#33723e9a-1e51-bbaa-8327-8a17ae3627c9","tintindex":0},"up":{"uv":[5.0,1.75,3.5,0.0],"rotation":0,"texture":"#33723e9a-1e51-bbaa-8327-8a17ae3627c9","tintindex":0},"west":{"uv":[5.0,3.75,6.75,4.625],"rotation":0,"texture":"#33723e9a-1e51-bbaa-8327-8a17ae3627c9","tintindex":0}}},{"name":"cube","from":[6.425,10.14024,5.72703],"to":[7.775,11.31024,6.0420303],"rotation":{"angle":22.5,"axis":"x","origin":[8.0,9.870239,8.15703]},"faces":{"down":{"uv":[11.875,3.25,11.25,3.375],"rotation":0,"texture":"#33723e9a-1e51-bbaa-8327-8a17ae3627c9","tintindex":0},"east":{"uv":[6.75,7.25,6.875,7.75],"rotation":0,"texture":"#33723e9a-1e51-bbaa-8327-8a17ae3627c9","tintindex":0},"north":{"uv":[10.25,8.25,10.875,8.75],"rotation":0,"texture":"#33723e9a-1e51-bbaa-8327-8a17ae3627c9","tintindex":0},"south":{"uv":[10.25,9.5,10.875,10.0],"rotation":0,"texture":"#33723e9a-1e51-bbaa-8327-8a17ae3627c9","tintindex":0},"up":{"uv":[11.875,3.125,11.25,3.0],"rotation":0,"texture":"#33723e9a-1e51-bbaa-8327-8a17ae3627c9","tintindex":0},"west":{"uv":[6.0,10.25,6.125,10.75],"rotation":0,"texture":"#33723e9a-1e51-bbaa-8327-8a17ae3627c9","tintindex":0}}},{"name":"cube","from":[8.225,10.14024,5.72703],"to":[9.575001,11.31024,6.0420303],"rotation":{"angle":22.5,"axis":"x","origin":[8.0,9.870239,8.15703]},"faces":{"down":{"uv":[11.875,4.5,11.25,4.625],"rotation":0,"texture":"#33723e9a-1e51-bbaa-8327-8a17ae3627c9","tintindex":0},"east":{"uv":[2.0,10.5,2.125,11.0],"rotation":0,"texture":"#33723e9a-1e51-bbaa-8327-8a17ae3627c9","tintindex":0},"north":{"uv":[10.5,3.0,11.125,3.5],"rotation":0,"texture":"#33723e9a-1e51-bbaa-8327-8a17ae3627c9","tintindex":0},"south":{"uv":[3.25,10.5,3.875,11.0],"rotation":0,"texture":"#33723e9a-1e51-bbaa-8327-8a17ae3627c9","tintindex":0},"up":{"uv":[11.875,4.375,11.25,4.25],"rotation":0,"texture":"#33723e9a-1e51-bbaa-8327-8a17ae3627c9","tintindex":0},"west":{"uv":[5.75,11.25,5.875,11.75],"rotation":0,"texture":"#33723e9a-1e51-bbaa-8327-8a17ae3627c9","tintindex":0}}},{"name":"cube","from":[5.975,9.55524,5.81703],"to":[10.025,10.0052395,10.36203],"rotation":{"angle":22.5,"axis":"x","origin":[8.0,9.870239,8.15703]},"faces":{"down":{"uv":[3.5,0.0,1.75,1.875],"rotation":0,"texture":"#33723e9a-1e51-bbaa-8327-8a17ae3627c9","tintindex":0},"east":{"uv":[9.0,0.75,10.875,1.0],"rotation":0,"texture":"#33723e9a-1e51-bbaa-8327-8a17ae3627c9","tintindex":0},"north":{"uv":[9.0,8.75,10.75,9.0],"rotation":0,"texture":"#33723e9a-1e51-bbaa-8327-8a17ae3627c9","tintindex":0},"south":{"uv":[9.25,5.0,11.0,5.25],"rotation":0,"texture":"#33723e9a-1e51-bbaa-8327-8a17ae3627c9","tintindex":0},"up":{"uv":[1.75,1.875,0.0,0.0],"rotation":0,"texture":"#33723e9a-1e51-bbaa-8327-8a17ae3627c9","tintindex":0},"west":{"uv":[9.0,8.0,10.875,8.25],"rotation":0,"texture":"#33723e9a-1e51-bbaa-8327-8a17ae3627c9","tintindex":0}}},{"name":"cube","from":[6.0199995,10.50024,5.86203],"to":[9.98,10.860239,10.31703],"rotation":{"angle":22.5,"axis":"x","origin":[8.0,9.870239,8.15703]},"faces":{"down":{"uv":[3.375,2.0,1.75,3.875],"rotation":0,"texture":"#33723e9a-1e51-bbaa-8327-8a17ae3627c9","tintindex":0},"east":{"uv":[10.75,4.75,12.625,4.875],"rotation":0,"texture":"#33723e9a-1e51-bbaa-8327-8a17ae3627c9","tintindex":0},"north":{"uv":[10.75,8.75,12.375,8.875],"rotation":0,"texture":"#33723e9a-1e51-bbaa-8327-8a17ae3627c9","tintindex":0},"south":{"uv":[11.0,2.25,12.625,2.375],"rotation":0,"texture":"#33723e9a-1e51-bbaa-8327-8a17ae3627c9","tintindex":0},"up":{"uv":[1.625,3.875,0.0,2.0],"rotation":0,"texture":"#33723e9a-1e51-bbaa-8327-8a17ae3627c9","tintindex":0},"west":{"uv":[10.75,7.25,12.625,7.375],"rotation":0,"texture":"#33723e9a-1e51-bbaa-8327-8a17ae3627c9","tintindex":0}}},{"name":"head","from":[6.3125677,8.070297,6.469598],"to":[9.687433,11.220173,9.844463],"rotation":{"angle":0.0,"axis":"x","origin":[8.0,8.047739,8.15703]},"faces":{"down":{"uv":[1.375,4.0,0.0,5.375],"rotation":0,"texture":"#33723e9a-1e51-bbaa-8327-8a17ae3627c9","tintindex":0},"east":{"uv":[5.0,0.0,6.375,1.25],"rotation":0,"texture":"#33723e9a-1e51-bbaa-8327-8a17ae3627c9","tintindex":0},"north":{"uv":[1.5,4.0,2.875,5.25],"rotation":0,"texture":"#33723e9a-1e51-bbaa-8327-8a17ae3627c9","tintindex":0},"south":{"uv":[5.0,1.25,6.375,2.5],"rotation":0,"texture":"#33723e9a-1e51-bbaa-8327-8a17ae3627c9","tintindex":0},"up":{"uv":[4.875,4.875,3.5,3.5],"rotation":0,"texture":"#33723e9a-1e51-bbaa-8327-8a17ae3627c9","tintindex":0},"west":{"uv":[5.0,2.5,6.375,3.75],"rotation":0,"texture":"#33723e9a-1e51-bbaa-8327-8a17ae3627c9","tintindex":0}}}],"display":{"head":{"translation":[0.0,-6.4,0.0],"rotation":[0.0,0.0,0.0],"scale":[3.8095,3.8095,3.8095]},"gui":{"translation":[0.0,0.0,0.0],"rotation":[35.0,225.0,0.0],"scale":[0.625,0.625,0.625]}}}