{"file_name":"left_lowerleg","texture_size":[64,64],"textures":{"33723e9a-1e51-bbaa-8327-8a17ae3627c9":"modelengine:entity/32teemo"},"elements":[{"name":"cube","from":[7.333473,6.907862,7.3695617],"to":[8.570923,8.145313,8.944498],"rotation":{"angle":0.0,"axis":"x","origin":[7.9521985,8.066587,8.15703]},"faces":{"down":{"uv":[10.5,3.75,10.0,4.375],"rotation":0,"texture":"#33723e9a-1e51-bbaa-8327-8a17ae3627c9","tintindex":0},"east":{"uv":[1.5,10.0,2.125,10.5],"rotation":0,"texture":"#33723e9a-1e51-bbaa-8327-8a17ae3627c9","tintindex":0},"north":{"uv":[10.75,0.0,11.25,0.5],"rotation":0,"texture":"#33723e9a-1e51-bbaa-8327-8a17ae3627c9","tintindex":0},"south":{"uv":[1.0,10.75,1.5,11.25],"rotation":0,"texture":"#33723e9a-1e51-bbaa-8327-8a17ae3627c9","tintindex":0},"up":{"uv":[10.5,3.625,10.0,3.0],"rotation":0,"texture":"#33723e9a-1e51-bbaa-8327-8a17ae3627c9","tintindex":0},"west":{"uv":[10.0,2.5,10.625,3.0],"rotation":0,"texture":"#33723e9a-1e51-bbaa-8327-8a17ae3627c9","tintindex":0}}}],"display":{"head":{"translation":[0.0,-6.4,0.0],"rotation":[0.0,0.0,0.0],"scale":[3.8095,3.8095,3.8095]},"gui":{"translation":[0.0,0.0,0.0],"rotation":[35.0,225.0,0.0],"scale":[0.625,0.625,0.625]}}}