{"file_name":"left_leg","texture_size":[64,64],"textures":{"33723e9a-1e51-bbaa-8327-8a17ae3627c9":"modelengine:entity/32teemo"},"elements":[{"name":"cube","from":[7.4220724,6.9960365,7.3695617],"to":[8.659523,8.233487,8.944498],"rotation":{"angle":0.0,"axis":"x","origin":[8.071733,7.9184513,8.15703]},"faces":{"down":{"uv":[3.25,10.25,2.75,10.875],"rotation":0,"texture":"#33723e9a-1e51-bbaa-8327-8a17ae3627c9","tintindex":0},"east":{"uv":[10.0,10.0,10.625,10.5],"rotation":0,"texture":"#33723e9a-1e51-bbaa-8327-8a17ae3627c9","tintindex":0},"north":{"uv":[5.75,10.75,6.25,11.25],"rotation":0,"texture":"#33723e9a-1e51-bbaa-8327-8a17ae3627c9","tintindex":0},"south":{"uv":[10.75,6.75,11.25,7.25],"rotation":0,"texture":"#33723e9a-1e51-bbaa-8327-8a17ae3627c9","tintindex":0},"up":{"uv":[2.75,10.875,2.25,10.25],"rotation":0,"texture":"#33723e9a-1e51-bbaa-8327-8a17ae3627c9","tintindex":0},"west":{"uv":[10.25,1.5,10.875,2.0],"rotation":0,"texture":"#33723e9a-1e51-bbaa-8327-8a17ae3627c9","tintindex":0}}}],"display":{"head":{"translation":[0.0,-6.4,0.0],"rotation":[0.0,0.0,0.0],"scale":[3.8095,3.8095,3.8095]},"gui":{"translation":[0.0,0.0,0.0],"rotation":[35.0,225.0,0.0],"scale":[0.625,0.625,0.625]}}}