{"textures":{"0":"modelengine:entity/32teemo"},"elements":[{"from":[7.140401,7.5143332,7.8208437],"to":[7.9975095,8.907135,8.14226],"rotation":{"angle":0.0,"axis":"y","origin":[13.219669,8.274437,8.410106]},"faces":{"east":{"uv":[4.75,11.25,4.875,11.875],"rotation":0,"texture":"#0","tintindex":0},"south":{"uv":[3.0,11.0,3.375,11.625],"rotation":0,"texture":"#0","tintindex":0},"north":{"uv":[2.5,11.0,2.875,11.625],"rotation":0,"texture":"#0","tintindex":0},"west":{"uv":[5.0,11.25,5.125,11.875],"rotation":0,"texture":"#0","tintindex":0},"up":{"uv":[11.625,7.125,11.25,7.0],"rotation":0,"texture":"#0","tintindex":0},"down":{"uv":[7.625,11.25,7.25,11.375],"rotation":0,"texture":"#0","tintindex":0}}},{"from":[5.988949,7.533035,7.819262],"to":[8.024582,8.925837,7.822425],"rotation":{"angle":0.0,"axis":"y","origin":[7.8424797,8.229436,8.517244]},"faces":{"east":{"uv":[5.25,11.25,5.375,11.875],"rotation":0,"texture":"#0","tintindex":0},"south":{"uv":[8.25,7.25,9.125,7.875],"rotation":0,"texture":"#0","tintindex":0},"north":{"uv":[8.25,6.5,9.125,7.125],"rotation":0,"texture":"#0","tintindex":0},"west":{"uv":[5.5,11.25,5.625,11.875],"rotation":0,"texture":"#0","tintindex":0},"up":{"uv":[11.875,4.125,11.0,4.0],"rotation":0,"texture":"#0","tintindex":0},"down":{"uv":[11.875,6.5,11.0,6.625],"rotation":0,"texture":"#0","tintindex":0}}}],"display":{"head":{"translation":[0.0,-6.4,0.0],"scale":[4.0,4.0,4.0]}}}