{"textures":{"0":"modelengine:entity/32teemo"},"elements":[{"from":[4.4806604,7.1828117,7.683709],"to":[8.043018,9.620214,7.689244],"faces":{"east":{"uv":[5.25,11.25,5.375,11.875],"tintindex":0,"rotation":0,"texture":"#0"},"south":{"uv":[8.25,7.25,9.125,7.875],"tintindex":0,"rotation":0,"texture":"#0"},"north":{"uv":[8.25,6.5,9.125,7.125],"tintindex":0,"rotation":0,"texture":"#0"},"west":{"uv":[5.5,11.25,5.625,11.875],"tintindex":0,"rotation":0,"texture":"#0"},"up":{"uv":[11.875,4.125,11.0,4.0],"tintindex":0,"rotation":0,"texture":"#0"},"down":{"uv":[11.875,6.5,11.0,6.625],"tintindex":0,"rotation":0,"texture":"#0"}}},{"from":[6.495702,7.1500835,7.6864767],"to":[7.9956417,9.587486,8.248954],"faces":{"east":{"uv":[4.75,11.25,4.875,11.875],"tintindex":0,"rotation":0,"texture":"#0"},"south":{"uv":[3.0,11.0,3.375,11.625],"tintindex":0,"rotation":0,"texture":"#0"},"north":{"uv":[2.5,11.0,2.875,11.625],"tintindex":0,"rotation":0,"texture":"#0"},"west":{"uv":[5.0,11.25,5.125,11.875],"tintindex":0,"rotation":0,"texture":"#0"},"up":{"uv":[11.625,7.125,11.25,7.0],"tintindex":0,"rotation":0,"texture":"#0"},"down":{"uv":[7.625,11.25,7.25,11.375],"tintindex":0,"rotation":0,"texture":"#0"}}}],"display":{"gui":{"rotation":[30,225,0]}}}