{"file_name":"right_foot","texture_size":[64,64],"textures":{"33723e9a-1e51-bbaa-8327-8a17ae3627c9":"modelengine:entity/32teemo"},"elements":[{"name":"foot left","from":[7.2125316,7.100018,6.2750454],"to":[8.787468,7.999982,8.524955],"rotation":{"angle":0.0,"axis":"x","origin":[7.971876,7.955,7.94]},"faces":{"down":{"uv":[5.375,8.5,4.75,9.375],"rotation":0,"texture":"#33723e9a-1e51-bbaa-8327-8a17ae3627c9","tintindex":0},"east":{"uv":[9.5,9.0,10.375,9.375],"rotation":0,"texture":"#33723e9a-1e51-bbaa-8327-8a17ae3627c9","tintindex":0},"north":{"uv":[3.5,11.0,4.125,11.375],"rotation":0,"texture":"#33723e9a-1e51-bbaa-8327-8a17ae3627c9","tintindex":0},"south":{"uv":[11.0,3.5,11.625,3.875],"rotation":0,"texture":"#33723e9a-1e51-bbaa-8327-8a17ae3627c9","tintindex":0},"up":{"uv":[8.875,8.875,8.25,8.0],"rotation":0,"texture":"#33723e9a-1e51-bbaa-8327-8a17ae3627c9","tintindex":0},"west":{"uv":[9.25,9.5,10.125,9.875],"rotation":0,"texture":"#33723e9a-1e51-bbaa-8327-8a17ae3627c9","tintindex":0}}}],"display":{"head":{"translation":[0.0,-6.4,0.0],"rotation":[0.0,0.0,0.0],"scale":[3.8095,3.8095,3.8095]},"gui":{"translation":[0.0,0.0,0.0],"rotation":[35.0,225.0,0.0],"scale":[0.625,0.625,0.625]}}}