{"file_name":"torsomiddle","texture_size":[64,64],"textures":{"33723e9a-1e51-bbaa-8327-8a17ae3627c9":"modelengine:entity/32teemo"},"elements":[{"name":"torso middle","from":[6.425063,7.4853497,7.032075],"to":[9.574938,8.385313,9.281986],"rotation":{"angle":0.0,"axis":"x","origin":[8.0,8.385313,8.15703]},"faces":{"down":{"uv":[7.75,2.0,6.5,2.875],"rotation":0,"texture":"#33723e9a-1e51-bbaa-8327-8a17ae3627c9","tintindex":0},"east":{"uv":[9.5,5.25,10.375,5.625],"rotation":0,"texture":"#33723e9a-1e51-bbaa-8327-8a17ae3627c9","tintindex":0},"north":{"uv":[8.75,2.5,10.0,2.875],"rotation":0,"texture":"#33723e9a-1e51-bbaa-8327-8a17ae3627c9","tintindex":0},"south":{"uv":[8.75,3.0,10.0,3.375],"rotation":0,"texture":"#33723e9a-1e51-bbaa-8327-8a17ae3627c9","tintindex":0},"up":{"uv":[7.75,1.875,6.5,1.0],"rotation":0,"texture":"#33723e9a-1e51-bbaa-8327-8a17ae3627c9","tintindex":0},"west":{"uv":[9.5,5.75,10.375,6.125],"rotation":0,"texture":"#33723e9a-1e51-bbaa-8327-8a17ae3627c9","tintindex":0}}},{"name":"cube","from":[7.1449995,7.5301476,10.18203],"to":[7.595,11.280147,10.6320305],"rotation":{"angle":22.5,"axis":"z","origin":[7.1,9.555147,10.40703]},"faces":{"down":{"uv":[2.75,7.25,2.5,7.625],"rotation":0,"texture":"#33723e9a-1e51-bbaa-8327-8a17ae3627c9","tintindex":0},"east":{"uv":[2.5,8.0,2.875,9.75],"rotation":0,"texture":"#33723e9a-1e51-bbaa-8327-8a17ae3627c9","tintindex":0},"north":{"uv":[6.0,8.5,6.25,10.25],"rotation":0,"texture":"#33723e9a-1e51-bbaa-8327-8a17ae3627c9","tintindex":0},"south":{"uv":[0.75,8.75,1.0,10.5],"rotation":0,"texture":"#33723e9a-1e51-bbaa-8327-8a17ae3627c9","tintindex":0},"up":{"uv":[6.75,3.375,6.5,3.0],"rotation":0,"texture":"#33723e9a-1e51-bbaa-8327-8a17ae3627c9","tintindex":0},"west":{"uv":[3.0,8.0,3.375,9.75],"rotation":0,"texture":"#33723e9a-1e51-bbaa-8327-8a17ae3627c9","tintindex":0}}},{"name":"cube","from":[7.73,7.665147,10.13703],"to":[8.27,11.685147,10.677031],"rotation":{"angle":45.0,"axis":"y","origin":[8.0,9.555147,10.40703]},"faces":{"down":{"uv":[0.875,11.25,0.5,11.625],"rotation":0,"texture":"#33723e9a-1e51-bbaa-8327-8a17ae3627c9","tintindex":0},"east":{"uv":[1.0,8.25,1.375,10.0],"rotation":0,"texture":"#33723e9a-1e51-bbaa-8327-8a17ae3627c9","tintindex":0},"north":{"uv":[3.5,8.0,3.875,9.75],"rotation":0,"texture":"#33723e9a-1e51-bbaa-8327-8a17ae3627c9","tintindex":0},"south":{"uv":[1.5,8.25,1.875,10.0],"rotation":0,"texture":"#33723e9a-1e51-bbaa-8327-8a17ae3627c9","tintindex":0},"up":{"uv":[11.625,0.375,11.25,0.0],"rotation":0,"texture":"#33723e9a-1e51-bbaa-8327-8a17ae3627c9","tintindex":0},"west":{"uv":[2.0,8.25,2.375,10.0],"rotation":0,"texture":"#33723e9a-1e51-bbaa-8327-8a17ae3627c9","tintindex":0}}},{"name":"cube","from":[7.28,7.3951473,10.347031],"to":[7.7,11.355147,10.767031],"rotation":{"angle":22.5,"axis":"x","origin":[7.46,9.555147,10.94703]},"faces":{"down":{"uv":[4.25,7.0,4.0,7.25],"rotation":0,"texture":"#33723e9a-1e51-bbaa-8327-8a17ae3627c9","tintindex":0},"east":{"uv":[4.25,9.25,4.5,11.0],"rotation":0,"texture":"#33723e9a-1e51-bbaa-8327-8a17ae3627c9","tintindex":0},"north":{"uv":[4.0,9.25,4.25,11.0],"rotation":0,"texture":"#33723e9a-1e51-bbaa-8327-8a17ae3627c9","tintindex":0},"south":{"uv":[4.5,9.25,4.75,11.0],"rotation":0,"texture":"#33723e9a-1e51-bbaa-8327-8a17ae3627c9","tintindex":0},"up":{"uv":[1.5,7.25,1.25,7.0],"rotation":0,"texture":"#33723e9a-1e51-bbaa-8327-8a17ae3627c9","tintindex":0},"west":{"uv":[9.25,5.25,9.5,7.0],"rotation":0,"texture":"#33723e9a-1e51-bbaa-8327-8a17ae3627c9","tintindex":0}}},{"name":"cube","from":[8.495,7.4851475,10.45203],"to":[9.065,10.905148,10.87203],"rotation":{"angle":22.5,"axis":"x","origin":[8.45,9.465147,10.857031]},"faces":{"down":{"uv":[2.75,7.75,2.5,8.0],"rotation":0,"texture":"#33723e9a-1e51-bbaa-8327-8a17ae3627c9","tintindex":0},"east":{"uv":[6.5,9.25,6.75,10.875],"rotation":0,"texture":"#33723e9a-1e51-bbaa-8327-8a17ae3627c9","tintindex":0},"north":{"uv":[6.25,9.25,6.5,10.875],"rotation":0,"texture":"#33723e9a-1e51-bbaa-8327-8a17ae3627c9","tintindex":0},"south":{"uv":[0.0,9.5,0.25,11.125],"rotation":0,"texture":"#33723e9a-1e51-bbaa-8327-8a17ae3627c9","tintindex":0},"up":{"uv":[4.5,7.25,4.25,7.0],"rotation":0,"texture":"#33723e9a-1e51-bbaa-8327-8a17ae3627c9","tintindex":0},"west":{"uv":[0.25,9.5,0.5,11.125],"rotation":0,"texture":"#33723e9a-1e51-bbaa-8327-8a17ae3627c9","tintindex":0}}},{"name":"cube","from":[8.243,7.3681474,10.02003],"to":[8.837,11.562148,10.61403],"rotation":{"angle":-22.5,"axis":"z","origin":[8.9,9.555147,10.13703]},"faces":{"down":{"uv":[1.875,11.25,1.5,11.625],"rotation":0,"texture":"#33723e9a-1e51-bbaa-8327-8a17ae3627c9","tintindex":0},"east":{"uv":[6.75,7.75,7.125,9.625],"rotation":0,"texture":"#33723e9a-1e51-bbaa-8327-8a17ae3627c9","tintindex":0},"north":{"uv":[6.25,7.25,6.625,9.125],"rotation":0,"texture":"#33723e9a-1e51-bbaa-8327-8a17ae3627c9","tintindex":0},"south":{"uv":[7.25,7.75,7.625,9.625],"rotation":0,"texture":"#33723e9a-1e51-bbaa-8327-8a17ae3627c9","tintindex":0},"up":{"uv":[1.375,11.625,1.0,11.25],"rotation":0,"texture":"#33723e9a-1e51-bbaa-8327-8a17ae3627c9","tintindex":0},"west":{"uv":[7.75,7.75,8.125,9.625],"rotation":0,"texture":"#33723e9a-1e51-bbaa-8327-8a17ae3627c9","tintindex":0}}},{"name":"torso bottom","from":[6.593815,7.485386,9.000828],"to":[9.406185,10.1943865,11.138233],"rotation":{"angle":0.0,"axis":"x","origin":[8.0,7.260359,8.15703]},"faces":{"down":{"uv":[8.875,0.0,7.75,0.875],"rotation":0,"texture":"#33723e9a-1e51-bbaa-8327-8a17ae3627c9","tintindex":0},"east":{"uv":[5.25,7.25,6.125,8.375],"rotation":0,"texture":"#33723e9a-1e51-bbaa-8327-8a17ae3627c9","tintindex":0},"north":{"uv":[4.5,6.0,5.625,7.125],"rotation":0,"texture":"#33723e9a-1e51-bbaa-8327-8a17ae3627c9","tintindex":0},"south":{"uv":[5.75,6.0,6.875,7.125],"rotation":0,"texture":"#33723e9a-1e51-bbaa-8327-8a17ae3627c9","tintindex":0},"up":{"uv":[8.625,4.875,7.5,4.0],"rotation":0,"texture":"#33723e9a-1e51-bbaa-8327-8a17ae3627c9","tintindex":0},"west":{"uv":[0.0,7.5,0.875,8.625],"rotation":0,"texture":"#33723e9a-1e51-bbaa-8327-8a17ae3627c9","tintindex":0}}},{"name":"torso middle","from":[6.5150633,9.285351,9.012075],"to":[9.484938,10.185314,11.261985],"rotation":{"angle":0.0,"axis":"x","origin":[8.0,8.385313,8.15703]},"faces":{"down":{"uv":[5.25,7.25,4.0,8.125],"rotation":0,"texture":"#33723e9a-1e51-bbaa-8327-8a17ae3627c9","tintindex":0},"east":{"uv":[9.75,0.0,10.625,0.375],"rotation":0,"texture":"#33723e9a-1e51-bbaa-8327-8a17ae3627c9","tintindex":0},"north":{"uv":[8.25,9.0,9.5,9.375],"rotation":0,"texture":"#33723e9a-1e51-bbaa-8327-8a17ae3627c9","tintindex":0},"south":{"uv":[9.0,8.25,10.25,8.625],"rotation":0,"texture":"#33723e9a-1e51-bbaa-8327-8a17ae3627c9","tintindex":0},"up":{"uv":[2.5,8.125,1.25,7.25],"rotation":0,"texture":"#33723e9a-1e51-bbaa-8327-8a17ae3627c9","tintindex":0},"west":{"uv":[2.5,9.75,3.375,10.125],"rotation":0,"texture":"#33723e9a-1e51-bbaa-8327-8a17ae3627c9","tintindex":0}}}],"display":{"head":{"translation":[0.0,-6.4,0.0],"rotation":[0.0,0.0,0.0],"scale":[3.8095,3.8095,3.8095]},"gui":{"translation":[0.0,0.0,0.0],"rotation":[35.0,225.0,0.0],"scale":[0.625,0.625,0.625]}}}