{"textures":{"0":"modelengine:entity/32teemo"},"elements":[{"from":[7.4375224,7.75461,8.080224],"to":[8.562477,8.879564,9.767656],"faces":{"east":{"uv":[3.0,4.75,3.375,5.0],"tintindex":0,"rotation":0,"texture":"#0"},"south":{"uv":[6.5,3.5,6.75,3.75],"tintindex":0,"rotation":0,"texture":"#0"},"north":{"uv":[6.0,4.75,6.25,5.0],"tintindex":0,"rotation":0,"texture":"#0"},"west":{"uv":[6.25,5.75,6.625,6.0],"tintindex":0,"rotation":0,"texture":"#0"},"up":{"uv":[3.0,6.625,2.75,6.25],"tintindex":0,"rotation":0,"texture":"#0"},"down":{"uv":[1.5,6.5,1.25,6.875],"tintindex":0,"rotation":0,"texture":"#0"}}},{"from":[5.4591618,8.92757,8.696037],"to":[10.577707,8.92757,11.977156],"faces":{"up":{"uv":[8.0,3.0,6.75,3.875],"tintindex":0,"rotation":0,"texture":"#0"},"down":{"uv":[4.0,7.875,2.75,7.0],"tintindex":0,"rotation":0,"texture":"#0"}}},{"from":[5.3635793,8.9495735,11.96751],"to":[10.482124,8.9495735,15.248629],"faces":{"up":{"uv":[8.25,5.75,7.0,6.625],"tintindex":0,"rotation":0,"texture":"#0"},"down":{"uv":[8.25,7.625,7.0,6.75],"tintindex":0,"rotation":0,"texture":"#0"}},"rotation":{"origin":[7.922852,8.9495735,11.9586525],"angle":45.0,"axis":"x"}}],"display":{"gui":{"rotation":[30,225,0]}}}