{"file_name":"wood","texture_size":[64,64],"textures":{"33723e9a-1e51-bbaa-8327-8a17ae3627c9":"modelengine:entity/32teemo"},"elements":[{"name":"wood","from":[7.6625133,7.852766,8.048134],"to":[8.337486,8.527739,9.060594],"rotation":{"angle":0.0,"axis":"x","origin":[8.0,7.7821937,8.016671]},"faces":{"down":{"uv":[1.5,6.5,1.25,6.875],"rotation":0,"texture":"#33723e9a-1e51-bbaa-8327-8a17ae3627c9","tintindex":0},"east":{"uv":[3.0,4.75,3.375,5.0],"rotation":0,"texture":"#33723e9a-1e51-bbaa-8327-8a17ae3627c9","tintindex":0},"north":{"uv":[6.0,4.75,6.25,5.0],"rotation":0,"texture":"#33723e9a-1e51-bbaa-8327-8a17ae3627c9","tintindex":0},"south":{"uv":[6.5,3.5,6.75,3.75],"rotation":0,"texture":"#33723e9a-1e51-bbaa-8327-8a17ae3627c9","tintindex":0},"up":{"uv":[3.0,6.625,2.75,6.25],"rotation":0,"texture":"#33723e9a-1e51-bbaa-8327-8a17ae3627c9","tintindex":0},"west":{"uv":[6.25,5.75,6.625,6.0],"rotation":0,"texture":"#33723e9a-1e51-bbaa-8327-8a17ae3627c9","tintindex":0}}},{"name":"leaf","from":[6.4181476,8.569744,10.3805065],"to":[9.489275,8.569744,12.349177],"rotation":{"angle":45.0,"axis":"x","origin":[7.953711,8.569744,10.375192]},"faces":{"down":{"uv":[8.25,7.625,7.0,6.75],"rotation":0,"texture":"#33723e9a-1e51-bbaa-8327-8a17ae3627c9","tintindex":0},"east":{"uv":[0.875,0.0,0.0,0.0],"rotation":0,"texture":"#33723e9a-1e51-bbaa-8327-8a17ae3627c9","tintindex":0},"north":{"uv":[1.25,0.0,0.0,0.0],"rotation":0,"texture":"#33723e9a-1e51-bbaa-8327-8a17ae3627c9","tintindex":0},"south":{"uv":[1.25,0.0,0.0,0.0],"rotation":0,"texture":"#33723e9a-1e51-bbaa-8327-8a17ae3627c9","tintindex":0},"up":{"uv":[8.25,5.75,7.0,6.625],"rotation":0,"texture":"#33723e9a-1e51-bbaa-8327-8a17ae3627c9","tintindex":0},"west":{"uv":[0.875,0.0,0.0,0.0],"rotation":0,"texture":"#33723e9a-1e51-bbaa-8327-8a17ae3627c9","tintindex":0}}},{"name":"leaf","from":[6.4754972,8.556542,8.417623],"to":[9.546625,8.556542,10.386293],"rotation":{"angle":0.0,"axis":"x","origin":[8.611061,8.676542,5.7419577]},"faces":{"down":{"uv":[4.0,7.875,2.75,7.0],"rotation":0,"texture":"#33723e9a-1e51-bbaa-8327-8a17ae3627c9","tintindex":0},"east":{"uv":[0.875,0.0,0.0,0.0],"rotation":0,"texture":"#33723e9a-1e51-bbaa-8327-8a17ae3627c9","tintindex":0},"north":{"uv":[1.25,0.0,0.0,0.0],"rotation":0,"texture":"#33723e9a-1e51-bbaa-8327-8a17ae3627c9","tintindex":0},"south":{"uv":[1.25,0.0,0.0,0.0],"rotation":0,"texture":"#33723e9a-1e51-bbaa-8327-8a17ae3627c9","tintindex":0},"up":{"uv":[8.0,3.0,6.75,3.875],"rotation":0,"texture":"#33723e9a-1e51-bbaa-8327-8a17ae3627c9","tintindex":0},"west":{"uv":[0.875,0.0,0.0,0.0],"rotation":0,"texture":"#33723e9a-1e51-bbaa-8327-8a17ae3627c9","tintindex":0}}}],"display":{"head":{"translation":[0.0,-6.4,0.0],"rotation":[0.0,0.0,0.0],"scale":[3.8095,3.8095,3.8095]},"gui":{"translation":[0.0,0.0,0.0],"rotation":[35.0,225.0,0.0],"scale":[0.625,0.625,0.625]}}}