{"elements":[{"from":[1.5044641,8.737202,3.9409242],"to":[3.3504462,9.594344,5.0837812],"rotation":{"angle":-22.5,"axis":"x","origin":[2.4218745,8.6000595,5.1117063]},"faces":{"east":{"uv":[14.0,2.25,13.0,3.0],"rotation":0,"texture":"#0","tintindex":0},"south":{"uv":[13.0,2.25,14.0,3.0],"rotation":270,"texture":"#0","tintindex":0},"north":{"uv":[13.0,2.5,14.0,3.0],"rotation":0,"texture":"#0","tintindex":0},"west":{"uv":[13.0,2.25,14.0,3.0],"rotation":0,"texture":"#0","tintindex":0},"up":{"uv":[13.0,2.25,14.0,3.0],"rotation":180,"texture":"#0","tintindex":0},"down":{"uv":[13.0,2.25,14.0,3.0],"rotation":270,"texture":"#0","tintindex":0}}},{"from":[1.4999995,8.278724,3.9775624],"to":[3.3571424,8.850152,5.406134],"rotation":{"angle":0.0,"axis":"y","origin":[2.4285712,8.596522,5.056981]},"faces":{"east":{"uv":[14.25,1.5,13.0,2.0],"rotation":0,"texture":"#0","tintindex":0},"south":{"uv":[13.0,1.5,14.25,2.0],"rotation":270,"texture":"#0","tintindex":0},"north":{"uv":[13.0,1.5,14.25,2.0],"rotation":270,"texture":"#0","tintindex":0},"west":{"uv":[13.0,1.5,14.25,2.0],"rotation":0,"texture":"#0","tintindex":0},"up":{"uv":[13.0,1.5,14.25,2.0],"rotation":270,"texture":"#0","tintindex":0},"down":{"uv":[13.0,1.5,14.25,2.0],"rotation":270,"texture":"#0","tintindex":0}}},{"from":[1.4999995,8.278724,5.406134],"to":[3.3571424,9.42158,6.548991],"rotation":{"angle":0.0,"axis":"y","origin":[2.4285712,8.596522,5.056981]},"faces":{"east":{"uv":[14.25,1.0,15.25,2.0],"rotation":0,"texture":"#0","tintindex":0},"south":{"uv":[14.25,1.0,15.25,2.0],"rotation":270,"texture":"#0","tintindex":0},"north":{"uv":[14.25,1.0,15.25,2.0],"rotation":270,"texture":"#0","tintindex":0},"west":{"uv":[14.25,1.0,15.25,2.0],"rotation":0,"texture":"#0","tintindex":0},"up":{"uv":[14.25,1.0,15.25,2.0],"rotation":270,"texture":"#0","tintindex":0},"down":{"uv":[14.25,1.0,15.25,2.0],"rotation":270,"texture":"#0","tintindex":0}}},{"from":[1.5022321,8.664607,4.7834806],"to":[3.3549104,9.236036,5.6406236],"rotation":{"angle":-22.5,"axis":"x","origin":[2.4285712,8.73938,5.056981]},"faces":{"east":{"uv":[15.0,0.25,14.25,0.75],"rotation":0,"texture":"#0","tintindex":0},"south":{"uv":[14.25,0.25,15.0,0.75],"rotation":0,"texture":"#0","tintindex":0},"north":{"uv":[14.25,0.25,15.0,0.75],"rotation":0,"texture":"#0","tintindex":0},"west":{"uv":[14.25,0.25,15.0,0.75],"rotation":0,"texture":"#0","tintindex":0},"up":{"uv":[14.25,0.25,15.0,0.75],"rotation":0,"texture":"#0","tintindex":0},"down":{"uv":[14.25,0.25,15.0,0.75],"rotation":0,"texture":"#0","tintindex":0}}}],"textures":{"0":"modelengine:entity/sword_master"},"display":{"head":{"translation":[0.0,-6.4,0.0],"scale":[4.0,4.0,4.0]}}}