{"textures":{"0":"modelengine:entity/sword_master"},"elements":[{"from":[7.077846,7.8545303,6.84247],"to":[8.923828,8.711674,7.9853272],"rotation":{"angle":-22.5,"axis":"x","origin":[8.006417,7.7173886,8.013252]},"faces":{"east":{"uv":[14.0,2.25,13.0,3.0],"rotation":0,"texture":"#0","tintindex":0},"south":{"uv":[13.0,3.0,14.0,2.25],"rotation":270,"texture":"#0","tintindex":0},"north":{"uv":[14.0,2.5,13.0,3.0],"rotation":0,"texture":"#0","tintindex":0},"west":{"uv":[13.0,2.25,14.0,3.0],"rotation":0,"texture":"#0","tintindex":0},"up":{"uv":[14.0,2.25,13.0,3.0],"rotation":180,"texture":"#0","tintindex":0},"down":{"uv":[13.0,3.0,14.0,2.25],"rotation":270,"texture":"#0","tintindex":0}}},{"from":[7.0711493,7.3960524,6.8791084],"to":[8.928292,7.967481,8.30768],"rotation":{"angle":0.0,"axis":"y","origin":[7.999721,7.7138515,7.9585266]},"faces":{"east":{"uv":[14.25,1.5,13.0,2.0],"rotation":0,"texture":"#0","tintindex":0},"south":{"uv":[13.0,2.0,14.25,1.5],"rotation":270,"texture":"#0","tintindex":0},"north":{"uv":[13.0,2.0,14.25,1.5],"rotation":270,"texture":"#0","tintindex":0},"west":{"uv":[13.0,1.5,14.25,2.0],"rotation":0,"texture":"#0","tintindex":0},"up":{"uv":[13.0,2.0,14.25,1.5],"rotation":270,"texture":"#0","tintindex":0},"down":{"uv":[13.0,2.0,14.25,1.5],"rotation":270,"texture":"#0","tintindex":0}}},{"from":[7.0711493,7.3960524,8.30768],"to":[8.928292,8.53891,9.450538],"rotation":{"angle":0.0,"axis":"y","origin":[7.999721,7.7138515,7.9585266]},"faces":{"east":{"uv":[15.25,1.0,14.25,2.0],"rotation":0,"texture":"#0","tintindex":0},"south":{"uv":[14.25,2.0,15.25,1.0],"rotation":270,"texture":"#0","tintindex":0},"north":{"uv":[14.25,2.0,15.25,1.0],"rotation":270,"texture":"#0","tintindex":0},"west":{"uv":[15.25,1.0,14.25,2.0],"rotation":0,"texture":"#0","tintindex":0},"up":{"uv":[14.25,2.0,15.25,1.0],"rotation":270,"texture":"#0","tintindex":0},"down":{"uv":[14.25,2.0,15.25,1.0],"rotation":270,"texture":"#0","tintindex":0}}},{"from":[7.0733814,7.781936,7.6850266],"to":[8.926061,8.353365,8.54217],"rotation":{"angle":-22.5,"axis":"x","origin":[7.999721,7.8567085,7.9585266]},"faces":{"east":{"uv":[15.0,0.25,14.25,0.75],"rotation":0,"texture":"#0","tintindex":0},"south":{"uv":[15.0,0.25,14.25,0.75],"rotation":0,"texture":"#0","tintindex":0},"north":{"uv":[15.0,0.25,14.25,0.75],"rotation":0,"texture":"#0","tintindex":0},"west":{"uv":[14.25,0.25,15.0,0.75],"rotation":0,"texture":"#0","tintindex":0},"up":{"uv":[15.0,0.25,14.25,0.75],"rotation":0,"texture":"#0","tintindex":0},"down":{"uv":[15.0,0.25,14.25,0.75],"rotation":0,"texture":"#0","tintindex":0}}}],"display":{"head":{"translation":[0.0,-6.4,0.0],"scale":[4.0,4.0,4.0]}}}