{"elements":[{"from":[4.214857,14.560608,6.012],"to":[5.161143,16.926323,7.4314284],"rotation":{"angle":-22.5,"axis":"x","origin":[8.0,17.170286,8.614285]},"faces":{"east":{"uv":[12.375,14.3125,12.5,14.5625],"rotation":0,"texture":"#0","tintindex":0},"south":{"uv":[1.875,14.375,2.0,14.625],"rotation":0,"texture":"#0","tintindex":0},"north":{"uv":[7.625,13.375,7.75,13.625],"rotation":0,"texture":"#0","tintindex":0},"west":{"uv":[14.375,3.625,14.5,3.875],"rotation":0,"texture":"#0","tintindex":0},"up":{"uv":[11.625,6.6875,11.5,6.5625],"rotation":0,"texture":"#0","tintindex":0},"down":{"uv":[11.875,5.125,11.75,5.25],"rotation":0,"texture":"#0","tintindex":0}}},{"from":[4.214857,14.560608,8.850857],"to":[5.161143,16.926323,10.270286],"rotation":{"angle":-22.5,"axis":"x","origin":[8.0,17.170286,8.614285]},"faces":{"east":{"uv":[4.0,14.375,4.125,14.625],"rotation":0,"texture":"#0","tintindex":0},"south":{"uv":[4.125,14.375,4.25,14.625],"rotation":0,"texture":"#0","tintindex":0},"north":{"uv":[3.875,14.375,4.0,14.625],"rotation":0,"texture":"#0","tintindex":0},"west":{"uv":[4.25,14.375,4.375,14.625],"rotation":0,"texture":"#0","tintindex":0},"up":{"uv":[7.0,12.5625,6.875,12.4375],"rotation":0,"texture":"#0","tintindex":0},"down":{"uv":[13.25,7.4375,13.125,7.5625],"rotation":0,"texture":"#0","tintindex":0}}},{"from":[10.838858,14.560608,8.850857],"to":[11.785143,16.926323,10.270286],"rotation":{"angle":-22.5,"axis":"x","origin":[8.0,17.170286,8.614285]},"faces":{"east":{"uv":[4.5,14.375,4.625,14.625],"rotation":0,"texture":"#0","tintindex":0},"south":{"uv":[4.625,14.375,4.75,14.625],"rotation":0,"texture":"#0","tintindex":0},"north":{"uv":[4.375,14.375,4.5,14.625],"rotation":0,"texture":"#0","tintindex":0},"west":{"uv":[4.75,14.375,4.875,14.625],"rotation":0,"texture":"#0","tintindex":0},"up":{"uv":[8.3125,13.25,8.1875,13.125],"rotation":0,"texture":"#0","tintindex":0},"down":{"uv":[6.25,13.625,6.125,13.75],"rotation":0,"texture":"#0","tintindex":0}}},{"from":[10.838858,14.560608,6.012],"to":[11.785143,16.926323,7.4314284],"rotation":{"angle":-22.5,"axis":"x","origin":[8.0,17.170286,8.614285]},"faces":{"east":{"uv":[4.875,14.375,5.0,14.625],"rotation":0,"texture":"#0","tintindex":0},"south":{"uv":[5.0,14.375,5.125,14.625],"rotation":0,"texture":"#0","tintindex":0},"north":{"uv":[14.375,4.75,14.5,5.0],"rotation":0,"texture":"#0","tintindex":0},"west":{"uv":[5.5,14.375,5.625,14.625],"rotation":0,"texture":"#0","tintindex":0},"up":{"uv":[13.5,13.875,13.375,13.75],"rotation":0,"texture":"#0","tintindex":0},"down":{"uv":[12.875,14.125,12.75,14.25],"rotation":0,"texture":"#0","tintindex":0}}},{"from":[4.6879997,14.568001,4.8291426],"to":[11.312,15.987429,11.453143],"rotation":{"angle":-22.5,"axis":"x","origin":[8.0,17.170286,8.614285]},"faces":{"east":{"uv":[13.5625,2.4375,14.3125,2.5625],"rotation":0,"texture":"#0","tintindex":0},"south":{"uv":[13.625,13.3125,14.375,13.4375],"rotation":0,"texture":"#0","tintindex":0},"north":{"uv":[10.75,6.5625,11.5,6.6875],"rotation":0,"texture":"#0","tintindex":0},"west":{"uv":[13.75,8.1875,14.5,8.3125],"rotation":0,"texture":"#0","tintindex":0},"up":{"uv":[11.125,8.75,10.375,8.0],"rotation":0,"texture":"#0","tintindex":0},"down":{"uv":[11.125,8.75,10.375,9.5],"rotation":0,"texture":"#0","tintindex":0}}},{"from":[6.1074286,14.532885,4.356],"to":[7.526857,16.933716,5.302285],"rotation":{"angle":-22.5,"axis":"x","origin":[8.0,17.170286,8.614285]},"faces":{"east":{"uv":[5.75,14.375,5.875,14.625],"rotation":0,"texture":"#0","tintindex":0},"south":{"uv":[5.875,14.375,6.0,14.625],"rotation":0,"texture":"#0","tintindex":0},"north":{"uv":[5.625,14.375,5.75,14.625],"rotation":0,"texture":"#0","tintindex":0},"west":{"uv":[6.0,14.375,6.125,14.625],"rotation":0,"texture":"#0","tintindex":0},"up":{"uv":[14.5625,1.125,14.4375,1.0],"rotation":0,"texture":"#0","tintindex":0},"down":{"uv":[14.5625,1.125,14.4375,1.25],"rotation":0,"texture":"#0","tintindex":0}}},{"from":[8.473143,14.532885,4.356],"to":[9.892571,16.933716,5.302285],"rotation":{"angle":-22.5,"axis":"x","origin":[8.0,17.170286,8.614285]},"faces":{"east":{"uv":[14.375,7.5625,14.5,7.8125],"rotation":0,"texture":"#0","tintindex":0},"south":{"uv":[14.375,7.8125,14.5,8.0625],"rotation":0,"texture":"#0","tintindex":0},"north":{"uv":[14.375,7.3125,14.5,7.5625],"rotation":0,"texture":"#0","tintindex":0},"west":{"uv":[7.9375,14.375,8.0625,14.625],"rotation":0,"texture":"#0","tintindex":0},"up":{"uv":[14.5625,1.375,14.4375,1.25],"rotation":0,"texture":"#0","tintindex":0},"down":{"uv":[14.5625,2.5625,14.4375,2.6875],"rotation":0,"texture":"#0","tintindex":0}}}],"textures":{"0":"modelengine:entity/iron_demon"},"display":{"head":{"translation":[0.0,-6.4,0.0],"scale":[4.0,4.0,4.0]}}}