{"textures":{"0":"modelengine:entity/iron_demon"},"elements":[{"name":"cube","from":[4.0256,14.8886385,5.9125996],"to":[5.0192,17.372639,7.403],"rotation":{"angle":-22.5,"axis":"x","origin":[8.0,17.628803,8.645]},"faces":{"down":{"uv":[11.875,5.125,11.75,5.25],"rotation":0,"texture":"#0","tintindex":0},"east":{"uv":[12.375,14.3125,12.5,14.5625],"rotation":0,"texture":"#0","tintindex":0},"north":{"uv":[7.625,13.375,7.75,13.625],"rotation":0,"texture":"#0","tintindex":0},"south":{"uv":[1.875,14.375,2.0,14.625],"rotation":0,"texture":"#0","tintindex":0},"up":{"uv":[11.625,6.6875,11.5,6.5625],"rotation":0,"texture":"#0","tintindex":0},"west":{"uv":[14.375,3.625,14.5,3.875],"rotation":0,"texture":"#0","tintindex":0}}},{"name":"cube","from":[4.0256,14.8886385,8.8934],"to":[5.0192,17.372639,10.3838005],"rotation":{"angle":-22.5,"axis":"x","origin":[8.0,17.628803,8.645]},"faces":{"down":{"uv":[13.25,7.4375,13.125,7.5625],"rotation":0,"texture":"#0","tintindex":0},"east":{"uv":[4.0,14.375,4.125,14.625],"rotation":0,"texture":"#0","tintindex":0},"north":{"uv":[3.875,14.375,4.0,14.625],"rotation":0,"texture":"#0","tintindex":0},"south":{"uv":[4.125,14.375,4.25,14.625],"rotation":0,"texture":"#0","tintindex":0},"up":{"uv":[7.0,12.5625,6.875,12.4375],"rotation":0,"texture":"#0","tintindex":0},"west":{"uv":[4.25,14.375,4.375,14.625],"rotation":0,"texture":"#0","tintindex":0}}},{"name":"cube","from":[10.980801,14.8886385,8.8934],"to":[11.9744005,17.372639,10.3838005],"rotation":{"angle":-22.5,"axis":"x","origin":[8.0,17.628803,8.645]},"faces":{"down":{"uv":[6.25,13.625,6.125,13.75],"rotation":0,"texture":"#0","tintindex":0},"east":{"uv":[4.5,14.375,4.625,14.625],"rotation":0,"texture":"#0","tintindex":0},"north":{"uv":[4.375,14.375,4.5,14.625],"rotation":0,"texture":"#0","tintindex":0},"south":{"uv":[4.625,14.375,4.75,14.625],"rotation":0,"texture":"#0","tintindex":0},"up":{"uv":[8.3125,13.25,8.1875,13.125],"rotation":0,"texture":"#0","tintindex":0},"west":{"uv":[4.75,14.375,4.875,14.625],"rotation":0,"texture":"#0","tintindex":0}}},{"name":"cube","from":[10.980801,14.8886385,5.9125996],"to":[11.9744005,17.372639,7.403],"rotation":{"angle":-22.5,"axis":"x","origin":[8.0,17.628803,8.645]},"faces":{"down":{"uv":[12.875,14.125,12.75,14.25],"rotation":0,"texture":"#0","tintindex":0},"east":{"uv":[4.875,14.375,5.0,14.625],"rotation":0,"texture":"#0","tintindex":0},"north":{"uv":[14.375,4.75,14.5,5.0],"rotation":0,"texture":"#0","tintindex":0},"south":{"uv":[5.0,14.375,5.125,14.625],"rotation":0,"texture":"#0","tintindex":0},"up":{"uv":[13.5,13.875,13.375,13.75],"rotation":0,"texture":"#0","tintindex":0},"west":{"uv":[5.5,14.375,5.625,14.625],"rotation":0,"texture":"#0","tintindex":0}}},{"name":"cube","from":[4.5224,14.896402,4.6706],"to":[11.4776,16.386803,11.6258],"rotation":{"angle":-22.5,"axis":"x","origin":[8.0,17.628803,8.645]},"faces":{"down":{"uv":[11.125,8.75,10.375,9.5],"rotation":0,"texture":"#0","tintindex":0},"east":{"uv":[13.5625,2.4375,14.3125,2.5625],"rotation":0,"texture":"#0","tintindex":0},"north":{"uv":[10.75,6.5625,11.5,6.6875],"rotation":0,"texture":"#0","tintindex":0},"south":{"uv":[13.625,13.3125,14.375,13.4375],"rotation":0,"texture":"#0","tintindex":0},"up":{"uv":[11.125,8.75,10.375,8.0],"rotation":0,"texture":"#0","tintindex":0},"west":{"uv":[13.75,8.1875,14.5,8.3125],"rotation":0,"texture":"#0","tintindex":0}}},{"name":"cube","from":[6.0127997,14.8595295,4.1738],"to":[7.5032,17.380402,5.1674],"rotation":{"angle":-22.5,"axis":"x","origin":[8.0,17.628803,8.645]},"faces":{"down":{"uv":[14.5625,1.125,14.4375,1.25],"rotation":0,"texture":"#0","tintindex":0},"east":{"uv":[5.75,14.375,5.875,14.625],"rotation":0,"texture":"#0","tintindex":0},"north":{"uv":[5.625,14.375,5.75,14.625],"rotation":0,"texture":"#0","tintindex":0},"south":{"uv":[5.875,14.375,6.0,14.625],"rotation":0,"texture":"#0","tintindex":0},"up":{"uv":[14.5625,1.125,14.4375,1.0],"rotation":0,"texture":"#0","tintindex":0},"west":{"uv":[6.0,14.375,6.125,14.625],"rotation":0,"texture":"#0","tintindex":0}}},{"name":"cube","from":[8.496799,14.8595295,4.1738],"to":[9.9872,17.380402,5.1674],"rotation":{"angle":-22.5,"axis":"x","origin":[8.0,17.628803,8.645]},"faces":{"down":{"uv":[14.5625,2.5625,14.4375,2.6875],"rotation":0,"texture":"#0","tintindex":0},"east":{"uv":[14.375,7.5625,14.5,7.8125],"rotation":0,"texture":"#0","tintindex":0},"north":{"uv":[14.375,7.3125,14.5,7.5625],"rotation":0,"texture":"#0","tintindex":0},"south":{"uv":[14.375,7.8125,14.5,8.0625],"rotation":0,"texture":"#0","tintindex":0},"up":{"uv":[14.5625,1.375,14.4375,1.25],"rotation":0,"texture":"#0","tintindex":0},"west":{"uv":[7.9375,14.375,8.0625,14.625],"rotation":0,"texture":"#0","tintindex":0}}}],"display":{"head":{"translation":[0.0,-6.4,0.0],"rotation":[0.0,0.0,0.0],"scale":[3.8095,3.8095,3.8095]}}}