{"textures":{"0":"modelengine:entity/iron_demon"},"elements":[{"from":[8.828,19.432549,1.6230001],"to":[11.312,23.634003,3.2789998],"faces":{"east":{"uv":[14.375,7.5625,14.5,7.8125],"tintindex":0,"rotation":0,"texture":"#0"},"south":{"uv":[14.375,7.8125,14.5,8.0625],"tintindex":0,"rotation":0,"texture":"#0"},"north":{"uv":[14.375,7.3125,14.5,7.5625],"tintindex":0,"rotation":0,"texture":"#0"},"west":{"uv":[7.9375,14.375,8.0625,14.625],"tintindex":0,"rotation":0,"texture":"#0"},"up":{"uv":[14.5625,1.375,14.4375,1.25],"tintindex":0,"rotation":0,"texture":"#0"},"down":{"uv":[14.5625,2.5625,14.4375,2.6875],"tintindex":0,"rotation":0,"texture":"#0"}},"rotation":{"origin":[8.0,24.048004,9.075],"angle":-22.5,"axis":"x"}},{"from":[12.968,19.481064,4.521],"to":[14.624001,23.621063,7.005],"faces":{"east":{"uv":[4.875,14.375,5.0,14.625],"tintindex":0,"rotation":0,"texture":"#0"},"south":{"uv":[5.0,14.375,5.125,14.625],"tintindex":0,"rotation":0,"texture":"#0"},"north":{"uv":[14.375,4.75,14.5,5.0],"tintindex":0,"rotation":0,"texture":"#0"},"west":{"uv":[5.5,14.375,5.625,14.625],"tintindex":0,"rotation":0,"texture":"#0"},"up":{"uv":[13.5,13.875,13.375,13.75],"tintindex":0,"rotation":0,"texture":"#0"},"down":{"uv":[12.875,14.125,12.75,14.25],"tintindex":0,"rotation":0,"texture":"#0"}},"rotation":{"origin":[8.0,24.048004,9.075],"angle":-22.5,"axis":"x"}},{"from":[1.3759999,19.481064,4.521],"to":[3.032,23.621063,7.005],"faces":{"east":{"uv":[12.375,14.3125,12.5,14.5625],"tintindex":0,"rotation":0,"texture":"#0"},"south":{"uv":[1.875,14.375,2.0,14.625],"tintindex":0,"rotation":0,"texture":"#0"},"north":{"uv":[7.625,13.375,7.75,13.625],"tintindex":0,"rotation":0,"texture":"#0"},"west":{"uv":[14.375,3.625,14.5,3.875],"tintindex":0,"rotation":0,"texture":"#0"},"up":{"uv":[11.625,6.6875,11.5,6.5625],"tintindex":0,"rotation":0,"texture":"#0"},"down":{"uv":[11.875,5.125,11.75,5.25],"tintindex":0,"rotation":0,"texture":"#0"}},"rotation":{"origin":[8.0,24.048004,9.075],"angle":-22.5,"axis":"x"}},{"from":[12.968,19.481064,9.489],"to":[14.624001,23.621063,11.973],"faces":{"east":{"uv":[4.5,14.375,4.625,14.625],"tintindex":0,"rotation":0,"texture":"#0"},"south":{"uv":[4.625,14.375,4.75,14.625],"tintindex":0,"rotation":0,"texture":"#0"},"north":{"uv":[4.375,14.375,4.5,14.625],"tintindex":0,"rotation":0,"texture":"#0"},"west":{"uv":[4.75,14.375,4.875,14.625],"tintindex":0,"rotation":0,"texture":"#0"},"up":{"uv":[8.3125,13.25,8.1875,13.125],"tintindex":0,"rotation":0,"texture":"#0"},"down":{"uv":[6.25,13.625,6.125,13.75],"tintindex":0,"rotation":0,"texture":"#0"}},"rotation":{"origin":[8.0,24.048004,9.075],"angle":-22.5,"axis":"x"}},{"from":[4.6879997,19.432549,1.6230001],"to":[7.172,23.634003,3.2789998],"faces":{"east":{"uv":[5.75,14.375,5.875,14.625],"tintindex":0,"rotation":0,"texture":"#0"},"south":{"uv":[5.875,14.375,6.0,14.625],"tintindex":0,"rotation":0,"texture":"#0"},"north":{"uv":[5.625,14.375,5.75,14.625],"tintindex":0,"rotation":0,"texture":"#0"},"west":{"uv":[6.0,14.375,6.125,14.625],"tintindex":0,"rotation":0,"texture":"#0"},"up":{"uv":[14.5625,1.125,14.4375,1.0],"tintindex":0,"rotation":0,"texture":"#0"},"down":{"uv":[14.5625,1.125,14.4375,1.25],"tintindex":0,"rotation":0,"texture":"#0"}},"rotation":{"origin":[8.0,24.048004,9.075],"angle":-22.5,"axis":"x"}},{"from":[1.3759999,19.481064,9.489],"to":[3.032,23.621063,11.973],"faces":{"east":{"uv":[4.0,14.375,4.125,14.625],"tintindex":0,"rotation":0,"texture":"#0"},"south":{"uv":[4.125,14.375,4.25,14.625],"tintindex":0,"rotation":0,"texture":"#0"},"north":{"uv":[3.875,14.375,4.0,14.625],"tintindex":0,"rotation":0,"texture":"#0"},"west":{"uv":[4.25,14.375,4.375,14.625],"tintindex":0,"rotation":0,"texture":"#0"},"up":{"uv":[7.0,12.5625,6.875,12.4375],"tintindex":0,"rotation":0,"texture":"#0"},"down":{"uv":[13.25,7.4375,13.125,7.5625],"tintindex":0,"rotation":0,"texture":"#0"}},"rotation":{"origin":[8.0,24.048004,9.075],"angle":-22.5,"axis":"x"}},{"from":[2.204,19.494003,2.4509997],"to":[13.796,21.978004,14.042999],"faces":{"east":{"uv":[13.5625,2.4375,14.3125,2.5625],"tintindex":0,"rotation":0,"texture":"#0"},"south":{"uv":[13.625,13.3125,14.375,13.4375],"tintindex":0,"rotation":0,"texture":"#0"},"north":{"uv":[10.75,6.5625,11.5,6.6875],"tintindex":0,"rotation":0,"texture":"#0"},"west":{"uv":[13.75,8.1875,14.5,8.3125],"tintindex":0,"rotation":0,"texture":"#0"},"up":{"uv":[11.125,8.75,10.375,8.0],"tintindex":0,"rotation":0,"texture":"#0"},"down":{"uv":[11.125,8.75,10.375,9.5],"tintindex":0,"rotation":0,"texture":"#0"}},"rotation":{"origin":[8.0,24.048004,9.075],"angle":-22.5,"axis":"x"}}],"display":{"gui":{"rotation":[30,225,0]}}}