{"textures":{"0":"modelengine:entity/iron_demon"},"elements":[{"name":"cube","from":[9.05,5.7697077,2.7759864],"to":[10.55,7.929708,6.075987],"rotation":{"angle":-22.5,"axis":"x","origin":[14.916957,7.149708,5.325987]},"faces":{"down":{"uv":[2.1875,14.125,2.0,14.5],"rotation":0,"texture":"#0","tintindex":0},"east":{"uv":[11.25,13.9375,10.875,14.1875],"rotation":0,"texture":"#0","tintindex":0},"north":{"uv":[14.25,13.0,14.4375,13.25],"rotation":0,"texture":"#0","tintindex":0},"south":{"uv":[14.3125,1.375,14.5,1.625],"rotation":0,"texture":"#0","tintindex":0},"up":{"uv":[1.3125,14.5,1.125,14.125],"rotation":0,"texture":"#0","tintindex":0},"west":{"uv":[4.25,13.9375,4.625,14.1875],"rotation":0,"texture":"#0","tintindex":0}}},{"name":"cube","from":[5.75,5.0917077,5.6757727],"to":[10.25,8.151709,10.175774],"rotation":{"angle":0.0,"axis":"x","origin":[8.0,13.839021,8.000026]},"faces":{"down":{"uv":[10.9375,12.9375,10.4375,13.4375],"rotation":0,"texture":"#0","tintindex":0},"east":{"uv":[6.125,13.75,6.625,14.0625],"rotation":0,"texture":"#0","tintindex":0},"north":{"uv":[3.0,13.75,3.5,14.0625],"rotation":0,"texture":"#0","tintindex":0},"south":{"uv":[13.75,4.4375,14.25,4.75],"rotation":0,"texture":"#0","tintindex":0},"up":{"uv":[10.4375,13.4375,9.9375,12.9375],"rotation":0,"texture":"#0","tintindex":0},"west":{"uv":[6.125,13.75,6.625,14.0625],"rotation":0,"texture":"#0","tintindex":0}}},{"name":"cube","from":[6.95,5.6917076,9.800774],"to":[9.05,7.851708,13.400774],"rotation":{"angle":22.5,"axis":"x","origin":[12.8169565,7.0717077,10.625772]},"faces":{"down":{"uv":[10.875,13.9375,10.625,14.3125],"rotation":0,"texture":"#0","tintindex":0},"east":{"uv":[10.875,13.9375,11.25,14.1875],"rotation":0,"texture":"#0","tintindex":0},"north":{"uv":[13.875,14.125,14.125,14.375],"rotation":0,"texture":"#0","tintindex":0},"south":{"uv":[14.125,13.875,14.375,14.125],"rotation":0,"texture":"#0","tintindex":0},"up":{"uv":[14.1875,9.3125,13.9375,8.9375],"rotation":0,"texture":"#0","tintindex":0},"west":{"uv":[11.25,13.9375,10.875,14.1875],"rotation":0,"texture":"#0","tintindex":0}}},{"name":"cube","from":[7.4,7.5321417,11.77455],"to":[8.6,8.792142,14.47455],"rotation":{"angle":45.0,"axis":"x","origin":[12.8169565,6.7371416,10.6495495]},"faces":{"down":{"uv":[10.3125,14.3125,10.1875,14.625],"rotation":0,"texture":"#0","tintindex":0},"east":{"uv":[14.3125,8.4375,14.625,8.5625],"rotation":0,"texture":"#0","tintindex":0},"north":{"uv":[2.0,14.5,2.125,14.625],"rotation":0,"texture":"#0","tintindex":0},"south":{"uv":[14.5,2.0625,14.625,2.1875],"rotation":0,"texture":"#0","tintindex":0},"up":{"uv":[10.1875,14.625,10.0625,14.3125],"rotation":0,"texture":"#0","tintindex":0},"west":{"uv":[14.3125,9.4375,14.625,9.5625],"rotation":0,"texture":"#0","tintindex":0}}},{"name":"cube","from":[5.45,5.7697077,2.7759864],"to":[6.95,7.929708,6.075987],"rotation":{"angle":-22.5,"axis":"x","origin":[11.3169565,7.149708,5.325987]},"faces":{"down":{"uv":[2.5625,14.125,2.375,14.5],"rotation":0,"texture":"#0","tintindex":0},"east":{"uv":[13.9375,10.8125,14.3125,11.0625],"rotation":0,"texture":"#0","tintindex":0},"north":{"uv":[14.3125,2.0625,14.5,2.3125],"rotation":0,"texture":"#0","tintindex":0},"south":{"uv":[14.3125,2.3125,14.5,2.5625],"rotation":0,"texture":"#0","tintindex":0},"up":{"uv":[2.375,14.5,2.1875,14.125],"rotation":0,"texture":"#0","tintindex":0},"west":{"uv":[10.875,13.9375,11.25,14.1875],"rotation":0,"texture":"#0","tintindex":0}}},{"name":"cube","from":[5.75,7.5351415,1.7022096],"to":[6.6499996,8.795141,4.4022098],"rotation":{"angle":-45.0,"axis":"x","origin":[11.3169565,6.8151417,5.30221]},"faces":{"down":{"uv":[10.75,14.3125,10.625,14.625],"rotation":0,"texture":"#0","tintindex":0},"east":{"uv":[14.3125,9.5625,14.625,9.6875],"rotation":0,"texture":"#0","tintindex":0},"north":{"uv":[2.125,14.5,2.25,14.625],"rotation":0,"texture":"#0","tintindex":0},"south":{"uv":[14.5,2.1875,14.625,2.3125],"rotation":0,"texture":"#0","tintindex":0},"up":{"uv":[10.4375,14.625,10.3125,14.3125],"rotation":0,"texture":"#0","tintindex":0},"west":{"uv":[14.3125,10.0,14.625,10.125],"rotation":0,"texture":"#0","tintindex":0}}},{"name":"cube","from":[7.25,5.7697077,2.7759864],"to":[8.75,7.929708,6.075987],"rotation":{"angle":-22.5,"axis":"x","origin":[13.116957,7.149708,5.325987]},"faces":{"down":{"uv":[3.875,14.125,3.6875,14.5],"rotation":0,"texture":"#0","tintindex":0},"east":{"uv":[13.9375,11.0625,14.3125,11.3125],"rotation":0,"texture":"#0","tintindex":0},"north":{"uv":[14.3125,2.8125,14.5,3.0625],"rotation":0,"texture":"#0","tintindex":0},"south":{"uv":[2.9375,14.3125,3.125,14.5625],"rotation":0,"texture":"#0","tintindex":0},"up":{"uv":[3.6875,14.5,3.5,14.125],"rotation":0,"texture":"#0","tintindex":0},"west":{"uv":[13.9375,13.4375,14.3125,13.6875],"rotation":0,"texture":"#0","tintindex":0}}},{"name":"cube","from":[7.55,7.5351415,1.7022096],"to":[8.45,8.795141,4.4022098],"rotation":{"angle":-45.0,"axis":"x","origin":[13.116957,6.8151417,5.30221]},"faces":{"down":{"uv":[11.5625,14.3125,11.4375,14.625],"rotation":0,"texture":"#0","tintindex":0},"east":{"uv":[14.3125,10.8125,14.625,10.9375],"rotation":0,"texture":"#0","tintindex":0},"north":{"uv":[2.25,14.5,2.375,14.625],"rotation":0,"texture":"#0","tintindex":0},"south":{"uv":[14.5,2.3125,14.625,2.4375],"rotation":0,"texture":"#0","tintindex":0},"up":{"uv":[10.875,14.625,10.75,14.3125],"rotation":0,"texture":"#0","tintindex":0},"west":{"uv":[14.3125,10.9375,14.625,11.0625],"rotation":0,"texture":"#0","tintindex":0}}},{"name":"cube","from":[9.35,7.5351415,1.7022096],"to":[10.25,8.795141,4.4022098],"rotation":{"angle":-45.0,"axis":"x","origin":[14.916957,6.8151417,5.30221]},"faces":{"down":{"uv":[14.4375,11.5625,14.3125,11.875],"rotation":0,"texture":"#0","tintindex":0},"east":{"uv":[14.3125,11.0625,14.625,11.1875],"rotation":0,"texture":"#0","tintindex":0},"north":{"uv":[2.375,14.5,2.5,14.625],"rotation":0,"texture":"#0","tintindex":0},"south":{"uv":[14.5,2.4375,14.625,2.5625],"rotation":0,"texture":"#0","tintindex":0},"up":{"uv":[11.6875,14.625,11.5625,14.3125],"rotation":0,"texture":"#0","tintindex":0},"west":{"uv":[14.3125,11.1875,14.625,11.3125],"rotation":0,"texture":"#0","tintindex":0}}}],"display":{"head":{"translation":[0.0,-6.4,0.0],"rotation":[0.0,0.0,0.0],"scale":[3.8095,3.8095,3.8095]}}}