{"textures":{"0":"modelengine:entity/iron_demon"},"elements":[{"from":[6.9999995,7.220236,14.290916],"to":[9.0,9.320236,18.790916],"faces":{"east":{"uv":[14.25,9.875,14.5625,10.0],"tintindex":0,"rotation":0,"texture":"#0"},"south":{"uv":[1.3125,14.5,1.4375,14.625],"tintindex":0,"rotation":0,"texture":"#0"},"north":{"uv":[1.1875,14.5,1.3125,14.625],"tintindex":0,"rotation":0,"texture":"#0"},"west":{"uv":[14.3125,3.375,14.625,3.5],"tintindex":0,"rotation":0,"texture":"#0"},"up":{"uv":[14.4375,6.375,14.3125,6.0625],"tintindex":0,"rotation":0,"texture":"#0"},"down":{"uv":[6.25,14.3125,6.125,14.625],"tintindex":0,"rotation":0,"texture":"#0"}},"rotation":{"origin":[-0.028261185,5.895236,12.415916],"angle":45.0,"axis":"x"}},{"from":[10.25,7.225236,-2.496317],"to":[11.75,9.325235,2.003683],"faces":{"east":{"uv":[14.3125,3.5,14.625,3.625],"tintindex":0,"rotation":0,"texture":"#0"},"south":{"uv":[1.4375,14.5,1.5625,14.625],"tintindex":0,"rotation":0,"texture":"#0"},"north":{"uv":[14.5,1.375,14.625,1.5],"tintindex":0,"rotation":0,"texture":"#0"},"west":{"uv":[14.3125,5.625,14.625,5.75],"tintindex":0,"rotation":0,"texture":"#0"},"up":{"uv":[6.375,14.625,6.25,14.3125],"tintindex":0,"rotation":0,"texture":"#0"},"down":{"uv":[14.4375,6.375,14.3125,6.6875],"tintindex":0,"rotation":0,"texture":"#0"}},"rotation":{"origin":[2.4717388,6.025236,3.503683],"angle":-45.0,"axis":"x"}},{"from":[4.2499995,3.1528463,4.1262884],"to":[11.75,8.252847,11.626288],"faces":{"east":{"uv":[6.125,13.75,6.625,14.0625],"tintindex":0,"rotation":0,"texture":"#0"},"south":{"uv":[13.75,0.0,14.25,0.3125],"tintindex":0,"rotation":0,"texture":"#0"},"north":{"uv":[12.3125,1.125,12.8125,1.4375],"tintindex":0,"rotation":0,"texture":"#0"},"west":{"uv":[6.125,13.75,6.625,14.0625],"tintindex":0,"rotation":0,"texture":"#0"},"up":{"uv":[6.9375,13.4375,6.4375,12.9375],"tintindex":0,"rotation":0,"texture":"#0"},"down":{"uv":[13.4375,9.4375,12.9375,9.9375],"tintindex":0,"rotation":0,"texture":"#0"}}},{"from":[3.75,4.2828465,-0.7066889],"to":[6.2499995,7.882847,4.793311],"faces":{"east":{"uv":[8.0,2.5,8.375,2.75],"tintindex":0,"rotation":0,"texture":"#0"},"south":{"uv":[11.25,14.25,11.4375,14.5],"tintindex":0,"rotation":0,"texture":"#0"},"north":{"uv":[6.625,14.25,6.8125,14.5],"tintindex":0,"rotation":0,"texture":"#0"},"west":{"uv":[10.875,13.9375,11.25,14.1875],"tintindex":0,"rotation":0,"texture":"#0"},"up":{"uv":[2.5625,5.1875,2.375,4.8125],"tintindex":0,"rotation":0,"texture":"#0"},"down":{"uv":[6.4375,13.0625,6.25,13.4375],"tintindex":0,"rotation":0,"texture":"#0"}},"rotation":{"origin":[-3.5282612,6.5828466,3.543311],"angle":-22.5,"axis":"x"}},{"from":[4.2499995,7.225236,-2.496317],"to":[5.7499995,9.325235,2.003683],"faces":{"east":{"uv":[14.3125,6.9375,14.625,7.0625],"tintindex":0,"rotation":0,"texture":"#0"},"south":{"uv":[14.5,1.75,14.625,1.875],"tintindex":0,"rotation":0,"texture":"#0"},"north":{"uv":[14.5,1.625,14.625,1.75],"tintindex":0,"rotation":0,"texture":"#0"},"west":{"uv":[14.3125,8.3125,14.625,8.4375],"tintindex":0,"rotation":0,"texture":"#0"},"up":{"uv":[9.9375,14.625,9.8125,14.3125],"tintindex":0,"rotation":0,"texture":"#0"},"down":{"uv":[10.0625,14.3125,9.9375,14.625],"tintindex":0,"rotation":0,"texture":"#0"}},"rotation":{"origin":[-3.5282612,6.025236,3.503683],"angle":-45.0,"axis":"x"}},{"from":[9.75,4.2828465,-0.7066889],"to":[12.25,7.882847,4.793311],"faces":{"east":{"uv":[10.875,13.9375,11.25,14.1875],"tintindex":0,"rotation":0,"texture":"#0"},"south":{"uv":[12.75,14.25,12.9375,14.5],"tintindex":0,"rotation":0,"texture":"#0"},"north":{"uv":[14.25,11.3125,14.4375,11.5625],"tintindex":0,"rotation":0,"texture":"#0"},"west":{"uv":[13.875,7.125,14.25,7.375],"tintindex":0,"rotation":0,"texture":"#0"},"up":{"uv":[13.375,14.375,13.1875,14.0],"tintindex":0,"rotation":0,"texture":"#0"},"down":{"uv":[6.625,14.0625,6.4375,14.4375],"tintindex":0,"rotation":0,"texture":"#0"}},"rotation":{"origin":[2.4717388,6.5828466,3.543311],"angle":-22.5,"axis":"x"}},{"from":[7.2499995,7.225236,-2.496317],"to":[8.75,9.325235,2.003683],"faces":{"east":{"uv":[14.3125,6.6875,14.625,6.8125],"tintindex":0,"rotation":0,"texture":"#0"},"south":{"uv":[1.5625,14.5,1.6875,14.625],"tintindex":0,"rotation":0,"texture":"#0"},"north":{"uv":[14.5,1.5,14.625,1.625],"tintindex":0,"rotation":0,"texture":"#0"},"west":{"uv":[14.3125,6.8125,14.625,6.9375],"tintindex":0,"rotation":0,"texture":"#0"},"up":{"uv":[9.6875,14.625,9.5625,14.3125],"tintindex":0,"rotation":0,"texture":"#0"},"down":{"uv":[9.8125,14.3125,9.6875,14.625],"tintindex":0,"rotation":0,"texture":"#0"}},"rotation":{"origin":[-0.5282612,6.025236,3.503683],"angle":-45.0,"axis":"x"}},{"from":[6.2499995,4.1528463,11.001288],"to":[9.75,7.7528467,17.00129],"faces":{"east":{"uv":[10.875,13.9375,11.25,14.1875],"tintindex":0,"rotation":0,"texture":"#0"},"south":{"uv":[13.625,14.125,13.875,14.375],"tintindex":0,"rotation":0,"texture":"#0"},"north":{"uv":[13.375,14.125,13.625,14.375],"tintindex":0,"rotation":0,"texture":"#0"},"west":{"uv":[11.25,13.9375,10.875,14.1875],"tintindex":0,"rotation":0,"texture":"#0"},"up":{"uv":[7.1875,13.3125,6.9375,12.9375],"tintindex":0,"rotation":0,"texture":"#0"},"down":{"uv":[8.5625,13.75,8.3125,14.125],"tintindex":0,"rotation":0,"texture":"#0"}},"rotation":{"origin":[-0.028261185,6.4528465,12.376288],"angle":22.5,"axis":"x"}},{"from":[6.7499995,4.2828465,-0.7066889],"to":[9.25,7.882847,4.793311],"faces":{"east":{"uv":[13.375,13.875,13.75,14.125],"tintindex":0,"rotation":0,"texture":"#0"},"south":{"uv":[12.9375,14.25,13.125,14.5],"tintindex":0,"rotation":0,"texture":"#0"},"north":{"uv":[14.25,12.75,14.4375,13.0],"tintindex":0,"rotation":0,"texture":"#0"},"west":{"uv":[13.75,13.875,14.125,14.125],"tintindex":0,"rotation":0,"texture":"#0"},"up":{"uv":[9.0,14.4375,8.8125,14.0625],"tintindex":0,"rotation":0,"texture":"#0"},"down":{"uv":[1.125,14.125,0.9375,14.5],"tintindex":0,"rotation":0,"texture":"#0"}},"rotation":{"origin":[-0.5282612,6.5828466,3.543311],"angle":-22.5,"axis":"x"}}],"display":{"gui":{"rotation":[30,225,0]}}}