{"textures":{"0":"modelengine:entity/iron_demon"},"elements":[{"from":[7.0,7.220236,14.290916],"to":[9.0,9.320236,18.790916],"faces":{"east":{"uv":[14.3125,8.4375,14.625,8.5625],"tintindex":0,"rotation":0,"texture":"#0"},"south":{"uv":[14.5,2.0625,14.625,2.1875],"tintindex":0,"rotation":0,"texture":"#0"},"north":{"uv":[2.0,14.5,2.125,14.625],"tintindex":0,"rotation":0,"texture":"#0"},"west":{"uv":[14.3125,9.4375,14.625,9.5625],"tintindex":0,"rotation":0,"texture":"#0"},"up":{"uv":[10.1875,14.625,10.0625,14.3125],"tintindex":0,"rotation":0,"texture":"#0"},"down":{"uv":[10.3125,14.3125,10.1875,14.625],"tintindex":0,"rotation":0,"texture":"#0"}},"rotation":{"origin":[16.028261,5.895236,12.415916],"angle":45.0,"axis":"x"}},{"from":[4.25,7.225236,-2.496317],"to":[5.75,9.325235,2.003683],"faces":{"east":{"uv":[14.3125,9.5625,14.625,9.6875],"tintindex":0,"rotation":0,"texture":"#0"},"south":{"uv":[14.5,2.1875,14.625,2.3125],"tintindex":0,"rotation":0,"texture":"#0"},"north":{"uv":[2.125,14.5,2.25,14.625],"tintindex":0,"rotation":0,"texture":"#0"},"west":{"uv":[14.3125,10.0,14.625,10.125],"tintindex":0,"rotation":0,"texture":"#0"},"up":{"uv":[10.4375,14.625,10.3125,14.3125],"tintindex":0,"rotation":0,"texture":"#0"},"down":{"uv":[10.75,14.3125,10.625,14.625],"tintindex":0,"rotation":0,"texture":"#0"}},"rotation":{"origin":[13.528261,6.025236,3.503683],"angle":-45.0,"axis":"x"}},{"from":[10.25,7.225236,-2.496317],"to":[11.75,9.325235,2.003683],"faces":{"east":{"uv":[14.3125,11.0625,14.625,11.1875],"tintindex":0,"rotation":0,"texture":"#0"},"south":{"uv":[14.5,2.4375,14.625,2.5625],"tintindex":0,"rotation":0,"texture":"#0"},"north":{"uv":[2.375,14.5,2.5,14.625],"tintindex":0,"rotation":0,"texture":"#0"},"west":{"uv":[14.3125,11.1875,14.625,11.3125],"tintindex":0,"rotation":0,"texture":"#0"},"up":{"uv":[11.6875,14.625,11.5625,14.3125],"tintindex":0,"rotation":0,"texture":"#0"},"down":{"uv":[14.4375,11.5625,14.3125,11.875],"tintindex":0,"rotation":0,"texture":"#0"}},"rotation":{"origin":[19.528261,6.025236,3.503683],"angle":-45.0,"axis":"x"}},{"from":[6.25,4.1528463,11.001288],"to":[9.75,7.7528467,17.00129],"faces":{"east":{"uv":[10.875,13.9375,11.25,14.1875],"tintindex":0,"rotation":0,"texture":"#0"},"south":{"uv":[14.125,13.875,14.375,14.125],"tintindex":0,"rotation":0,"texture":"#0"},"north":{"uv":[13.875,14.125,14.125,14.375],"tintindex":0,"rotation":0,"texture":"#0"},"west":{"uv":[11.25,13.9375,10.875,14.1875],"tintindex":0,"rotation":0,"texture":"#0"},"up":{"uv":[14.1875,9.3125,13.9375,8.9375],"tintindex":0,"rotation":0,"texture":"#0"},"down":{"uv":[10.875,13.9375,10.625,14.3125],"tintindex":0,"rotation":0,"texture":"#0"}},"rotation":{"origin":[16.028261,6.4528465,12.376288],"angle":22.5,"axis":"x"}},{"from":[7.25,7.225236,-2.496317],"to":[8.75,9.325235,2.003683],"faces":{"east":{"uv":[14.3125,10.8125,14.625,10.9375],"tintindex":0,"rotation":0,"texture":"#0"},"south":{"uv":[14.5,2.3125,14.625,2.4375],"tintindex":0,"rotation":0,"texture":"#0"},"north":{"uv":[2.25,14.5,2.375,14.625],"tintindex":0,"rotation":0,"texture":"#0"},"west":{"uv":[14.3125,10.9375,14.625,11.0625],"tintindex":0,"rotation":0,"texture":"#0"},"up":{"uv":[10.875,14.625,10.75,14.3125],"tintindex":0,"rotation":0,"texture":"#0"},"down":{"uv":[11.5625,14.3125,11.4375,14.625],"tintindex":0,"rotation":0,"texture":"#0"}},"rotation":{"origin":[16.528261,6.025236,3.503683],"angle":-45.0,"axis":"x"}},{"from":[3.75,4.2828465,-0.7066889],"to":[6.25,7.882847,4.793311],"faces":{"east":{"uv":[13.9375,10.8125,14.3125,11.0625],"tintindex":0,"rotation":0,"texture":"#0"},"south":{"uv":[14.3125,2.3125,14.5,2.5625],"tintindex":0,"rotation":0,"texture":"#0"},"north":{"uv":[14.3125,2.0625,14.5,2.3125],"tintindex":0,"rotation":0,"texture":"#0"},"west":{"uv":[10.875,13.9375,11.25,14.1875],"tintindex":0,"rotation":0,"texture":"#0"},"up":{"uv":[2.375,14.5,2.1875,14.125],"tintindex":0,"rotation":0,"texture":"#0"},"down":{"uv":[2.5625,14.125,2.375,14.5],"tintindex":0,"rotation":0,"texture":"#0"}},"rotation":{"origin":[13.528261,6.5828466,3.543311],"angle":-22.5,"axis":"x"}},{"from":[4.25,3.1528463,4.1262884],"to":[11.75,8.252847,11.626288],"faces":{"east":{"uv":[6.125,13.75,6.625,14.0625],"tintindex":0,"rotation":0,"texture":"#0"},"south":{"uv":[13.75,4.4375,14.25,4.75],"tintindex":0,"rotation":0,"texture":"#0"},"north":{"uv":[3.0,13.75,3.5,14.0625],"tintindex":0,"rotation":0,"texture":"#0"},"west":{"uv":[6.125,13.75,6.625,14.0625],"tintindex":0,"rotation":0,"texture":"#0"},"up":{"uv":[10.4375,13.4375,9.9375,12.9375],"tintindex":0,"rotation":0,"texture":"#0"},"down":{"uv":[10.9375,12.9375,10.4375,13.4375],"tintindex":0,"rotation":0,"texture":"#0"}}},{"from":[6.75,4.2828465,-0.7066889],"to":[9.25,7.882847,4.793311],"faces":{"east":{"uv":[13.9375,11.0625,14.3125,11.3125],"tintindex":0,"rotation":0,"texture":"#0"},"south":{"uv":[2.9375,14.3125,3.125,14.5625],"tintindex":0,"rotation":0,"texture":"#0"},"north":{"uv":[14.3125,2.8125,14.5,3.0625],"tintindex":0,"rotation":0,"texture":"#0"},"west":{"uv":[13.9375,13.4375,14.3125,13.6875],"tintindex":0,"rotation":0,"texture":"#0"},"up":{"uv":[3.6875,14.5,3.5,14.125],"tintindex":0,"rotation":0,"texture":"#0"},"down":{"uv":[3.875,14.125,3.6875,14.5],"tintindex":0,"rotation":0,"texture":"#0"}},"rotation":{"origin":[16.528261,6.5828466,3.543311],"angle":-22.5,"axis":"x"}},{"from":[9.75,4.2828465,-0.7066889],"to":[12.25,7.882847,4.793311],"faces":{"east":{"uv":[11.25,13.9375,10.875,14.1875],"tintindex":0,"rotation":0,"texture":"#0"},"south":{"uv":[14.3125,1.375,14.5,1.625],"tintindex":0,"rotation":0,"texture":"#0"},"north":{"uv":[14.25,13.0,14.4375,13.25],"tintindex":0,"rotation":0,"texture":"#0"},"west":{"uv":[4.25,13.9375,4.625,14.1875],"tintindex":0,"rotation":0,"texture":"#0"},"up":{"uv":[1.3125,14.5,1.125,14.125],"tintindex":0,"rotation":0,"texture":"#0"},"down":{"uv":[2.1875,14.125,2.0,14.5],"tintindex":0,"rotation":0,"texture":"#0"}},"rotation":{"origin":[19.528261,6.5828466,3.543311],"angle":-22.5,"axis":"x"}}],"display":{"gui":{"rotation":[30,225,0]}}}