{"file_name":"group15","texture_size":[256,256],"textures":{"283f017f-fe3b-a834-c67e-5b3174e722a6":"modelengine:entity/iron_demon","064ba5c2-b75f-2d2e-74b9-76ed85c89ebf":"modelengine:entity/molten_iron"},"elements":[{"name":"cube","from":[5.3701305,1.5242642,4.85],"to":[10.02013,2.7242644,8.75],"rotation":{"angle":0.0,"axis":"x","origin":[7.0951304,13.149264,6.35]},"faces":{"down":{"uv":[1.25,3.0625,0.8125,3.4375],"rotation":0,"texture":"#283f017f-fe3b-a834-c67e-5b3174e722a6","tintindex":0},"east":{"uv":[0.0,3.4375,0.375,3.5625],"rotation":0,"texture":"#283f017f-fe3b-a834-c67e-5b3174e722a6","tintindex":0},"north":{"uv":[0.375,3.4375,0.8125,3.5625],"rotation":0,"texture":"#283f017f-fe3b-a834-c67e-5b3174e722a6","tintindex":0},"south":{"uv":[1.1875,3.4375,1.625,3.5625],"rotation":0,"texture":"#283f017f-fe3b-a834-c67e-5b3174e722a6","tintindex":0},"up":{"uv":[0.8125,3.4375,0.375,3.0625],"rotation":0,"texture":"#283f017f-fe3b-a834-c67e-5b3174e722a6","tintindex":0},"west":{"uv":[0.8125,3.4375,1.1875,3.5625],"rotation":0,"texture":"#283f017f-fe3b-a834-c67e-5b3174e722a6","tintindex":0}}},{"name":"cube","from":[5.6701307,0.99026465,4.85],"to":[8.07013,2.1902647,8.75],"rotation":{"angle":45.0,"axis":"z","origin":[7.6951303,2.1242642,6.8]},"faces":{"down":{"uv":[1.25,3.0625,0.8125,3.4375],"rotation":0,"texture":"#283f017f-fe3b-a834-c67e-5b3174e722a6","tintindex":0},"east":{"uv":[0.0,3.4375,0.375,3.5625],"rotation":0,"texture":"#283f017f-fe3b-a834-c67e-5b3174e722a6","tintindex":0},"north":{"uv":[0.375,3.4375,0.8125,3.5625],"rotation":0,"texture":"#283f017f-fe3b-a834-c67e-5b3174e722a6","tintindex":0},"south":{"uv":[1.1875,3.4375,1.625,3.5625],"rotation":0,"texture":"#283f017f-fe3b-a834-c67e-5b3174e722a6","tintindex":0},"up":{"uv":[0.8125,3.4375,0.375,3.0625],"rotation":0,"texture":"#283f017f-fe3b-a834-c67e-5b3174e722a6","tintindex":0},"west":{"uv":[0.8125,3.4375,1.1875,3.5625],"rotation":0,"texture":"#283f017f-fe3b-a834-c67e-5b3174e722a6","tintindex":0}}},{"name":"cube","from":[6.27013,2.7242644,4.85],"to":[10.02013,7.8242645,8.75],"rotation":{"angle":0.0,"axis":"x","origin":[7.0951304,13.149264,6.35]},"faces":{"down":{"uv":[14.6875,14.0625,14.3125,14.4375],"rotation":0,"texture":"#283f017f-fe3b-a834-c67e-5b3174e722a6","tintindex":0},"east":{"uv":[13.5625,14.4375,13.9375,14.9375],"rotation":0,"texture":"#283f017f-fe3b-a834-c67e-5b3174e722a6","tintindex":0},"north":{"uv":[13.9375,14.4375,14.3125,14.9375],"rotation":0,"texture":"#283f017f-fe3b-a834-c67e-5b3174e722a6","tintindex":0},"south":{"uv":[14.6875,14.4375,15.0625,14.9375],"rotation":0,"texture":"#283f017f-fe3b-a834-c67e-5b3174e722a6","tintindex":0},"up":{"uv":[14.3125,14.4375,13.9375,14.0625],"rotation":0,"texture":"#283f017f-fe3b-a834-c67e-5b3174e722a6","tintindex":0},"west":{"uv":[14.3125,14.4375,14.6875,14.9375],"rotation":0,"texture":"#283f017f-fe3b-a834-c67e-5b3174e722a6","tintindex":0}}}],"display":{"head":{"translation":[0.0,-6.4,0.0],"rotation":[0.0,0.0,0.0],"scale":[3.8095,3.8095,3.8095]},"gui":{"translation":[0.0,0.0,0.0],"rotation":[35.0,225.0,0.0],"scale":[0.625,0.625,0.625]}}}