{"file_name":"group20","texture_size":[256,256],"textures":{"283f017f-fe3b-a834-c67e-5b3174e722a6":"modelengine:entity/iron_demon","064ba5c2-b75f-2d2e-74b9-76ed85c89ebf":"modelengine:entity/molten_iron"},"elements":[{"name":"cube","from":[3.7200677,21.772804,6.9511137],"to":[8.802332,23.804718,8.809146],"rotation":{"angle":-45.0,"axis":"z","origin":[8.0,22.91296,6.76233]},"faces":{"down":{"uv":[11.0625,2.6875,10.4375,2.875],"rotation":0,"texture":"#283f017f-fe3b-a834-c67e-5b3174e722a6","tintindex":0},"east":{"uv":[9.625,2.875,9.8125,3.125],"rotation":0,"texture":"#283f017f-fe3b-a834-c67e-5b3174e722a6","tintindex":0},"north":{"uv":[9.8125,2.875,10.4375,3.125],"rotation":0,"texture":"#283f017f-fe3b-a834-c67e-5b3174e722a6","tintindex":0},"south":{"uv":[10.625,2.875,11.25,3.125],"rotation":0,"texture":"#283f017f-fe3b-a834-c67e-5b3174e722a6","tintindex":0},"up":{"uv":[10.4375,2.875,9.8125,2.6875],"rotation":0,"texture":"#283f017f-fe3b-a834-c67e-5b3174e722a6","tintindex":0},"west":{"uv":[10.4375,2.875,10.625,3.125],"rotation":0,"texture":"#283f017f-fe3b-a834-c67e-5b3174e722a6","tintindex":0}}},{"name":"cube","from":[4.167419,24.532227,6.543764],"to":[6.1993313,26.633694,8.401796],"rotation":{"angle":45.0,"axis":"x","origin":[5.183375,24.340961,7.47278]},"faces":{"down":{"uv":[13.5,7.0,13.25,7.1875],"rotation":0,"texture":"#283f017f-fe3b-a834-c67e-5b3174e722a6","tintindex":0},"east":{"uv":[12.8125,7.1875,13.0,7.4375],"rotation":0,"texture":"#283f017f-fe3b-a834-c67e-5b3174e722a6","tintindex":0},"north":{"uv":[13.0,7.1875,13.25,7.4375],"rotation":0,"texture":"#283f017f-fe3b-a834-c67e-5b3174e722a6","tintindex":0},"south":{"uv":[13.4375,7.1875,13.6875,7.4375],"rotation":0,"texture":"#283f017f-fe3b-a834-c67e-5b3174e722a6","tintindex":0},"up":{"uv":[13.25,7.1875,13.0,7.0],"rotation":0,"texture":"#283f017f-fe3b-a834-c67e-5b3174e722a6","tintindex":0},"west":{"uv":[13.25,7.1875,13.4375,7.4375],"rotation":0,"texture":"#283f017f-fe3b-a834-c67e-5b3174e722a6","tintindex":0}}},{"name":"cube","from":[1.458918,24.591305,8.437073],"to":[5.795982,26.623219,10.295106],"rotation":{"angle":-22.5,"axis":"z","origin":[5.98725,25.607262,9.366089]},"faces":{"down":{"uv":[12.1875,10.375,11.6875,10.5625],"rotation":0,"texture":"#283f017f-fe3b-a834-c67e-5b3174e722a6","tintindex":0},"east":{"uv":[11.0,10.5625,11.1875,10.8125],"rotation":0,"texture":"#283f017f-fe3b-a834-c67e-5b3174e722a6","tintindex":0},"north":{"uv":[11.1875,10.5625,11.6875,10.8125],"rotation":0,"texture":"#283f017f-fe3b-a834-c67e-5b3174e722a6","tintindex":0},"south":{"uv":[11.875,10.5625,12.375,10.8125],"rotation":0,"texture":"#283f017f-fe3b-a834-c67e-5b3174e722a6","tintindex":0},"up":{"uv":[11.6875,10.5625,11.1875,10.375],"rotation":0,"texture":"#283f017f-fe3b-a834-c67e-5b3174e722a6","tintindex":0},"west":{"uv":[11.6875,10.5625,11.875,10.8125],"rotation":0,"texture":"#283f017f-fe3b-a834-c67e-5b3174e722a6","tintindex":0}}},{"name":"cube","from":[1.5088233,26.670673,8.677931],"to":[2.5471356,27.778538,10.535963],"rotation":{"angle":-22.5,"axis":"y","origin":[2.276379,27.24789,9.31003]},"faces":{"down":{"uv":[5.6875,9.3125,5.875,9.4375],"rotation":180,"texture":"#283f017f-fe3b-a834-c67e-5b3174e722a6","tintindex":0},"east":{"uv":[5.6875,9.3125,5.875,9.4375],"rotation":180,"texture":"#283f017f-fe3b-a834-c67e-5b3174e722a6","tintindex":0},"north":{"uv":[6.125,9.3125,6.25,9.4375],"rotation":180,"texture":"#283f017f-fe3b-a834-c67e-5b3174e722a6","tintindex":0},"south":{"uv":[5.9375,9.3125,6.0625,9.4375],"rotation":180,"texture":"#283f017f-fe3b-a834-c67e-5b3174e722a6","tintindex":0},"up":{"uv":[6.25,9.3125,6.4375,9.4375],"rotation":90,"texture":"#283f017f-fe3b-a834-c67e-5b3174e722a6","tintindex":0},"west":{"uv":[5.6875,9.3125,5.875,9.4375],"rotation":180,"texture":"#283f017f-fe3b-a834-c67e-5b3174e722a6","tintindex":0}}},{"name":"cube","from":[10.204018,24.591305,8.437073],"to":[14.541081,26.623219,10.295106],"rotation":{"angle":22.5,"axis":"z","origin":[10.012751,25.607262,9.366089]},"faces":{"down":{"uv":[1.1875,5.0625,0.6875,5.25],"rotation":0,"texture":"#283f017f-fe3b-a834-c67e-5b3174e722a6","tintindex":0},"east":{"uv":[0.0,5.25,0.1875,5.5],"rotation":0,"texture":"#283f017f-fe3b-a834-c67e-5b3174e722a6","tintindex":0},"north":{"uv":[0.1875,5.25,0.6875,5.5],"rotation":0,"texture":"#283f017f-fe3b-a834-c67e-5b3174e722a6","tintindex":0},"south":{"uv":[0.875,5.25,1.375,5.5],"rotation":0,"texture":"#283f017f-fe3b-a834-c67e-5b3174e722a6","tintindex":0},"up":{"uv":[0.6875,5.25,0.1875,5.0625],"rotation":0,"texture":"#283f017f-fe3b-a834-c67e-5b3174e722a6","tintindex":0},"west":{"uv":[0.6875,5.25,0.875,5.5],"rotation":0,"texture":"#283f017f-fe3b-a834-c67e-5b3174e722a6","tintindex":0}}},{"name":"cube","from":[7.197668,21.772804,6.9511137],"to":[12.279933,23.804718,8.809146],"rotation":{"angle":45.0,"axis":"z","origin":[8.0,22.91296,6.76233]},"faces":{"down":{"uv":[9.3125,6.3125,8.6875,6.5],"rotation":0,"texture":"#283f017f-fe3b-a834-c67e-5b3174e722a6","tintindex":0},"east":{"uv":[7.875,6.5,8.0625,6.75],"rotation":0,"texture":"#283f017f-fe3b-a834-c67e-5b3174e722a6","tintindex":0},"north":{"uv":[8.0625,6.5,8.6875,6.75],"rotation":0,"texture":"#283f017f-fe3b-a834-c67e-5b3174e722a6","tintindex":0},"south":{"uv":[8.875,6.5,9.5,6.75],"rotation":0,"texture":"#283f017f-fe3b-a834-c67e-5b3174e722a6","tintindex":0},"up":{"uv":[8.6875,6.5,8.0625,6.3125],"rotation":0,"texture":"#283f017f-fe3b-a834-c67e-5b3174e722a6","tintindex":0},"west":{"uv":[8.6875,6.5,8.875,6.75],"rotation":0,"texture":"#283f017f-fe3b-a834-c67e-5b3174e722a6","tintindex":0}}},{"name":"cube","from":[9.800669,24.532227,6.543764],"to":[11.832581,26.633694,8.401796],"rotation":{"angle":45.0,"axis":"x","origin":[10.816626,24.340961,7.47278]},"faces":{"down":{"uv":[13.4375,4.5625,13.1875,4.75],"rotation":0,"texture":"#283f017f-fe3b-a834-c67e-5b3174e722a6","tintindex":0},"east":{"uv":[12.75,4.75,12.9375,5.0],"rotation":0,"texture":"#283f017f-fe3b-a834-c67e-5b3174e722a6","tintindex":0},"north":{"uv":[12.9375,4.75,13.1875,5.0],"rotation":0,"texture":"#283f017f-fe3b-a834-c67e-5b3174e722a6","tintindex":0},"south":{"uv":[13.375,4.75,13.625,5.0],"rotation":0,"texture":"#283f017f-fe3b-a834-c67e-5b3174e722a6","tintindex":0},"up":{"uv":[13.1875,4.75,12.9375,4.5625],"rotation":0,"texture":"#283f017f-fe3b-a834-c67e-5b3174e722a6","tintindex":0},"west":{"uv":[13.1875,4.75,13.375,5.0],"rotation":0,"texture":"#283f017f-fe3b-a834-c67e-5b3174e722a6","tintindex":0}}},{"name":"cube","from":[12.660135,23.33842,6.429121],"to":[14.692047,26.433483,8.287153],"rotation":{"angle":45.0,"axis":"x","origin":[13.676091,23.147152,12.822938]},"faces":{"down":{"uv":[5.375,4.5625,5.125,4.75],"rotation":0,"texture":"#283f017f-fe3b-a834-c67e-5b3174e722a6","tintindex":0},"east":{"uv":[4.6875,4.75,4.875,5.125],"rotation":0,"texture":"#283f017f-fe3b-a834-c67e-5b3174e722a6","tintindex":0},"north":{"uv":[4.875,4.75,5.125,5.125],"rotation":0,"texture":"#283f017f-fe3b-a834-c67e-5b3174e722a6","tintindex":0},"south":{"uv":[5.3125,4.75,5.5625,5.125],"rotation":0,"texture":"#283f017f-fe3b-a834-c67e-5b3174e722a6","tintindex":0},"up":{"uv":[5.125,4.75,4.875,4.5625],"rotation":0,"texture":"#283f017f-fe3b-a834-c67e-5b3174e722a6","tintindex":0},"west":{"uv":[5.125,4.75,5.3125,5.125],"rotation":0,"texture":"#283f017f-fe3b-a834-c67e-5b3174e722a6","tintindex":0}}},{"name":"cube","from":[13.405335,28.87922,10.625614],"to":[14.940448,29.992046,13.720678],"rotation":{"angle":0.0,"axis":"x","origin":[13.676091,23.598232,10.434346]},"faces":{"down":{"uv":[4.25,11.5625,4.0625,11.9375],"rotation":0,"texture":"#283f017f-fe3b-a834-c67e-5b3174e722a6","tintindex":0},"east":{"uv":[3.5,11.9375,3.875,12.0625],"rotation":0,"texture":"#283f017f-fe3b-a834-c67e-5b3174e722a6","tintindex":0},"north":{"uv":[3.875,11.9375,4.0625,12.0625],"rotation":0,"texture":"#283f017f-fe3b-a834-c67e-5b3174e722a6","tintindex":0},"south":{"uv":[4.4375,11.9375,4.625,12.0625],"rotation":0,"texture":"#283f017f-fe3b-a834-c67e-5b3174e722a6","tintindex":0},