{"textures":{"0":"modelengine:entity/iron_demon"},"elements":[{"from":[3.1554594,3.8334494,0.9877229],"to":[10.441174,7.404878,13.86942],"rotation":{"angle":0.0,"axis":"y","origin":[3.9411736,0.047735214,7.297991]},"faces":{"east":{"uv":[10.4375,6.6875,11.875,7.0625],"rotation":0,"texture":"#0","tintindex":0},"south":{"uv":[12.4375,7.9375,13.25,8.3125],"rotation":0,"texture":"#0","tintindex":0},"north":{"uv":[12.4375,7.5625,13.25,7.9375],"rotation":0,"texture":"#0","tintindex":0},"west":{"uv":[10.75,10.3125,12.1875,10.6875],"rotation":0,"texture":"#0","tintindex":0},"up":{"uv":[2.5625,4.8125,1.75,3.375],"rotation":0,"texture":"#0","tintindex":0},"down":{"uv":[4.5625,0.875,3.75,2.3125],"rotation":0,"texture":"#0","tintindex":0}}},{"from":[3.548571,4.285714,1.0428567],"to":[9.691429,7.0,13.828571],"rotation":{"angle":22.5,"axis":"z","origin":[2.3342853,6.214286,7.285714]},"faces":{"east":{"uv":[11.3125,4.8125,12.6875,5.125],"rotation":0,"texture":"#0","tintindex":0},"south":{"uv":[13.3125,11.625,14.0,11.9375],"rotation":0,"texture":"#0","tintindex":0},"north":{"uv":[13.3125,11.3125,14.0,11.625],"rotation":0,"texture":"#0","tintindex":0},"west":{"uv":[11.625,6.375,13.0,6.6875],"rotation":0,"texture":"#0","tintindex":0},"up":{"uv":[6.375,5.25,5.6875,3.875],"rotation":0,"texture":"#0","tintindex":0},"down":{"uv":[6.375,5.25,5.6875,6.625],"rotation":0,"texture":"#0","tintindex":0}}},{"from":[9.599476,8.460684,-0.1071434],"to":[15.742334,11.1863985,-0.1071434],"rotation":{"angle":-22.5,"axis":"z","origin":[12.670905,9.823541,-0.1071434]},"faces":{"east":{"uv":[0.0,0.0,0.0,0.3125],"rotation":0,"texture":"#0","tintindex":0},"south":{"uv":[12.1875,13.3125,12.875,13.625],"rotation":0,"texture":"#0","tintindex":0},"north":{"uv":[13.3125,11.9375,14.0,12.25],"rotation":0,"texture":"#0","tintindex":0},"west":{"uv":[0.0,0.0,0.0,0.3125],"rotation":0,"texture":"#0","tintindex":0},"up":{"uv":[0.6875,0.0,0.0,0.0],"rotation":0,"texture":"#0","tintindex":0},"down":{"uv":[0.6875,0.0,0.0,0.0],"rotation":0,"texture":"#0","tintindex":0}}},{"from":[12.595793,12.702505,2.188292],"to":[16.750078,13.883309,2.188292],"rotation":{"angle":22.5,"axis":"x","origin":[14.6729355,13.292908,2.188292]},"faces":{"east":{"uv":[0.0,0.0,0.0,0.125],"rotation":0,"texture":"#0","tintindex":0},"south":{"uv":[10.0,12.25,10.4375,12.375],"rotation":0,"texture":"#0","tintindex":0},"north":{"uv":[11.3125,5.125,11.75,5.25],"rotation":0,"texture":"#0","tintindex":0},"west":{"uv":[0.0,0.0,0.0,0.125],"rotation":0,"texture":"#0","tintindex":0},"up":{"uv":[0.4375,0.0,0.0,0.0],"rotation":0,"texture":"#0","tintindex":0},"down":{"uv":[0.4375,0.0,0.0,0.0],"rotation":0,"texture":"#0","tintindex":0}}},{"from":[7.030078,3.752986,-0.14285755],"to":[16.030079,9.907272,15.0],"rotation":{"angle":0.0,"axis":"y","origin":[11.530078,6.830129,3.6383924]},"faces":{"east":{"uv":[4.625,0.0,6.3125,0.6875],"rotation":0,"texture":"#0","tintindex":0},"south":{"uv":[8.9375,6.0,9.9375,6.6875],"rotation":0,"texture":"#0","tintindex":0},"north":{"uv":[8.8125,3.3125,9.8125,4.0],"rotation":0,"texture":"#0","tintindex":0},"west":{"uv":[0.0,4.8125,1.6875,5.5],"rotation":0,"texture":"#0","tintindex":0},"up":{"uv":[2.8125,1.6875,1.8125,0.0],"rotation":0,"texture":"#0","tintindex":0},"down":{"uv":[2.8125,1.6875,1.8125,3.375],"rotation":0,"texture":"#0","tintindex":0}}},{"from":[9.548572,-3.1428576,3.1696424],"to":[17.417143,10.142858,11.6875],"rotation":{"angle":22.5,"axis":"z","origin":[2.3342853,6.214286,4.830357]},"faces":{"east":{"uv":[2.8125,0.875,3.75,2.3125],"rotation":0,"texture":"#0","tintindex":0},"south":{"uv":[0.875,3.375,1.75,4.8125],"rotation":0,"texture":"#0","tintindex":0},"north":{"uv":[0.0,3.375,0.875,4.8125],"rotation":0,"texture":"#0","tintindex":0},"west":{"uv":[2.8125,2.3125,3.75,3.75],"rotation":0,"texture":"#0","tintindex":0},"up":{"uv":[8.25,0.9375,7.375,0.0],"rotation":0,"texture":"#0","tintindex":0},"down":{"uv":[8.25,0.9375,7.375,1.875],"rotation":0,"texture":"#0","tintindex":0}}},{"from":[9.699869,7.112386,5.0],"to":[14.557013,21.540958,9.857143],"rotation":{"angle":0.0,"axis":"y","origin":[12.617012,-8.387615,6.714286]},"faces":{"east":{"uv":[6.375,3.875,6.9375,5.4375],"rotation":0,"texture":"#0","tintindex":0},"south":{"uv":[6.375,5.4375,6.9375,7.0],"rotation":0,"texture":"#0","tintindex":0},"north":{"uv":[4.25,6.0625,4.8125,7.625],"rotation":0,"texture":"#0","tintindex":0},"west":{"uv":[1.625,6.4375,2.1875,8.0],"rotation":0,"texture":"#0","tintindex":0},"up":{"uv":[4.8125,12.875,4.25,12.3125],"rotation":0,"texture":"#0","tintindex":0},"down":{"uv":[9.5625,12.3125,9.0,12.875],"rotation":0,"texture":"#0","tintindex":0}}},{"from":[12.595793,6.7587004,0.5714283],"to":[16.750078,11.472986,2.2857141],"rotation":{"angle":22.5,"axis":"x","origin":[13.6729355,7.972986,7.428571]},"faces":{"east":{"uv":[4.0625,7.0625,4.25,7.5625],"rotation":0,"texture":"#0","tintindex":0},"south":{"uv":[13.25,2.875,13.6875,3.375],"rotation":0,"texture":"#0","tintindex":0},"north":{"uv":[7.75,13.125,8.1875,13.625],"rotation":0,"texture":"#0","tintindex":0},"west":{"uv":[4.5625,7.625,4.75,8.125],"rotation":0,"texture":"#0","tintindex":0},"up":{"uv":[14.4375,1.0,14.0,0.8125],"rotation":0,"texture":"#0","tintindex":0},"down":{"uv":[14.4375,1.0,14.0,1.1875],"rotation":0,"texture":"#0","tintindex":0}}},{"from":[8.505501,9.246611,-0.09598255],"to":[14.648357,11.972324,14.966518],"rotation":{"angle":-22.5,"axis":"z","origin":[10.148357,7.46661,7.417411]},"faces":{"east":{"uv":[10.8125,3.6875,12.4375,4.0],"rotation":0,"texture":"#0","tintindex":0},"south":{"uv":[6.9375,13.375,7.625,13.6875],"rotation":0,"texture":"#0","tintindex":0},"north":{"uv":[4.5625,13.375,5.25,13.6875],"rotation":0,"texture":"#0","tintindex":0},"west":{"uv":[10.8125,4.0,12.4375,4.3125],"rotation":0,"texture":"#0","tintindex":0},"up":{"uv":[2.375,6.4375,1.6875,4.8125],"rotation":0,"texture":"#0","tintindex":0},"down":{"uv":[5.6875,3.75,5.0,5.375],"rotation":0,"texture":"#0","tintindex":0}}},{"from":[8.68844,5.969529,3.142857],"to":[17.985584,15.255243,11.714286],"rotation":{"angle":-22.5,"axis":"z","origin":[12.617012,0.18381453,4.8571424]},"faces":{"east":{"uv":[2.375,6.0625,3.3125,7.0625],"rotation":0,"texture":"#0","tintindex":0},"south":{"uv":[5.375,1.6875,6.375,2.6875],"rotation":0,"texture":"#0","tintindex":0},"north":{"uv":[5.375,0.6875,6.375,1.6875],"rotation":0,"texture":"#0","tintindex":0},"west":{"uv":[3.3125,6.0625,4.25,7.0625],"rotation":0,"texture":"#0","tintindex":0},"up":{"uv":[7.375,0.9375,6.375,0.0],"rotation":0,"texture":"#0","tintindex":0},"down":{"uv":[7.375,0.9375,6.375,1.875],"rotation":0,"texture":"#0","tintindex":0}}},{"from":[17.34705,8.183458,5.0],"to":[22.204191,22.61203,9.857143],"rotation":{"angle":-22.5,"axis":"z","origin":[19.77562,15.397745,7.428571]},"faces":{"east":{"uv":[4.8125,6.5625,5.375,8.125],"rotation":0,"texture":"#0","tintindex":0},"south":{"uv":[5.375,6.625,5.9375,8.1875],"rotation":0,"texture":"#0","tintindex":0},"north":{"uv":[6.5,1.875,7.0625,3.4375],"rotation":0,"texture":"#0","tintindex":0},"west":{"uv":[0.0,6.6875,0.5625,8.25],"rotation":0,"texture":"#0","tintindex":0},"up":{"uv":[12.9375,0.5625,12.375,0.0],"rotation":0,"texture":"#0","tintindex":0},"down":{"uv":[4.125,12.375,3.5625,12.9375],"rotation":0,"texture":"#0","tintindex":0}}},{"from":[9.35825,3.7663789,0.8215027],"to":[14.643965,9.920665,3.3929315],"rotation":{"angle":-45.0,"axis":"y","origin":[13.85825,6.830129,8.392932]},"faces":{"east":{"uv":[6.75,9.125,7.0625,9.8125],"rotation":0,"texture":"#0","tintindex":0},"south":{"uv":[0.0,11.875,0.5625,12.5625],"rotation":0,"texture":"#0","tintindex":0},"north":{"uv":[4.25,11.625,4.8125,12.3125],"rotation":0,"texture":"#0","tintindex":0},"west":{"uv":[5.25,13.375,5.5625,14.0625],"rotation":0,"texture":"#0","tintindex":0},"up":{"uv":[12.75,2.9375,12.1875,2.625],"rotation":0,"texture":"#0","tintindex":0},"down":{"uv":[14.125,3.8125,13.5625,4.125],"rotation":0,"texture":"#0",