{"textures":{"0":"modelengine:entity/iron_demon"},"elements":[{"from":[5.740629,5.5361056,5.571205],"to":[7.1692004,8.107534,6.999777],"rotation":{"angle":0.0,"axis":"y","origin":[7.6692004,10.536106,7.999777]},"faces":{"east":{"uv":[6.8125,14.1875,7.0,14.5],"rotation":0,"texture":"#0","tintindex":0},"south":{"uv":[8.5625,9.5625,8.6875,9.875],"rotation":0,"texture":"#0","tintindex":0},"north":{"uv":[2.0625,9.25,2.1875,9.5625],"rotation":0,"texture":"#0","tintindex":0},"west":{"uv":[7.0,14.1875,7.1875,14.5],"rotation":0,"texture":"#0","tintindex":0},"up":{"uv":[14.5,10.6875,14.375,10.5],"rotation":0,"texture":"#0","tintindex":0},"down":{"uv":[14.5,12.0625,14.375,12.25],"rotation":0,"texture":"#0","tintindex":0}}},{"from":[6.440557,3.8463306,5.577902],"to":[7.869128,6.417759,6.9953127],"rotation":{"angle":45.0,"axis":"z","origin":[7.154843,5.132045,7.999777]},"faces":{"east":{"uv":[12.75,12.4375,12.875,12.75],"rotation":0,"texture":"#0","tintindex":0},"south":{"uv":[7.375,14.1875,7.5625,14.5],"rotation":0,"texture":"#0","tintindex":0},"north":{"uv":[7.1875,14.1875,7.375,14.5],"rotation":0,"texture":"#0","tintindex":0},"west":{"uv":[13.0,6.375,13.125,6.6875],"rotation":0,"texture":"#0","tintindex":0},"up":{"uv":[14.5625,10.8125,14.375,10.6875],"rotation":0,"texture":"#0","tintindex":0},"down":{"uv":[14.5625,12.25,14.375,12.375],"rotation":0,"texture":"#0","tintindex":0}}},{"from":[6.440557,3.8463306,9.006474],"to":[7.869128,6.417759,10.423884],"rotation":{"angle":45.0,"axis":"z","origin":[7.154843,5.132045,7.999777]},"faces":{"east":{"uv":[3.0,13.4375,3.125,13.75],"rotation":0,"texture":"#0","tintindex":0},"south":{"uv":[7.75,14.1875,7.9375,14.5],"rotation":0,"texture":"#0","tintindex":0},"north":{"uv":[7.5625,14.1875,7.75,14.5],"rotation":0,"texture":"#0","tintindex":0},"west":{"uv":[5.125,14.1875,5.25,14.5],"rotation":0,"texture":"#0","tintindex":0},"up":{"uv":[14.5625,12.5,14.375,12.375],"rotation":0,"texture":"#0","tintindex":0},"down":{"uv":[12.6875,14.375,12.5,14.5],"rotation":0,"texture":"#0","tintindex":0}}},{"from":[7.463414,3.7949018,9.285491],"to":[8.606272,5.283473,10.142634],"rotation":{"angle":-22.5,"axis":"z","origin":[7.154843,5.132045,7.999777]},"faces":{"east":{"uv":[13.125,14.375,13.25,14.5625],"rotation":0,"texture":"#0","tintindex":0},"south":{"uv":[13.25,14.375,13.375,14.5625],"rotation":0,"texture":"#0","tintindex":0},"north":{"uv":[14.375,12.5,14.5,12.6875],"rotation":0,"texture":"#0","tintindex":0},"west":{"uv":[14.375,13.25,14.5,13.4375],"rotation":0,"texture":"#0","tintindex":0},"up":{"uv":[14.5625,9.3125,14.4375,9.1875],"rotation":0,"texture":"#0","tintindex":0},"down":{"uv":[14.5625,11.3125,14.4375,11.4375],"rotation":0,"texture":"#0","tintindex":0}}},{"from":[7.463414,3.7949018,5.8569193],"to":[8.606272,5.283473,6.7140627],"rotation":{"angle":-22.5,"axis":"z","origin":[7.154843,5.132045,7.999777]},"faces":{"east":{"uv":[13.5,14.375,13.625,14.5625],"rotation":0,"texture":"#0","tintindex":0},"south":{"uv":[13.625,14.375,13.75,14.5625],"rotation":0,"texture":"#0","tintindex":0},"north":{"uv":[13.375,14.375,13.5,14.5625],"rotation":0,"texture":"#0","tintindex":0},"west":{"uv":[14.375,13.625,14.5,13.8125],"rotation":0,"texture":"#0","tintindex":0},"up":{"uv":[14.5625,11.5625,14.4375,11.4375],"rotation":0,"texture":"#0","tintindex":0},"down":{"uv":[14.5625,11.5625,14.4375,11.6875],"rotation":0,"texture":"#0","tintindex":0}}},{"from":[5.740629,5.5361056,7.285491],"to":[7.1692004,8.107534,8.714063],"rotation":{"angle":0.0,"axis":"y","origin":[7.6692004,10.536106,7.999777]},"faces":{"east":{"uv":[14.1875,8.8125,14.375,9.125],"rotation":0,"texture":"#0","tintindex":0},"south":{"uv":[3.125,14.3125,3.25,14.625],"rotation":0,"texture":"#0","tintindex":0},"north":{"uv":[14.3125,3.0625,14.4375,3.375],"rotation":0,"texture":"#0","tintindex":0},"west":{"uv":[14.1875,10.1875,14.375,10.5],"rotation":0,"texture":"#0","tintindex":0},"up":{"uv":[13.875,14.5625,13.75,14.375],"rotation":0,"texture":"#0","tintindex":0},"down":{"uv":[14.5,13.8125,14.375,14.0],"rotation":0,"texture":"#0","tintindex":0}}},{"from":[5.740629,5.5361056,8.999777],"to":[7.1692004,8.107534,10.428349],"rotation":{"angle":0.0,"axis":"y","origin":[7.6692004,10.536106,7.999777]},"faces":{"east":{"uv":[14.1875,10.5,14.375,10.8125],"rotation":0,"texture":"#0","tintindex":0},"south":{"uv":[5.25,14.3125,5.375,14.625],"rotation":0,"texture":"#0","tintindex":0},"north":{"uv":[14.3125,5.0,14.4375,5.3125],"rotation":0,"texture":"#0","tintindex":0},"west":{"uv":[10.875,14.1875,11.0625,14.5],"rotation":0,"texture":"#0","tintindex":0},"up":{"uv":[14.0,14.5625,13.875,14.375],"rotation":0,"texture":"#0","tintindex":0},"down":{"uv":[14.125,14.375,14.0,14.5625],"rotation":0,"texture":"#0","tintindex":0}}},{"from":[8.606272,4.080616,5.8569193],"to":[9.1777,4.997759,6.7140627],"rotation":{"angle":-22.5,"axis":"z","origin":[7.154843,5.132045,7.999777]},"faces":{"east":{"uv":[14.4375,11.6875,14.5625,11.8125],"rotation":0,"texture":"#0","tintindex":0},"south":{"uv":[1.625,6.3125,1.6875,6.4375],"rotation":0,"texture":"#0","tintindex":0},"north":{"uv":[1.625,6.1875,1.6875,6.3125],"rotation":0,"texture":"#0","tintindex":0},"west":{"uv":[14.4375,12.6875,14.5625,12.8125],"rotation":0,"texture":"#0","tintindex":0},"up":{"uv":[4.875,6.5,4.8125,6.375],"rotation":0,"texture":"#0","tintindex":0},"down":{"uv":[6.9375,7.3125,6.875,7.4375],"rotation":0,"texture":"#0","tintindex":0}}},{"from":[9.1777,4.36633,5.8569193],"to":[9.749128,4.997759,6.7140627],"rotation":{"angle":-22.5,"axis":"z","origin":[7.154843,5.132045,7.999777]},"faces":{"east":{"uv":[9.625,5.9375,9.75,6.0],"rotation":0,"texture":"#0","tintindex":0},"south":{"uv":[8.5625,7.25,8.625,7.3125],"rotation":0,"texture":"#0","tintindex":0},"north":{"uv":[8.5625,7.1875,8.625,7.25],"rotation":0,"texture":"#0","tintindex":0},"west":{"uv":[9.75,5.9375,9.875,6.0],"rotation":0,"texture":"#0","tintindex":0},"up":{"uv":[6.9375,7.5625,6.875,7.4375],"rotation":0,"texture":"#0","tintindex":0},"down":{"uv":[6.9375,7.5625,6.875,7.6875],"rotation":0,"texture":"#0","tintindex":0}}},{"from":[8.606272,4.080616,7.571205],"to":[9.1777,4.997759,8.428349],"rotation":{"angle":-22.5,"axis":"z","origin":[7.154843,5.132045,7.999777]},"faces":{"east":{"uv":[14.4375,12.8125,14.5625,12.9375],"rotation":0,"texture":"#0","tintindex":0},"south":{"uv":[6.875,7.6875,6.9375,7.8125],"rotation":0,"texture":"#0","tintindex":0},"north":{"uv":[4.75,7.625,4.8125,7.75],"rotation":0,"texture":"#0","tintindex":0},"west":{"uv":[14.4375,12.9375,14.5625,13.0625],"rotation":0,"texture":"#0","tintindex":0},"up":{"uv":[4.8125,7.875,4.75,7.75],"rotation":0,"texture":"#0","tintindex":0},"down":{"uv":[4.8125,7.875,4.75,8.0],"rotation":0,"texture":"#0","tintindex":0}}},{"from":[6.440557,3.8463306,7.2921877],"to":[7.869128,6.417759,8.709599],"rotation":{"angle":45.0,"axis":"z","origin":[7.154843,5.132045,7.999777]},"faces":{"east":{"uv":[14.3125,5.3125,14.4375,5.625],"rotation":0,"texture":"#0","tintindex":0},"south":{"uv":[12.0,14.1875,12.1875,14.5],"rotation":0,"texture":"#0","tintindex":0},"north":{"uv":[11.0625,14.1875,11.25,14.5],"rotation":0,"texture":"#0","tintindex":0},"west":{"uv":[5.375,14.3125,5.5,14.625],"rotation":0,"texture":"#0","tintindex":0},"up":{"uv":[14.5625,14.125,14.375,14.0],"rotation":0,"texture":"#0","tintindex":0},"down":{"uv":[14.625,0.0,14.4375,0.125],"rotation":0,"texture":"#0","tintindex":0}}},{"from":[7.463414,3.7949018,7.571205],"to":[8.606272,5.283473,8.428349],"rotation":{"angle":-22.5,"axis":"z","origin":[7.154843,5.132045,7.999777]},"faces":{"east":{"uv":[14.4375,0.3125,14.5625,0.5],"rotation":0,"texture":"#0","tintindex":0},"south":{"uv":[14.4375,0.625,14.5625,0.8125],"rotation":0,"texture":"#0","tintindex":0},"north":{"uv":[14.4375,0.125,14.5625,0.3125],"rotation":0,"texture":"#0","tintindex":0},"west":{"uv":[14.4375,0.8125,14.5625,1.0],"rotation":0,"texture":"#0","tintindex":0},"up":{"uv":[14.5625,13.1875,14.4375,13.0625],"rotation":0,"texture":"#0","tintindex":0},