{"textures":{"0":"modelengine:entity/iron_demon"},"elements":[{"from":[13.204517,-2.6957092,3.5546875],"to":[15.454517,3.8042908,12.472656],"faces":{"east":{"uv":[13.0,3.5625,13.5625,4.0],"tintindex":0,"rotation":0,"texture":"#0"},"south":{"uv":[6.8125,13.75,6.9375,14.1875],"tintindex":0,"rotation":0,"texture":"#0"},"north":{"uv":[4.125,12.375,4.25,12.8125],"tintindex":0,"rotation":0,"texture":"#0"},"west":{"uv":[13.0,5.5625,13.5625,6.0],"tintindex":0,"rotation":0,"texture":"#0"},"up":{"uv":[6.5,2.4375,6.375,1.875],"tintindex":0,"rotation":0,"texture":"#0"},"down":{"uv":[6.3125,10.75,6.1875,11.3125],"tintindex":0,"rotation":0,"texture":"#0"}},"rotation":{"origin":[8.579517,-2.3207092,8.0],"angle":-22.5,"axis":"z"}},{"from":[7.5251255,-5.2928963,3.5],"to":[14.7751255,0.7071037,12.5],"faces":{"east":{"uv":[13.4375,9.4375,14.0,9.8125],"tintindex":0,"rotation":0,"texture":"#0"},"south":{"uv":[2.4375,10.3125,2.875,10.6875],"tintindex":0,"rotation":0,"texture":"#0"},"north":{"uv":[5.9375,6.625,6.375,7.0],"tintindex":0,"rotation":0,"texture":"#0"},"west":{"uv":[13.4375,9.8125,14.0,10.1875],"tintindex":0,"rotation":0,"texture":"#0"},"up":{"uv":[6.25,13.625,5.8125,13.0625],"tintindex":0,"rotation":0,"texture":"#0"},"down":{"uv":[13.5625,2.0,13.125,2.5625],"tintindex":0,"rotation":0,"texture":"#0"}}},{"from":[7.5251255,0.7071037,3.5],"to":[17.275126,7.7071075,12.5],"faces":{"east":{"uv":[2.0,13.0,2.5625,13.4375],"tintindex":0,"rotation":0,"texture":"#0"},"south":{"uv":[4.125,12.875,4.75,13.3125],"tintindex":0,"rotation":0,"texture":"#0"},"north":{"uv":[8.3125,12.8125,8.9375,13.25],"tintindex":0,"rotation":0,"texture":"#0"},"west":{"uv":[2.5625,13.0,3.125,13.4375],"tintindex":0,"rotation":0,"texture":"#0"},"up":{"uv":[12.75,12.75,12.125,12.1875],"tintindex":0,"rotation":0,"texture":"#0"},"down":{"uv":[12.875,10.875,12.25,11.4375],"tintindex":0,"rotation":0,"texture":"#0"}}}],"display":{"gui":{"rotation":[30,225,0]}}}