{"elements":[{"from":[4.0911493,4.716844,4.229951],"to":[11.484007,7.573987,11.087094],"rotation":{"angle":22.5,"axis":"x","origin":[7.7875776,4.6312017,8.285727]},"faces":{"east":{"uv":[12.875,13.125,13.625,13.4375],"rotation":0,"texture":"#0","tintindex":0},"south":{"uv":[12.9375,4.4375,13.75,4.75],"rotation":0,"texture":"#0","tintindex":0},"north":{"uv":[12.9375,4.125,13.75,4.4375],"rotation":0,"texture":"#0","tintindex":0},"west":{"uv":[10.9375,13.1875,11.6875,13.5],"rotation":0,"texture":"#0","tintindex":0},"up":{"uv":[10.75,1.75,9.9375,1.0],"rotation":0,"texture":"#0","tintindex":0},"down":{"uv":[3.6875,9.9375,2.875,10.6875],"rotation":0,"texture":"#0","tintindex":0}}},{"from":[4.073292,-0.29348564,4.5424185],"to":[11.5018635,6.2779436,4.5424185],"rotation":{"angle":0.0,"axis":"y","origin":[7.7875776,2.9922295,4.508937]},"faces":{"east":{"uv":[0.0,0.0,0.0,0.75],"rotation":0,"texture":"#0","tintindex":0},"south":{"uv":[7.75,9.5625,8.5625,10.3125],"rotation":0,"texture":"#0","tintindex":0},"north":{"uv":[2.0625,9.5625,2.875,10.3125],"rotation":0,"texture":"#0","tintindex":0},"west":{"uv":[0.0,0.0,0.0,0.75],"rotation":0,"texture":"#0","tintindex":0},"up":{"uv":[0.8125,0.0,0.0,0.0],"rotation":0,"texture":"#0","tintindex":0},"down":{"uv":[0.8125,0.0,0.0,0.0],"rotation":0,"texture":"#0","tintindex":0}}},{"from":[4.0552797,-0.29348564,4.6004543],"to":[4.0552797,6.2779436,12.029026],"rotation":{"angle":0.0,"axis":"y","origin":[7.8124223,2.9922295,12.029026]},"faces":{"east":{"uv":[3.6875,9.9375,4.5,10.6875],"rotation":0,"texture":"#0","tintindex":0},"south":{"uv":[0.0,0.0,0.0,0.75],"rotation":0,"texture":"#0","tintindex":0},"north":{"uv":[0.0,0.0,0.0,0.75],"rotation":0,"texture":"#0","tintindex":0},"west":{"uv":[9.9375,5.9375,10.75,6.6875],"rotation":0,"texture":"#0","tintindex":0},"up":{"uv":[0.0,0.8125,0.0,0.0],"rotation":0,"texture":"#0","tintindex":0},"down":{"uv":[0.0,0.0,0.0,0.8125],"rotation":0,"texture":"#0","tintindex":0}}},{"from":[4.073292,-0.29348564,4.571437],"to":[11.5018635,6.2779436,12.000009],"rotation":{"angle":0.0,"axis":"y","origin":[7.7875776,4.6312017,8.285727]},"faces":{"east":{"uv":[10.0,3.6875,10.8125,4.4375],"rotation":0,"texture":"#0","tintindex":0},"south":{"uv":[5.5,10.0,6.3125,10.75],"rotation":0,"texture":"#0","tintindex":0},"north":{"uv":[0.0,10.0,0.8125,10.75],"rotation":0,"texture":"#0","tintindex":0},"west":{"uv":[0.8125,10.0625,1.625,10.8125],"rotation":0,"texture":"#0","tintindex":0},"up":{"uv":[4.5,9.9375,3.6875,9.125],"rotation":0,"texture":"#0","tintindex":0},"down":{"uv":[10.0,4.0,9.1875,4.8125],"rotation":0,"texture":"#0","tintindex":0}}},{"from":[11.546507,-0.29348564,4.571437],"to":[11.546507,6.2779436,12.000009],"rotation":{"angle":0.0,"axis":"y","origin":[7.7875776,4.6312017,8.285727]},"faces":{"east":{"uv":[10.0625,1.75,10.875,2.5],"rotation":0,"texture":"#0","tintindex":0},"south":{"uv":[0.0,0.0,0.0,0.75],"rotation":0,"texture":"#0","tintindex":0},"north":{"uv":[0.0,0.0,0.0,0.75],"rotation":0,"texture":"#0","tintindex":0},"west":{"uv":[4.5,10.0625,5.3125,10.8125],"rotation":0,"texture":"#0","tintindex":0},"up":{"uv":[0.0,0.8125,0.0,0.0],"rotation":0,"texture":"#0","tintindex":0},"down":{"uv":[0.0,0.0,0.0,0.8125],"rotation":0,"texture":"#0","tintindex":0}}},{"from":[4.0534935,-0.29348564,12.033491],"to":[11.482065,6.2779436,12.033491],"rotation":{"angle":0.0,"axis":"y","origin":[5.9329576,2.9922295,10.157374]},"faces":{"east":{"uv":[0.0,0.0,0.0,0.75],"rotation":0,"texture":"#0","tintindex":0},"south":{"uv":[7.5625,10.3125,8.375,11.0625],"rotation":0,"texture":"#0","tintindex":0},"north":{"uv":[1.625,10.3125,2.4375,11.0625],"rotation":0,"texture":"#0","tintindex":0},"west":{"uv":[0.0,0.0,0.0,0.75],"rotation":0,"texture":"#0","tintindex":0},"up":{"uv":[0.8125,0.0,0.0,0.0],"rotation":0,"texture":"#0","tintindex":0},"down":{"uv":[0.8125,0.0,0.0,0.0],"rotation":0,"texture":"#0","tintindex":0}}},{"from":[4.0649223,-0.29348564,4.571437],"to":[4.0649223,6.2779436,12.000009],"rotation":{"angle":0.0,"axis":"y","origin":[-27.216152,4.6312017,8.285727]},"faces":{"south":{"uv":[0.0,0.0,0.0,0.75],"rotation":0,"texture":"#0","tintindex":0},"north":{"uv":[0.0,0.0,0.0,0.75],"rotation":0,"texture":"#0","tintindex":0},"west":{"uv":[10.375,7.25,11.1875,8.0],"rotation":0,"texture":"#0","tintindex":0},"up":{"uv":[0.0,0.8125,0.0,0.0],"rotation":0,"texture":"#0","tintindex":0},"down":{"uv":[0.0,0.0,0.0,0.8125],"rotation":0,"texture":"#0","tintindex":0}}}],"textures":{"0":"modelengine:entity/iron_demon"},"display":{"head":{"translation":[0.0,-6.4,0.0],"scale":[4.0,4.0,4.0]}}}