{"textures":{"0":"modelengine:entity/iron_demon"},"elements":[{"from":[3.0250835,-0.79289246,1.75],"to":[14.275084,10.207108,12.25],"faces":{"east":{"uv":[11.125,8.0,11.8125,8.6875],"tintindex":0,"rotation":0,"texture":"#0"},"south":{"uv":[11.125,8.6875,11.8125,9.375],"tintindex":0,"rotation":0,"texture":"#0"},"north":{"uv":[10.75,11.0625,11.4375,11.75],"tintindex":0,"rotation":0,"texture":"#0"},"west":{"uv":[0.0,11.1875,0.6875,11.875],"tintindex":0,"rotation":0,"texture":"#0"},"up":{"uv":[1.375,11.875,0.6875,11.1875],"tintindex":0,"rotation":0,"texture":"#0"},"down":{"uv":[11.875,7.0625,11.1875,7.75],"tintindex":0,"rotation":0,"texture":"#0"}}}],"display":{"gui":{"rotation":[30,225,0]}}}