{"textures":{"0":"modelengine:entity/iron_demon"},"elements":[{"from":[6.66278,4.776016,4.7714314],"to":[15.133221,8.162537,7.8681517],"faces":{"east":{"uv":[0.1875,14.375,0.375,14.5625],"tintindex":0,"rotation":0,"texture":"#0"},"south":{"uv":[11.5,2.25,12.0,2.4375],"tintindex":0,"rotation":0,"texture":"#0"},"north":{"uv":[11.25,2.9375,11.75,3.125],"tintindex":0,"rotation":0,"texture":"#0"},"west":{"uv":[0.375,14.375,0.5625,14.5625],"tintindex":0,"rotation":0,"texture":"#0"},"up":{"uv":[12.125,1.625,11.625,1.4375],"tintindex":0,"rotation":0,"texture":"#0"},"down":{"uv":[12.1875,0.625,11.6875,0.8125],"tintindex":0,"rotation":0,"texture":"#0"}},"rotation":{"origin":[8.0,6.676277,4.456792],"angle":45.0,"axis":"z"}},{"from":[16.858892,16.62004,10.895599],"to":[19.417412,18.474754,16.054039],"faces":{"east":{"uv":[10.0625,2.5,10.375,2.625],"tintindex":0,"rotation":0,"texture":"#0"},"south":{"uv":[14.375,8.5625,14.5625,8.6875],"tintindex":0,"rotation":0,"texture":"#0"},"north":{"uv":[8.5625,14.375,8.75,14.5],"tintindex":0,"rotation":0,"texture":"#0"},"west":{"uv":[4.1875,10.6875,4.5,10.8125],"tintindex":0,"rotation":0,"texture":"#0"},"up":{"uv":[1.5,14.5,1.3125,14.1875],"tintindex":0,"rotation":0,"texture":"#0"},"down":{"uv":[1.6875,14.1875,1.5,14.5],"tintindex":0,"rotation":0,"texture":"#0"}}},{"from":[0.8667798,4.776016,4.7714314],"to":[9.33722,8.162537,7.8681517],"faces":{"east":{"uv":[12.0,2.25,12.1875,2.4375],"tintindex":0,"rotation":0,"texture":"#0"},"south":{"uv":[10.4375,7.0625,10.9375,7.25],"tintindex":0,"rotation":0,"texture":"#0"},"north":{"uv":[4.625,0.6875,5.125,0.875],"tintindex":0,"rotation":0,"texture":"#0"},"west":{"uv":[11.5,13.5,11.6875,13.6875],"tintindex":0,"rotation":0,"texture":"#0"},"up":{"uv":[11.375,5.9375,10.875,5.75],"tintindex":0,"rotation":0,"texture":"#0"},"down":{"uv":[11.5625,0.8125,11.0625,1.0],"tintindex":0,"rotation":0,"texture":"#0"}},"rotation":{"origin":[8.0,6.676277,4.456792],"angle":-45.0,"axis":"z"}},{"from":[-2.901803,9.473518,7.2480307],"to":[4.326637,12.860039,10.344751],"faces":{"east":{"uv":[14.3125,13.4375,14.5,13.625],"tintindex":0,"rotation":0,"texture":"#0"},"south":{"uv":[11.875,5.5625,12.3125,5.75],"tintindex":0,"rotation":0,"texture":"#0"},"north":{"uv":[9.1875,4.8125,9.625,5.0],"tintindex":0,"rotation":0,"texture":"#0"},"west":{"uv":[14.3125,14.125,14.5,14.3125],"tintindex":0,"rotation":0,"texture":"#0"},"up":{"uv":[12.3125,7.75,11.875,7.5625],"tintindex":0,"rotation":0,"texture":"#0"},"down":{"uv":[12.6875,11.4375,12.25,11.625],"tintindex":0,"rotation":0,"texture":"#0"}},"rotation":{"origin":[4.6454167,11.166779,8.796391],"angle":-22.5,"axis":"z"}},{"from":[1.6123652,9.375053,4.092516],"to":[4.998885,12.877495,7.1892357],"faces":{"east":{"uv":[14.25,0.25,14.4375,0.5],"tintindex":0,"rotation":0,"texture":"#0"},"south":{"uv":[2.5625,14.25,2.75,14.5],"tintindex":0,"rotation":0,"texture":"#0"},"north":{"uv":[14.25,0.0,14.4375,0.25],"tintindex":0,"rotation":0,"texture":"#0"},"west":{"uv":[14.25,2.5625,14.4375,2.8125],"tintindex":0,"rotation":0,"texture":"#0"},"up":{"uv":[14.5,12.0625,14.3125,11.875],"tintindex":0,"rotation":0,"texture":"#0"},"down":{"uv":[12.375,14.3125,12.1875,14.5],"tintindex":0,"rotation":0,"texture":"#0"}},"rotation":{"origin":[3.305625,9.056274,5.640876],"angle":45.0,"axis":"x"}},{"from":[11.001115,9.375053,4.092516],"to":[14.387634,12.877495,7.1892357],"faces":{"east":{"uv":[14.25,4.0625,14.4375,4.3125],"tintindex":0,"rotation":0,"texture":"#0"},"south":{"uv":[14.25,4.3125,14.4375,4.5625],"tintindex":0,"rotation":0,"texture":"#0"},"north":{"uv":[2.75,14.25,2.9375,14.5],"tintindex":0,"rotation":0,"texture":"#0"},"west":{"uv":[14.25,5.8125,14.4375,6.0625],"tintindex":0,"rotation":0,"texture":"#0"},"up":{"uv":[0.75,14.5625,0.5625,14.375],"tintindex":0,"rotation":0,"texture":"#0"},"down":{"uv":[0.9375,14.375,0.75,14.5625],"tintindex":0,"rotation":0,"texture":"#0"}},"rotation":{"origin":[12.694375,9.056274,5.640876],"angle":45.0,"axis":"x"}},{"from":[15.7668915,7.385376,3.9014435],"to":[19.153412,12.543816,6.9981637],"faces":{"east":{"uv":[8.375,10.3125,8.5625,10.625],"tintindex":0,"rotation":0,"texture":"#0"},"south":{"uv":[7.75,12.8125,7.9375,13.125],"tintindex":0,"rotation":0,"texture":"#0"},"north":{"uv":[9.8125,3.6875,10.0,4.0],"tintindex":0,"rotation":0,"texture":"#0"},"west":{"uv":[14.125,14.125,14.3125,14.4375],"tintindex":0,"rotation":0,"texture":"#0"},"up":{"uv":[1.875,14.5625,1.6875,14.375],"tintindex":0,"rotation":0,"texture":"#0"},"down":{"uv":[3.4375,14.375,3.25,14.5625],"tintindex":0,"rotation":0,"texture":"#0"}},"rotation":{"origin":[17.460152,7.066597,14.557804],"angle":45.0,"axis":"x"}},{"from":[11.673363,9.473518,7.2480307],"to":[18.901802,12.860039,10.344751],"faces":{"east":{"uv":[14.3125,14.3125,14.5,14.5],"tintindex":0,"rotation":0,"texture":"#0"},"south":{"uv":[13.3125,12.25,13.75,12.4375],"tintindex":0,"rotation":0,"texture":"#0"},"north":{"uv":[12.4375,4.125,12.875,4.3125],"tintindex":0,"rotation":0,"texture":"#0"},"west":{"uv":[0.0,14.375,0.1875,14.5625],"tintindex":0,"rotation":0,"texture":"#0"},"up":{"uv":[14.375,13.875,13.9375,13.6875],"tintindex":0,"rotation":0,"texture":"#0"},"down":{"uv":[14.4375,0.625,14.0,0.8125],"tintindex":0,"rotation":0,"texture":"#0"}},"rotation":{"origin":[11.354584,11.166779,8.796391],"angle":22.5,"axis":"z"}},{"from":[-2.8186274,12.939133,7.649459],"to":[-1.0881071,14.785568,10.74618],"faces":{"east":{"uv":[5.9375,12.3125,6.125,12.4375],"tintindex":0,"rotation":0,"texture":"#0"},"south":{"uv":[6.1875,11.3125,6.3125,11.4375],"tintindex":0,"rotation":0,"texture":"#0"},"north":{"uv":[10.75,1.625,10.875,1.75],"tintindex":0,"rotation":0,"texture":"#0"},"west":{"uv":[14.0,12.125,14.1875,12.25],"tintindex":0,"rotation":0,"texture":"#0"},"up":{"uv":[5.0,5.375,4.875,5.1875],"tintindex":0,"rotation":0,"texture":"#0"},"down":{"uv":[3.6875,11.5625,3.5625,11.75],"tintindex":0,"rotation":0,"texture":"#0"}},"rotation":{"origin":[-1.5393677,13.901161,8.702959],"angle":-22.5,"axis":"y"}},{"from":[18.100891,20.380623,8.612223],"to":[19.831413,21.821342,12.114662],"faces":{"east":{"uv":[5.375,6.5625,5.625,6.625],"tintindex":0,"rotation":0,"texture":"#0"},"south":{"uv":[7.875,9.5,8.0,9.5625],"tintindex":0,"rotation":0,"texture":"#0"},"north":{"uv":[7.75,9.5,7.875,9.5625],"tintindex":0,"rotation":0,"texture":"#0"},"west":{"uv":[7.0625,3.375,7.3125,3.4375],"tintindex":0,"rotation":0,"texture":"#0"},"up":{"uv":[6.5,2.6875,6.375,2.4375],"tintindex":0,"rotation":0,"texture":"#0"},"down":{"uv":[5.9375,12.8125,5.8125,13.0625],"tintindex":0,"rotation":0,"texture":"#0"}},"rotation":{"origin":[17.310152,11.164986,8.293443],"angle":45.0,"axis":"x"}}],"display":{"gui":{"rotation":[30,225,0]}}}