{"textures":{"0":"modelengine:entity/iron_demon"},"elements":[{"from":[3.923874,6.157726,6.1551037],"to":[8.764126,8.09288,7.924658],"rotation":{"angle":-45.0,"axis":"z","origin":[8.0,7.2435884,5.9753094]},"faces":{"east":{"uv":[12.0,2.25,12.1875,2.4375],"rotation":0,"texture":"#0","tintindex":0},"south":{"uv":[10.4375,7.0625,10.9375,7.25],"rotation":0,"texture":"#0","tintindex":0},"north":{"uv":[4.625,0.6875,5.125,0.875],"rotation":0,"texture":"#0","tintindex":0},"west":{"uv":[11.5,13.5,11.6875,13.6875],"rotation":0,"texture":"#0","tintindex":0},"up":{"uv":[11.375,5.9375,10.875,5.75],"rotation":0,"texture":"#0","tintindex":0},"down":{"uv":[11.5625,0.8125,11.0625,1.0],"rotation":0,"texture":"#0","tintindex":0}}},{"from":[4.349923,8.785746,5.767152],"to":[6.285077,10.78714,7.536706],"rotation":{"angle":45.0,"axis":"x","origin":[5.3175,8.603585,6.651929]},"faces":{"east":{"uv":[14.25,0.25,14.4375,0.5],"rotation":0,"texture":"#0","tintindex":0},"south":{"uv":[2.5625,14.25,2.75,14.5],"rotation":0,"texture":"#0","tintindex":0},"north":{"uv":[14.25,0.0,14.4375,0.25],"rotation":0,"texture":"#0","tintindex":0},"west":{"uv":[14.25,2.5625,14.4375,2.8125],"rotation":0,"texture":"#0","tintindex":0},"up":{"uv":[14.5,12.0625,14.3125,11.875],"rotation":0,"texture":"#0","tintindex":0},"down":{"uv":[12.375,14.3125,12.1875,14.5],"rotation":0,"texture":"#0","tintindex":0}}},{"from":[1.7703981,8.842011,7.570303],"to":[5.900935,10.777166,9.339857],"rotation":{"angle":-22.5,"axis":"z","origin":[6.083095,9.809589,8.45508]},"faces":{"east":{"uv":[14.3125,13.4375,14.5,13.625],"rotation":0,"texture":"#0","tintindex":0},"south":{"uv":[11.875,5.5625,12.3125,5.75],"rotation":0,"texture":"#0","tintindex":0},"north":{"uv":[9.1875,4.8125,9.625,5.0],"rotation":0,"texture":"#0","tintindex":0},"west":{"uv":[14.3125,14.125,14.5,14.3125],"rotation":0,"texture":"#0","tintindex":0},"up":{"uv":[12.3125,7.75,11.875,7.5625],"rotation":0,"texture":"#0","tintindex":0},"down":{"uv":[12.6875,11.4375,12.25,11.625],"rotation":0,"texture":"#0","tintindex":0}}},{"from":[1.8179269,10.822361,7.7996907],"to":[2.8067956,11.87747,9.569245],"rotation":{"angle":-22.5,"axis":"y","origin":[2.5489326,11.372094,8.401691]},"faces":{"east":{"uv":[5.9375,12.3125,6.125,12.4375],"rotation":0,"texture":"#0","tintindex":0},"south":{"uv":[6.1875,11.3125,6.3125,11.4375],"rotation":0,"texture":"#0","tintindex":0},"north":{"uv":[10.75,1.625,10.875,1.75],"rotation":0,"texture":"#0","tintindex":0},"west":{"uv":[14.0,12.125,14.1875,12.25],"rotation":0,"texture":"#0","tintindex":0},"up":{"uv":[5.0,5.375,4.875,5.1875],"rotation":0,"texture":"#0","tintindex":0},"down":{"uv":[3.6875,11.5625,3.5625,11.75],"rotation":0,"texture":"#0","tintindex":0}}},{"from":[10.099065,8.842011,7.570303],"to":[14.229602,10.777166,9.339857],"rotation":{"angle":22.5,"axis":"z","origin":[9.916904,9.809589,8.45508]},"faces":{"east":{"uv":[14.3125,14.3125,14.5,14.5],"rotation":0,"texture":"#0","tintindex":0},"south":{"uv":[13.3125,12.25,13.75,12.4375],"rotation":0,"texture":"#0","tintindex":0},"north":{"uv":[12.4375,4.125,12.875,4.3125],"rotation":0,"texture":"#0","tintindex":0},"west":{"uv":[0.0,14.375,0.1875,14.5625],"rotation":0,"texture":"#0","tintindex":0},"up":{"uv":[14.375,13.875,13.9375,13.6875],"rotation":0,"texture":"#0","tintindex":0},"down":{"uv":[14.4375,0.625,14.0,0.8125],"rotation":0,"texture":"#0","tintindex":0}}},{"from":[7.235874,6.157726,6.1551037],"to":[12.076126,8.09288,7.924658],"rotation":{"angle":45.0,"axis":"z","origin":[8.0,7.2435884,5.9753094]},"faces":{"east":{"uv":[0.1875,14.375,0.375,14.5625],"rotation":0,"texture":"#0","tintindex":0},"south":{"uv":[11.5,2.25,12.0,2.4375],"rotation":0,"texture":"#0","tintindex":0},"north":{"uv":[11.25,2.9375,11.75,3.125],"rotation":0,"texture":"#0","tintindex":0},"west":{"uv":[0.375,14.375,0.5625,14.5625],"rotation":0,"texture":"#0","tintindex":0},"up":{"uv":[12.125,1.625,11.625,1.4375],"rotation":0,"texture":"#0","tintindex":0},"down":{"uv":[12.1875,0.625,11.6875,0.8125],"rotation":0,"texture":"#0","tintindex":0}}},{"from":[9.714923,8.785746,5.767152],"to":[11.650077,10.78714,7.536706],"rotation":{"angle":45.0,"axis":"x","origin":[10.6825,8.603585,6.651929]},"faces":{"east":{"uv":[14.25,4.0625,14.4375,4.3125],"rotation":0,"texture":"#0","tintindex":0},"south":{"uv":[14.25,4.3125,14.4375,4.5625],"rotation":0,"texture":"#0","tintindex":0},"north":{"uv":[2.75,14.25,2.9375,14.5],"rotation":0,"texture":"#0","tintindex":0},"west":{"uv":[14.25,5.8125,14.4375,6.0625],"rotation":0,"texture":"#0","tintindex":0},"up":{"uv":[0.75,14.5625,0.5625,14.375],"rotation":0,"texture":"#0","tintindex":0},"down":{"uv":[0.9375,14.375,0.75,14.5625],"rotation":0,"texture":"#0","tintindex":0}}},{"from":[12.438225,7.648785,5.6579676],"to":[14.373379,10.596465,7.427522],"rotation":{"angle":45.0,"axis":"x","origin":[13.405802,7.466625,11.747316]},"faces":{"east":{"uv":[8.375,10.3125,8.5625,10.625],"rotation":0,"texture":"#0","tintindex":0},"south":{"uv":[7.75,12.8125,7.9375,13.125],"rotation":0,"texture":"#0","tintindex":0},"north":{"uv":[9.8125,3.6875,10.0,4.0],"rotation":0,"texture":"#0","tintindex":0},"west":{"uv":[14.125,14.125,14.3125,14.4375],"rotation":0,"texture":"#0","tintindex":0},"up":{"uv":[1.875,14.5625,1.6875,14.375],"rotation":0,"texture":"#0","tintindex":0},"down":{"uv":[3.4375,14.375,3.25,14.5625],"rotation":0,"texture":"#0","tintindex":0}}},{"from":[13.062224,12.925736,9.654628],"to":[14.524236,13.985577,12.602308],"rotation":{"angle":0.0,"axis":"y","origin":[13.320087,7.8962274,9.472467]},"faces":{"east":{"uv":[10.0625,2.5,10.375,2.625],"rotation":0,"texture":"#0","tintindex":0},"south":{"uv":[14.375,8.5625,14.5625,8.6875],"rotation":0,"texture":"#0","tintindex":0},"north":{"uv":[8.5625,14.375,8.75,14.5],"rotation":0,"texture":"#0","tintindex":0},"west":{"uv":[4.1875,10.6875,4.5,10.8125],"rotation":0,"texture":"#0","tintindex":0},"up":{"uv":[1.5,14.5,1.3125,14.1875],"rotation":0,"texture":"#0","tintindex":0},"down":{"uv":[1.6875,14.1875,1.5,14.5],"rotation":0,"texture":"#0","tintindex":0}}},{"from":[13.771938,15.074644,8.349841],"to":[14.760807,15.897912,10.351236],"rotation":{"angle":45.0,"axis":"x","origin":[13.320087,9.808563,8.167682]},"faces":{"east":{"uv":[5.375,6.5625,5.625,6.625],"rotation":0,"texture":"#0","tintindex":0},"south":{"uv":[7.875,9.5,8.0,9.5625],"rotation":0,"texture":"#0","tintindex":0},"north":{"uv":[7.75,9.5,7.875,9.5625],"rotation":0,"texture":"#0","tintindex":0},"west":{"uv":[7.0625,3.375,7.3125,3.4375],"rotation":0,"texture":"#0","tintindex":0},"up":{"uv":[6.5,2.6875,6.375,2.4375],"rotation":0,"texture":"#0","tintindex":0},"down":{"uv":[5.9375,12.8125,5.8125,13.0625],"rotation":0,"texture":"#0","tintindex":0}}}],"display":{"head":{"translation":[0.0,-6.4,0.0],"scale":[4.0,4.0,4.0]}}}