{"textures":{"0":"modelengine:entity/iron_demon"},"elements":[{"name":"cube","from":[0.61794996,3.4570615,2.7499998],"to":[8.86795,11.407062,10.55],"rotation":{"angle":-22.5,"axis":"z","origin":[4.74295,7.4320617,6.6499996]},"faces":{"down":{"uv":[9.25,2.5,8.375,3.3125],"rotation":0,"texture":"#0","tintindex":0},"east":{"uv":[1.25,9.25,2.0625,10.0625],"rotation":0,"texture":"#0","tintindex":0},"north":{"uv":[0.5625,8.1875,1.4375,9.0],"rotation":0,"texture":"#0","tintindex":0},"south":{"uv":[8.25,0.0,9.125,0.8125],"rotation":0,"texture":"#0","tintindex":0},"up":{"uv":[9.125,1.625,8.25,0.8125],"rotation":0,"texture":"#0","tintindex":0},"west":{"uv":[9.25,1.8125,10.0625,2.625],"rotation":0,"texture":"#0","tintindex":0}}}],"display":{"head":{"translation":[0.0,-6.4,0.0],"rotation":[0.0,0.0,0.0],"scale":[3.8095,3.8095,3.8095]}}}