{"elements":[{"from":[4.7875776,3.8893666,4.2770567],"to":[9.64472,8.74651,9.134199],"rotation":{"angle":-45.0,"axis":"x","origin":[7.216149,6.317938,6.705628]},"faces":{"east":{"uv":[10.0,12.375,10.5625,12.9375],"rotation":0,"texture":"#0","tintindex":0},"south":{"uv":[10.5625,12.375,11.125,12.9375],"rotation":0,"texture":"#0","tintindex":0},"north":{"uv":[12.375,9.4375,12.9375,10.0],"rotation":0,"texture":"#0","tintindex":0},"west":{"uv":[2.0625,12.4375,2.625,13.0],"rotation":0,"texture":"#0","tintindex":0},"up":{"uv":[3.1875,13.0,2.625,12.4375],"rotation":0,"texture":"#0","tintindex":0},"down":{"uv":[13.0,3.5625,12.4375,4.125],"rotation":0,"texture":"#0","tintindex":0}}},{"from":[4.259006,4.4255276,4.805628],"to":[10.187578,8.217938,8.591342],"rotation":{"angle":-45.0,"axis":"x","origin":[7.216149,6.317938,6.705628]},"faces":{"east":{"uv":[13.5625,5.5,14.0,5.9375],"rotation":0,"texture":"#0","tintindex":0},"south":{"uv":[12.75,10.0,13.4375,10.4375],"rotation":0,"texture":"#0","tintindex":0},"north":{"uv":[12.75,4.8125,13.4375,5.25],"rotation":0,"texture":"#0","tintindex":0},"west":{"uv":[13.5625,5.9375,14.0,6.375],"rotation":0,"texture":"#0","tintindex":0},"up":{"uv":[13.4375,10.875,12.75,10.4375],"rotation":0,"texture":"#0","tintindex":0},"down":{"uv":[11.8125,12.75,11.125,13.1875],"rotation":0,"texture":"#0","tintindex":0}}}],"textures":{"0":"modelengine:entity/iron_demon"},"display":{"head":{"translation":[0.0,-6.4,0.0],"scale":[4.0,4.0,4.0]}}}