{"file_name":"group16","texture_size":[256,256],"textures":{"283f017f-fe3b-a834-c67e-5b3174e722a6":"modelengine:entity/iron_demon","064ba5c2-b75f-2d2e-74b9-76ed85c89ebf":"modelengine:entity/molten_iron"},"elements":[{"name":"cube","from":[24.497143,-7.4045057,4.25],"to":[25.997143,-4.7045054,5.75],"rotation":{"angle":0.0,"axis":"x","origin":[26.522144,-2.1545057,6.8]},"faces":{"down":{"uv":[1.1875,4.3125,1.0625,4.4375],"rotation":0,"texture":"#283f017f-fe3b-a834-c67e-5b3174e722a6","tintindex":0},"east":{"uv":[0.8125,4.4375,0.9375,4.6875],"rotation":0,"texture":"#283f017f-fe3b-a834-c67e-5b3174e722a6","tintindex":0},"north":{"uv":[0.9375,4.4375,1.0625,4.6875],"rotation":0,"texture":"#283f017f-fe3b-a834-c67e-5b3174e722a6","tintindex":0},"south":{"uv":[1.1875,4.4375,1.3125,4.6875],"rotation":0,"texture":"#283f017f-fe3b-a834-c67e-5b3174e722a6","tintindex":0},"up":{"uv":[1.0625,4.4375,0.9375,4.3125],"rotation":0,"texture":"#283f017f-fe3b-a834-c67e-5b3174e722a6","tintindex":0},"west":{"uv":[1.0625,4.4375,1.1875,4.6875],"rotation":0,"texture":"#283f017f-fe3b-a834-c67e-5b3174e722a6","tintindex":0}}},{"name":"cube","from":[25.23207,-9.17877,4.25],"to":[26.73207,-6.4787703,5.75],"rotation":{"angle":45.0,"axis":"z","origin":[25.98207,-7.8287706,6.8]},"faces":{"down":{"uv":[0.375,4.3125,0.25,4.4375],"rotation":0,"texture":"#283f017f-fe3b-a834-c67e-5b3174e722a6","tintindex":0},"east":{"uv":[0.0,4.4375,0.125,4.6875],"rotation":0,"texture":"#283f017f-fe3b-a834-c67e-5b3174e722a6","tintindex":0},"north":{"uv":[0.125,4.4375,0.25,4.6875],"rotation":0,"texture":"#283f017f-fe3b-a834-c67e-5b3174e722a6","tintindex":0},"south":{"uv":[0.375,4.4375,0.5,4.6875],"rotation":0,"texture":"#283f017f-fe3b-a834-c67e-5b3174e722a6","tintindex":0},"up":{"uv":[0.25,4.4375,0.125,4.3125],"rotation":0,"texture":"#283f017f-fe3b-a834-c67e-5b3174e722a6","tintindex":0},"west":{"uv":[0.25,4.4375,0.375,4.6875],"rotation":0,"texture":"#283f017f-fe3b-a834-c67e-5b3174e722a6","tintindex":0}}},{"name":"cube","from":[25.23207,-9.17877,7.85],"to":[26.73207,-6.4787703,9.35],"rotation":{"angle":45.0,"axis":"z","origin":[25.98207,-7.8287706,6.8]},"faces":{"down":{"uv":[0.375,0.0,0.25,0.125],"rotation":0,"texture":"#283f017f-fe3b-a834-c67e-5b3174e722a6","tintindex":0},"east":{"uv":[0.0,0.125,0.125,0.375],"rotation":0,"texture":"#283f017f-fe3b-a834-c67e-5b3174e722a6","tintindex":0},"north":{"uv":[0.125,0.125,0.25,0.375],"rotation":0,"texture":"#283f017f-fe3b-a834-c67e-5b3174e722a6","tintindex":0},"south":{"uv":[0.375,0.125,0.5,0.375],"rotation":0,"texture":"#283f017f-fe3b-a834-c67e-5b3174e722a6","tintindex":0},"up":{"uv":[0.25,0.125,0.125,0.0],"rotation":0,"texture":"#283f017f-fe3b-a834-c67e-5b3174e722a6","tintindex":0},"west":{"uv":[0.25,0.125,0.375,0.375],"rotation":0,"texture":"#283f017f-fe3b-a834-c67e-5b3174e722a6","tintindex":0}}},{"name":"cube","from":[26.306072,-9.232771,8.15],"to":[27.50607,-7.5947704,9.05],"rotation":{"angle":-22.5,"axis":"z","origin":[25.98207,-7.8287706,6.8]},"faces":{"down":{"uv":[5.0625,0.0,4.9375,0.0625],"rotation":0,"texture":"#283f017f-fe3b-a834-c67e-5b3174e722a6","tintindex":0},"east":{"uv":[4.75,0.0625,4.8125,0.1875],"rotation":0,"texture":"#283f017f-fe3b-a834-c67e-5b3174e722a6","tintindex":0},"north":{"uv":[4.8125,0.0625,4.9375,0.1875],"rotation":0,"texture":"#283f017f-fe3b-a834-c67e-5b3174e722a6","tintindex":0},"south":{"uv":[5.0,0.0625,5.125,0.1875],"rotation":0,"texture":"#283f017f-fe3b-a834-c67e-5b3174e722a6","tintindex":0},"up":{"uv":[4.9375,0.0625,4.8125,0.0],"rotation":0,"texture":"#283f017f-fe3b-a834-c67e-5b3174e722a6","tintindex":0},"west":{"uv":[4.9375,0.0625,5.0,0.1875],"rotation":0,"texture":"#283f017f-fe3b-a834-c67e-5b3174e722a6","tintindex":0}}},{"name":"cube","from":[26.306072,-9.232771,4.5499997],"to":[27.50607,-7.5947704,5.45],"rotation":{"angle":-22.5,"axis":"z","origin":[25.98207,-7.8287706,6.8]},"faces":{"down":{"uv":[0.3125,4.6875,0.1875,4.75],"rotation":0,"texture":"#283f017f-fe3b-a834-c67e-5b3174e722a6","tintindex":0},"east":{"uv":[0.0,4.75,0.0625,4.875],"rotation":0,"texture":"#283f017f-fe3b-a834-c67e-5b3174e722a6","tintindex":0},"north":{"uv":[0.0625,4.75,0.1875,4.875],"rotation":0,"texture":"#283f017f-fe3b-a834-c67e-5b3174e722a6","tintindex":0},"south":{"uv":[0.25,4.75,0.375,4.875],"rotation":0,"texture":"#283f017f-fe3b-a834-c67e-5b3174e722a6","tintindex":0},"up":{"uv":[0.1875,4.75,0.0625,4.6875],"rotation":0,"texture":"#283f017f-fe3b-a834-c67e-5b3174e722a6","tintindex":0},"west":{"uv":[0.1875,4.75,0.25,4.875],"rotation":0,"texture":"#283f017f-fe3b-a834-c67e-5b3174e722a6","tintindex":0}}},{"name":"cube","from":[24.497143,-7.4045057,6.05],"to":[25.997143,-4.7045054,7.55],"rotation":{"angle":0.0,"axis":"x","origin":[26.522144,-2.1545057,6.8]},"faces":{"down":{"uv":[3.25,4.3125,3.125,4.4375],"rotation":0,"texture":"#283f017f-fe3b-a834-c67e-5b3174e722a6","tintindex":0},"east":{"uv":[2.875,4.4375,3.0,4.6875],"rotation":0,"texture":"#283f017f-fe3b-a834-c67e-5b3174e722a6","tintindex":0},"north":{"uv":[3.0,4.4375,3.125,4.6875],"rotation":0,"texture":"#283f017f-fe3b-a834-c67e-5b3174e722a6","tintindex":0},"south":{"uv":[3.25,4.4375,3.375,4.6875],"rotation":0,"texture":"#283f017f-fe3b-a834-c67e-5b3174e722a6","tintindex":0},"up":{"uv":[3.125,4.4375,3.0,4.3125],"rotation":0,"texture":"#283f017f-fe3b-a834-c67e-5b3174e722a6","tintindex":0},"west":{"uv":[3.125,4.4375,3.25,4.6875],"rotation":0,"texture":"#283f017f-fe3b-a834-c67e-5b3174e722a6","tintindex":0}}},{"name":"cube","from":[24.497143,-7.4045057,7.85],"to":[25.997143,-4.7045054,9.35],"rotation":{"angle":0.0,"axis":"x","origin":[26.522144,-2.1545057,6.8]},"faces":{"down":{"uv":[3.25,4.6875,3.125,4.8125],"rotation":0,"texture":"#283f017f-fe3b-a834-c67e-5b3174e722a6","tintindex":0},"east":{"uv":[2.875,4.8125,3.0,5.0625],"rotation":0,"texture":"#283f017f-fe3b-a834-c67e-5b3174e722a6","tintindex":0},"north":{"uv":[3.0,4.8125,3.125,5.0625],"rotation":0,"texture":"#283f017f-fe3b-a834-c67e-5b3174e722a6","tintindex":0},"south":{"uv":[3.25,4.8125,3.375,5.0625],"rotation":0,"texture":"#283f017f-fe3b-a834-c67e-5b3174e722a6","tintindex":0},"up":{"uv":[3.125,4.8125,3.0,4.6875],"rotation":0,"texture":"#283f017f-fe3b-a834-c67e-5b3174e722a6","tintindex":0},"west":{"uv":[3.125,4.8125,3.25,5.0625],"rotation":0,"texture":"#283f017f-fe3b-a834-c67e-5b3174e722a6","tintindex":0}}},{"name":"cube","from":[27.50607,-8.932771,4.5499997],"to":[28.106071,-7.8947706,5.45],"rotation":{"angle":-22.5,"axis":"z","origin":[25.98207,-7.8287706,6.8]},"faces":{"down":{"uv":[0.1875,0.875,0.125,0.9375],"rotation":0,"texture":"#283f017f-fe3b-a834-c67e-5b3174e722a6","tintindex":0},"east":{"uv":[0.0,0.9375,0.0625,1.0],"rotation":0,"texture":"#283f017f-fe3b-a834-c67e-5b3174e722a6","tintindex":0},"north":{"uv":[0.0625,0.9375,0.125,1.0],"rotation":0,"texture":"#283f017f-fe3b-a834-c67e-5b3174e722a6","tintindex":0},"south":{"uv":[0.1875,0.9375,0.25,1.0],"rotation":0,"texture":"#283f017f-fe3b-a834-c67e-5b3174e722a6","tintindex":0},"up":{"uv":[0.125,0.9375,0.0625,0.875],"rotation":0,"texture":"#283f017f-fe3b-a834-c67e-5b3174e722a6","tintindex":0},"west":{"uv":[0.125,0.9375,0.1875,1.0],"rotation":0,"texture":"#283f017f-fe3b-a834-c67e-5b3174e722a6","tintindex":0}}},{"name":"cube","from":[28.106071,-8.632771,4.5499997],"to":[28.70607,-7.8947706,5.45],"rotation":{"angle":-22.5,"axis":"z","origin":[25.98207,-7.8287706,6.8]},"faces":{"down":{"uv":[0.1875,0.375,0.125,0.4375],"rotation":0,"texture":"#283f017f-fe3b-a834-c67e-5b3174e722a6","tintindex":0},"east":{"uv":[0.0,0.4375,0.0625,0.5],"rotation":0,"texture":"#283f017f-fe3b-a834-c67e-5b3174e722a6","tintindex":0},"north":{"uv":[0.0625,0.4375,0.125,0.5],"rotation":0,"texture":"#283f017f-fe3b-a834-c67e-5b3174e722a6","tintindex":0},"south":{"uv":[0.1875,0.4375,0.25,0.5],"rotation":0,"texture":"#283f017f-fe3b-a834-c67e-5b3174e722a6","tintindex":0},"up":{"uv":[0.125,0.4375,0.0625,0.375],"rotation":0,"texture":"#283f017f-fe3b-a834-c67e-5b3174e722a6","tintindex":0},"west":{"uv":[0.125,0.4375,0.1875,0.5],"rotation":0,