{"textures":{"0":"modelengine:entity/iron_demon"},"elements":[{"from":[12.073242,-10.769863,11.220209],"to":[16.995117,-3.2698631,14.220209],"faces":{"east":{"uv":[12.0,13.6875,12.1875,14.1875],"tintindex":0,"rotation":0,"texture":"#0"},"south":{"uv":[7.25,13.6875,7.5625,14.1875],"tintindex":0,"rotation":0,"texture":"#0"},"north":{"uv":[6.9375,13.6875,7.25,14.1875],"tintindex":0,"rotation":0,"texture":"#0"},"west":{"uv":[6.625,13.75,6.8125,14.25],"tintindex":0,"rotation":0,"texture":"#0"},"up":{"uv":[14.3125,10.1875,14.0,10.0],"tintindex":0,"rotation":0,"texture":"#0"},"down":{"uv":[14.5,1.625,14.1875,1.8125],"tintindex":0,"rotation":0,"texture":"#0"}},"rotation":{"origin":[10.030273,-7.269863,7.720209],"angle":-22.5,"axis":"x"}},{"from":[0.8897476,-5.8825417,4.944692],"to":[4.3897476,-0.88254166,8.444693],"faces":{"east":{"uv":[3.25,14.0625,3.5,14.375],"tintindex":0,"rotation":0,"texture":"#0"},"south":{"uv":[8.5625,14.0625,8.8125,14.375],"tintindex":0,"rotation":0,"texture":"#0"},"north":{"uv":[11.75,14.0,12.0,14.3125],"tintindex":0,"rotation":0,"texture":"#0"},"west":{"uv":[9.3125,14.0625,9.5625,14.375],"tintindex":0,"rotation":0,"texture":"#0"},"up":{"uv":[8.4375,14.375,8.1875,14.125],"tintindex":0,"rotation":0,"texture":"#0"},"down":{"uv":[14.375,8.5625,14.125,8.8125],"tintindex":0,"rotation":0,"texture":"#0"}},"rotation":{"origin":[3.6397476,-3.3825417,6.694692],"angle":-22.5,"axis":"z"}},{"from":[12.030273,-4.5869026,2.1946921],"to":[17.030273,4.9130974,11.194693],"faces":{"east":{"uv":[12.1875,2.0,12.75,2.625],"tintindex":0,"rotation":0,"texture":"#0"},"south":{"uv":[10.3125,13.4375,10.625,14.0625],"tintindex":0,"rotation":0,"texture":"#0"},"north":{"uv":[13.4375,10.1875,13.75,10.8125],"tintindex":0,"rotation":0,"texture":"#0"},"west":{"uv":[12.1875,10.25,12.75,10.875],"tintindex":0,"rotation":0,"texture":"#0"},"up":{"uv":[6.125,14.1875,5.8125,13.625],"tintindex":0,"rotation":0,"texture":"#0"},"down":{"uv":[7.9375,13.625,7.625,14.1875],"tintindex":0,"rotation":0,"texture":"#0"}},"rotation":{"origin":[14.530273,-5.0869026,6.694692],"angle":22.5,"axis":"z"}},{"from":[6.551243,-10.621231,4.944692],"to":[11.551243,-7.121231,8.444693],"faces":{"east":{"uv":[9.0,14.125,9.25,14.375],"tintindex":0,"rotation":0,"texture":"#0"},"south":{"uv":[0.0,14.125,0.3125,14.375],"tintindex":0,"rotation":0,"texture":"#0"},"north":{"uv":[12.1875,14.0625,12.5,14.3125],"tintindex":0,"rotation":0,"texture":"#0"},"west":{"uv":[12.5,14.125,12.75,14.375],"tintindex":0,"rotation":0,"texture":"#0"},"up":{"uv":[0.625,14.375,0.3125,14.125],"tintindex":0,"rotation":0,"texture":"#0"},"down":{"uv":[0.9375,14.125,0.625,14.375],"tintindex":0,"rotation":0,"texture":"#0"}},"rotation":{"origin":[9.051243,-8.871231,6.694692],"angle":22.5,"axis":"z"}},{"from":[1.0943661,-6.5930176,8.604692],"to":[3.094366,-4.5930176,10.354692],"faces":{"east":{"uv":[14.4375,5.25,14.5625,5.375],"tintindex":0,"rotation":0,"texture":"#0"},"south":{"uv":[14.4375,5.375,14.5625,5.5],"tintindex":0,"rotation":0,"texture":"#0"},"north":{"uv":[14.4375,5.125,14.5625,5.25],"tintindex":0,"rotation":0,"texture":"#0"},"west":{"uv":[14.4375,5.5,14.5625,5.625],"tintindex":0,"rotation":0,"texture":"#0"},"up":{"uv":[14.5625,5.875,14.4375,5.75],"tintindex":0,"rotation":0,"texture":"#0"},"down":{"uv":[14.5625,5.875,14.4375,6.0],"tintindex":0,"rotation":0,"texture":"#0"}}},{"from":[7.5302734,-3.0869026,-1.3053074],"to":[13.030273,-0.08690262,14.694693],"faces":{"east":{"uv":[13.25,12.875,14.25,13.0625],"tintindex":0,"rotation":0,"texture":"#0"},"south":{"uv":[14.0,3.625,14.375,3.8125],"tintindex":0,"rotation":0,"texture":"#0"},"north":{"uv":[8.9375,6.6875,9.3125,6.875],"tintindex":0,"rotation":0,"texture":"#0"},"west":{"uv":[13.3125,1.4375,14.3125,1.625],"tintindex":0,"rotation":0,"texture":"#0"},"up":{"uv":[2.0625,12.875,1.6875,11.875],"tintindex":0,"rotation":0,"texture":"#0"},"down":{"uv":[8.3125,12.125,7.9375,13.125],"tintindex":0,"rotation":0,"texture":"#0"}}},{"from":[4.719366,-11.343018,5.3946924],"to":[6.719366,-9.343018,7.894692],"faces":{"east":{"uv":[9.1875,14.375,9.375,14.5],"tintindex":0,"rotation":0,"texture":"#0"},"south":{"uv":[14.4375,9.0625,14.5625,9.1875],"tintindex":0,"rotation":0,"texture":"#0"},"north":{"uv":[8.875,14.4375,9.0,14.5625],"tintindex":0,"rotation":0,"texture":"#0"},"west":{"uv":[9.375,14.375,9.5625,14.5],"tintindex":0,"rotation":0,"texture":"#0"},"up":{"uv":[14.5,10.3125,14.375,10.125],"tintindex":0,"rotation":0,"texture":"#0"},"down":{"uv":[14.5,10.3125,14.375,10.5],"tintindex":0,"rotation":0,"texture":"#0"}},"rotation":{"origin":[5.719366,-10.093018,6.644692],"angle":22.5,"axis":"z"}},{"from":[6.551243,-10.621231,0.94469213],"to":[11.551243,-7.121231,4.444692],"faces":{"east":{"uv":[8.875,1.625,9.125,1.875],"tintindex":0,"rotation":0,"texture":"#0"},"south":{"uv":[14.0,5.0625,14.3125,5.3125],"tintindex":0,"rotation":0,"texture":"#0"},"north":{"uv":[14.0,3.375,14.3125,3.625],"tintindex":0,"rotation":0,"texture":"#0"},"west":{"uv":[14.125,3.8125,14.375,4.0625],"tintindex":0,"rotation":0,"texture":"#0"},"up":{"uv":[14.3125,5.5625,14.0,5.3125],"tintindex":0,"rotation":0,"texture":"#0"},"down":{"uv":[14.3125,5.5625,14.0,5.8125],"tintindex":0,"rotation":0,"texture":"#0"}},"rotation":{"origin":[9.051243,-8.871231,6.694692],"angle":22.5,"axis":"z"}},{"from":[1.0943661,-6.5930176,5.854692],"to":[3.094366,-4.5930176,7.604692],"faces":{"east":{"uv":[6.375,14.4375,6.5,14.5625],"tintindex":0,"rotation":0,"texture":"#0"},"south":{"uv":[14.4375,6.375,14.5625,6.5],"tintindex":0,"rotation":0,"texture":"#0"},"north":{"uv":[14.4375,6.25,14.5625,6.375],"tintindex":0,"rotation":0,"texture":"#0"},"west":{"uv":[6.5,14.4375,6.625,14.5625],"tintindex":0,"rotation":0,"texture":"#0"},"up":{"uv":[14.5625,6.625,14.4375,6.5],"tintindex":0,"rotation":0,"texture":"#0"},"down":{"uv":[8.875,14.4375,8.75,14.5625],"tintindex":0,"rotation":0,"texture":"#0"}}},{"from":[7.5654297,-0.37979507,10.573372],"to":[12.991211,1.6202049,14.573372],"faces":{"east":{"uv":[13.3125,4.0,13.5625,4.125],"tintindex":0,"rotation":0,"texture":"#0"},"south":{"uv":[14.25,0.5,14.5625,0.625],"tintindex":0,"rotation":0,"texture":"#0"},"north":{"uv":[14.1875,1.8125,14.5,1.9375],"tintindex":0,"rotation":0,"texture":"#0"},"west":{"uv":[7.9375,13.625,8.1875,13.75],"tintindex":0,"rotation":0,"texture":"#0"},"up":{"uv":[14.3125,2.3125,14.0,2.0625],"tintindex":0,"rotation":0,"texture":"#0"},"down":{"uv":[2.9375,14.0,2.625,14.25],"tintindex":0,"rotation":0,"texture":"#0"}},"rotation":{"origin":[10.280273,0.6202049,12.573372],"angle":45.0,"axis":"x"}},{"from":[7.5302734,4.9130974,1.0970359],"to":[13.030273,12.913097,12.222036],"faces":{"east":{"uv":[12.25,4.3125,12.9375,4.8125],"tintindex":0,"rotation":0,"texture":"#0"},"south":{"uv":[0.0,13.625,0.375,14.125],"tintindex":0,"rotation":0,"texture":"#0"},"north":{"uv":[2.0625,11.0625,2.4375,11.5625],"tintindex":0,"rotation":0,"texture":"#0"},"west":{"uv":[11.125,12.25,11.8125,12.75],"tintindex":0,"rotation":0,"texture":"#0"},"up":{"uv":[2.0,13.5625,1.625,12.875],"tintindex":0,"rotation":0,"texture":"#0"},"down":{"uv":[13.25,12.4375,12.875,13.125],"tintindex":0,"rotation":0,"texture":"#0"}},"rotation":{"origin":[10.280273,3.9130974,6.694692],"angle":45.0,"axis":"z"}},{"from":[9.030273,-9.336903,0.19469213],"to":[13.530273,-0.8369026,13.194693],"faces":{"east":{"uv":[6.1875,11.4375,7.0,12.0],"tintindex":0,"rotation":0,"texture":"#0"},"south":{"uv":[10.4375,11.1875,10.75,11.75],"tintindex":0,"rotation":0,"texture":"#0"},"north":{"uv":[9.0625,10.625,9.375,11.1875],"tintindex":0,"rotation":0,"texture":"#0"},"west":{"uv":[11.4375,11.0625,12.25,11.625],"tintindex":0,"rotation":0,"texture":"#0"},"up":{"uv":[5.6875,3.5,5.375,2.6875],"tintindex":0,"rotation":0,"texture":"#0"},"down":{"uv":[3.875,12.9375,3.5625,13.75],"tintindex":0,"rotation":0,"texture":"#0"}}},{"from":[7.5654297,-6.183096,-2.5877934],"to":[12.991211,-2.183096,-0.58779335],"faces":{"east":{"uv":[8.0625,14.375,8.1875,14.625],"tintindex":0,"rotation":0,