{"textures":{"0":"modelengine:entity/iron_demon"},"elements":[{"from":[7.060974,0.64107895,10.249609],"to":[9.060974,3.2460785,11.749609],"faces":{"east":{"uv":[13.125,14.375,13.25,14.5625],"tintindex":0,"rotation":0,"texture":"#0"},"south":{"uv":[13.25,14.375,13.375,14.5625],"tintindex":0,"rotation":0,"texture":"#0"},"north":{"uv":[14.375,12.5,14.5,12.6875],"tintindex":0,"rotation":0,"texture":"#0"},"west":{"uv":[14.375,13.25,14.5,13.4375],"tintindex":0,"rotation":0,"texture":"#0"},"up":{"uv":[14.5625,9.3125,14.4375,9.1875],"tintindex":0,"rotation":0,"texture":"#0"},"down":{"uv":[14.5625,11.3125,14.4375,11.4375],"tintindex":0,"rotation":0,"texture":"#0"}},"rotation":{"origin":[6.520975,2.981079,7.9996095],"angle":-22.5,"axis":"z"}},{"from":[5.270975,0.7310791,6.761328],"to":[7.770975,5.231079,9.2417965],"faces":{"east":{"uv":[14.3125,5.3125,14.4375,5.625],"tintindex":0,"rotation":0,"texture":"#0"},"south":{"uv":[12.0,14.1875,12.1875,14.5],"tintindex":0,"rotation":0,"texture":"#0"},"north":{"uv":[11.0625,14.1875,11.25,14.5],"tintindex":0,"rotation":0,"texture":"#0"},"west":{"uv":[5.375,14.3125,5.5,14.625],"tintindex":0,"rotation":0,"texture":"#0"},"up":{"uv":[14.5625,14.125,14.375,14.0],"tintindex":0,"rotation":0,"texture":"#0"},"down":{"uv":[14.625,0.0,14.4375,0.125],"tintindex":0,"rotation":0,"texture":"#0"}},"rotation":{"origin":[6.520975,2.981079,7.9996095],"angle":45.0,"axis":"z"}},{"from":[4.0461006,3.6881866,3.7496095],"to":[6.5461006,8.188187,6.2496095],"faces":{"east":{"uv":[6.8125,14.1875,7.0,14.5],"tintindex":0,"rotation":0,"texture":"#0"},"south":{"uv":[8.5625,9.5625,8.6875,9.875],"tintindex":0,"rotation":0,"texture":"#0"},"north":{"uv":[2.0625,9.25,2.1875,9.5625],"tintindex":0,"rotation":0,"texture":"#0"},"west":{"uv":[7.0,14.1875,7.1875,14.5],"tintindex":0,"rotation":0,"texture":"#0"},"up":{"uv":[14.5,10.6875,14.375,10.5],"tintindex":0,"rotation":0,"texture":"#0"},"down":{"uv":[14.5,12.0625,14.375,12.25],"tintindex":0,"rotation":0,"texture":"#0"}}},{"from":[5.270975,0.7310791,9.761328],"to":[7.770975,5.231079,12.2417965],"faces":{"east":{"uv":[3.0,13.4375,3.125,13.75],"tintindex":0,"rotation":0,"texture":"#0"},"south":{"uv":[7.75,14.1875,7.9375,14.5],"tintindex":0,"rotation":0,"texture":"#0"},"north":{"uv":[7.5625,14.1875,7.75,14.5],"tintindex":0,"rotation":0,"texture":"#0"},"west":{"uv":[5.125,14.1875,5.25,14.5],"tintindex":0,"rotation":0,"texture":"#0"},"up":{"uv":[14.5625,12.5,14.375,12.375],"tintindex":0,"rotation":0,"texture":"#0"},"down":{"uv":[12.6875,14.375,12.5,14.5],"tintindex":0,"rotation":0,"texture":"#0"}},"rotation":{"origin":[6.520975,2.981079,7.9996095],"angle":45.0,"axis":"z"}},{"from":[9.060974,1.141079,10.249609],"to":[10.060974,2.7460785,11.749609],"faces":{"east":{"uv":[0.9375,14.5,1.0625,14.625],"tintindex":0,"rotation":0,"texture":"#0"},"south":{"uv":[4.0,8.1875,4.0625,8.3125],"tintindex":0,"rotation":0,"texture":"#0"},"north":{"uv":[4.0,8.0625,4.0625,8.1875],"tintindex":0,"rotation":0,"texture":"#0"},"west":{"uv":[1.0625,14.5,1.1875,14.625],"tintindex":0,"rotation":0,"texture":"#0"},"up":{"uv":[4.0625,8.4375,4.0,8.3125],"tintindex":0,"rotation":0,"texture":"#0"},"down":{"uv":[4.0625,8.4375,4.0,8.5625],"tintindex":0,"rotation":0,"texture":"#0"}},"rotation":{"origin":[6.520975,2.981079,7.9996095],"angle":-22.5,"axis":"z"}},{"from":[10.060974,1.641079,10.249609],"to":[11.060974,2.7460785,11.749609],"faces":{"east":{"uv":[6.75,9.8125,6.875,9.875],"tintindex":0,"rotation":0,"texture":"#0"},"south":{"uv":[8.625,7.875,8.6875,7.9375],"tintindex":0,"rotation":0,"texture":"#0"},"north":{"uv":[8.5625,7.3125,8.625,7.375],"tintindex":0,"rotation":0,"texture":"#0"},"west":{"uv":[6.875,9.8125,7.0,9.875],"tintindex":0,"rotation":0,"texture":"#0"},"up":{"uv":[4.0625,8.0625,4.0,7.9375],"tintindex":0,"rotation":0,"texture":"#0"},"down":{"uv":[4.8125,8.0,4.75,8.125],"tintindex":0,"rotation":0,"texture":"#0"}},"rotation":{"origin":[6.520975,2.981079,7.9996095],"angle":-22.5,"axis":"z"}},{"from":[10.060974,1.641079,4.2496095],"to":[11.060974,2.7460785,5.7496095],"faces":{"east":{"uv":[9.625,5.9375,9.75,6.0],"tintindex":0,"rotation":0,"texture":"#0"},"south":{"uv":[8.5625,7.25,8.625,7.3125],"tintindex":0,"rotation":0,"texture":"#0"},"north":{"uv":[8.5625,7.1875,8.625,7.25],"tintindex":0,"rotation":0,"texture":"#0"},"west":{"uv":[9.75,5.9375,9.875,6.0],"tintindex":0,"rotation":0,"texture":"#0"},"up":{"uv":[6.9375,7.5625,6.875,7.4375],"tintindex":0,"rotation":0,"texture":"#0"},"down":{"uv":[6.9375,7.5625,6.875,7.6875],"tintindex":0,"rotation":0,"texture":"#0"}},"rotation":{"origin":[6.520975,2.981079,7.9996095],"angle":-22.5,"axis":"z"}},{"from":[9.060974,1.141079,7.2496095],"to":[10.060974,2.7460785,8.749609],"faces":{"east":{"uv":[14.4375,12.8125,14.5625,12.9375],"tintindex":0,"rotation":0,"texture":"#0"},"south":{"uv":[6.875,7.6875,6.9375,7.8125],"tintindex":0,"rotation":0,"texture":"#0"},"north":{"uv":[4.75,7.625,4.8125,7.75],"tintindex":0,"rotation":0,"texture":"#0"},"west":{"uv":[14.4375,12.9375,14.5625,13.0625],"tintindex":0,"rotation":0,"texture":"#0"},"up":{"uv":[4.8125,7.875,4.75,7.75],"tintindex":0,"rotation":0,"texture":"#0"},"down":{"uv":[4.8125,7.875,4.75,8.0],"tintindex":0,"rotation":0,"texture":"#0"}},"rotation":{"origin":[6.520975,2.981079,7.9996095],"angle":-22.5,"axis":"z"}},{"from":[4.0461006,3.6881866,9.749609],"to":[6.5461006,8.188187,12.249609],"faces":{"east":{"uv":[14.1875,10.5,14.375,10.8125],"tintindex":0,"rotation":0,"texture":"#0"},"south":{"uv":[5.25,14.3125,5.375,14.625],"tintindex":0,"rotation":0,"texture":"#0"},"north":{"uv":[14.3125,5.0,14.4375,5.3125],"tintindex":0,"rotation":0,"texture":"#0"},"west":{"uv":[10.875,14.1875,11.0625,14.5],"tintindex":0,"rotation":0,"texture":"#0"},"up":{"uv":[14.0,14.5625,13.875,14.375],"tintindex":0,"rotation":0,"texture":"#0"},"down":{"uv":[14.125,14.375,14.0,14.5625],"tintindex":0,"rotation":0,"texture":"#0"}}},{"from":[7.060974,0.64107895,7.2496095],"to":[9.060974,3.2460785,8.749609],"faces":{"east":{"uv":[14.4375,0.3125,14.5625,0.5],"tintindex":0,"rotation":0,"texture":"#0"},"south":{"uv":[14.4375,0.625,14.5625,0.8125],"tintindex":0,"rotation":0,"texture":"#0"},"north":{"uv":[14.4375,0.125,14.5625,0.3125],"tintindex":0,"rotation":0,"texture":"#0"},"west":{"uv":[14.4375,0.8125,14.5625,1.0],"tintindex":0,"rotation":0,"texture":"#0"},"up":{"uv":[14.5625,13.1875,14.4375,13.0625],"tintindex":0,"rotation":0,"texture":"#0"},"down":{"uv":[14.25,14.4375,14.125,14.5625],"tintindex":0,"rotation":0,"texture":"#0"}},"rotation":{"origin":[6.520975,2.981079,7.9996095],"angle":-22.5,"axis":"z"}},{"from":[4.0461006,3.6881866,6.7496095],"to":[6.5461006,8.188187,9.249609],"faces":{"east":{"uv":[14.1875,8.8125,14.375,9.125],"tintindex":0,"rotation":0,"texture":"#0"},"south":{"uv":[3.125,14.3125,3.25,14.625],"tintindex":0,"rotation":0,"texture":"#0"},"north":{"uv":[14.3125,3.0625,14.4375,3.375],"tintindex":0,"rotation":0,"texture":"#0"},"west":{"uv":[14.1875,10.1875,14.375,10.5],"tintindex":0,"rotation":0,"texture":"#0"},"up":{"uv":[13.875,14.5625,13.75,14.375],"tintindex":0,"rotation":0,"texture":"#0"},"down":{"uv":[14.5,13.8125,14.375,14.0],"tintindex":0,"rotation":0,"texture":"#0"}}},{"from":[9.060974,1.141079,4.2496095],"to":[10.060974,2.7460785,5.7496095],"faces":{"east":{"uv":[14.4375,11.6875,14.5625,11.8125],"tintindex":0,"rotation":0,"texture":"#0"},"south":{"uv":[1.625,6.3125,1.6875,6.4375],"tintindex":0,"rotation":0,"texture":"#0"},"north":{"uv":[1.625,6.1875,1.6875,6.3125],"tintindex":0,"rotation":0,"texture":"#0"},"west":{"uv":[14.4375,12.6875,14.5625,12.8125],"tintindex":0,"rotation":0,"texture":"#0"},"up":{"uv":[4.875,6.5,4.8125,6.375],"tintindex":0,"rotation":0,"texture":"#0"},"down":{"uv":[6.9375,7.3125,6.875,7.4375],"tintindex":0,"rotation":0,"texture":"#0"}},"rotation":{"origin":[6.520975,2.981079,7.9996095],"angle":-22.5,"axis":"z"}},{"from":[5.270975,0.7310791,3.7613282],"to":[7.770975,5.231079,6.241797],"faces":{"east":{"uv":[12.75,12.4375,12.875,12.75],