{"file_name":"group18","texture_size":[256,256],"textures":{"283f017f-fe3b-a834-c67e-5b3174e722a6":"modelengine:entity/iron_demon","064ba5c2-b75f-2d2e-74b9-76ed85c89ebf":"modelengine:entity/molten_iron"},"elements":[{"name":"cube","from":[4.626957,3.6838331,4.090909],"to":[9.726957,8.7838335,9.190909],"rotation":{"angle":-45.0,"axis":"x","origin":[7.176957,6.2338333,6.6409097]},"faces":{"down":{"uv":[7.5,13.5,6.9375,14.0],"rotation":0,"texture":"#283f017f-fe3b-a834-c67e-5b3174e722a6","tintindex":0},"east":{"uv":[5.875,14.0,6.375,14.5],"rotation":0,"texture":"#283f017f-fe3b-a834-c67e-5b3174e722a6","tintindex":0},"north":{"uv":[6.375,14.0,6.9375,14.5],"rotation":0,"texture":"#283f017f-fe3b-a834-c67e-5b3174e722a6","tintindex":0},"south":{"uv":[7.4375,14.0,8.0,14.5],"rotation":0,"texture":"#283f017f-fe3b-a834-c67e-5b3174e722a6","tintindex":0},"up":{"uv":[6.9375,14.0,6.375,13.5],"rotation":0,"texture":"#283f017f-fe3b-a834-c67e-5b3174e722a6","tintindex":0},"west":{"uv":[6.9375,14.0,7.4375,14.5],"rotation":0,"texture":"#283f017f-fe3b-a834-c67e-5b3174e722a6","tintindex":0}}},{"name":"cube","from":[4.0269566,4.283833,4.6909094],"to":[10.326958,8.183833,8.59091],"rotation":{"angle":-45.0,"axis":"x","origin":[7.176957,6.2338333,6.6409097]},"faces":{"down":{"uv":[15.1875,1.9375,14.5625,2.3125],"rotation":0,"texture":"#283f017f-fe3b-a834-c67e-5b3174e722a6","tintindex":0},"east":{"uv":[13.5625,2.3125,13.9375,2.6875],"rotation":0,"texture":"#283f017f-fe3b-a834-c67e-5b3174e722a6","tintindex":0},"north":{"uv":[13.9375,2.3125,14.5625,2.6875],"rotation":0,"texture":"#283f017f-fe3b-a834-c67e-5b3174e722a6","tintindex":0},"south":{"uv":[14.9375,2.3125,15.5625,2.6875],"rotation":0,"texture":"#283f017f-fe3b-a834-c67e-5b3174e722a6","tintindex":0},"up":{"uv":[14.5625,2.3125,13.9375,1.9375],"rotation":0,"texture":"#283f017f-fe3b-a834-c67e-5b3174e722a6","tintindex":0},"west":{"uv":[14.5625,2.3125,14.9375,2.6875],"rotation":0,"texture":"#283f017f-fe3b-a834-c67e-5b3174e722a6","tintindex":0}}}],"display":{"head":{"translation":[0.0,-6.4,0.0],"rotation":[0.0,0.0,0.0],"scale":[3.8095,3.8095,3.8095]},"gui":{"translation":[0.0,0.0,0.0],"rotation":[35.0,225.0,0.0],"scale":[0.625,0.625,0.625]}}}