{"textures":{"0":"modelengine:entity/iron_demon"},"elements":[{"from":[5.116884,-0.79289246,2.75],"to":[11.366884,7.7071075,9.25],"faces":{"east":{"uv":[13.125,6.0,13.5625,6.5625],"tintindex":0,"rotation":0,"texture":"#0"},"south":{"uv":[9.9375,13.4375,10.3125,14.0],"tintindex":0,"rotation":0,"texture":"#0"},"north":{"uv":[2.625,13.4375,3.0,14.0],"tintindex":0,"rotation":0,"texture":"#0"},"west":{"uv":[13.125,6.5625,13.5625,7.125],"tintindex":0,"rotation":0,"texture":"#0"},"up":{"uv":[9.0,14.0625,8.625,13.625],"tintindex":0,"rotation":0,"texture":"#0"},"down":{"uv":[12.5625,13.625,12.1875,14.0625],"tintindex":0,"rotation":0,"texture":"#0"}}},{"from":[4.116884,-3.6828918,2.7617188],"to":[8.116884,-1.6828918,9.2421875],"faces":{"east":{"uv":[12.0625,3.5625,12.4375,3.6875],"tintindex":0,"rotation":0,"texture":"#0"},"south":{"uv":[14.375,8.0625,14.625,8.1875],"tintindex":0,"rotation":0,"texture":"#0"},"north":{"uv":[14.375,3.875,14.625,4.0],"tintindex":0,"rotation":0,"texture":"#0"},"west":{"uv":[12.75,2.8125,13.125,2.9375],"tintindex":0,"rotation":0,"texture":"#0"},"up":{"uv":[2.8125,3.75,2.5625,3.375],"tintindex":0,"rotation":0,"texture":"#0"},"down":{"uv":[4.125,12.9375,3.875,13.3125],"tintindex":0,"rotation":0,"texture":"#0"}},"rotation":{"origin":[7.491884,-1.7928925,6.0],"angle":45.0,"axis":"z"}},{"from":[3.6168842,-2.7928925,2.75],"to":[11.366884,-0.79289246,9.25],"faces":{"east":{"uv":[6.4375,12.4375,6.875,12.5625],"tintindex":0,"rotation":0,"texture":"#0"},"south":{"uv":[10.8125,4.3125,11.3125,4.4375],"tintindex":0,"rotation":0,"texture":"#0"},"north":{"uv":[9.25,3.1875,9.75,3.3125],"tintindex":0,"rotation":0,"texture":"#0"},"west":{"uv":[12.875,11.3125,13.3125,11.4375],"tintindex":0,"rotation":0,"texture":"#0"},"up":{"uv":[12.1875,13.6875,11.6875,13.25],"tintindex":0,"rotation":0,"texture":"#0"},"down":{"uv":[13.75,12.4375,13.25,12.875],"tintindex":0,"rotation":0,"texture":"#0"}}}],"display":{"gui":{"rotation":[30,225,0]}}}