{"textures":{"0":"modelengine:entity/iron_demon"},"elements":[{"from":[5.4953623,1.8326321,5.0],"to":[9.923934,2.9754891,8.714286],"rotation":{"angle":0.0,"axis":"y","origin":[7.13822,12.904061,6.428571]},"faces":{"east":{"uv":[6.4375,12.4375,6.875,12.5625],"rotation":0,"texture":"#0","tintindex":0},"south":{"uv":[10.8125,4.3125,11.3125,4.4375],"rotation":0,"texture":"#0","tintindex":0},"north":{"uv":[9.25,3.1875,9.75,3.3125],"rotation":0,"texture":"#0","tintindex":0},"west":{"uv":[12.875,11.3125,13.3125,11.4375],"rotation":0,"texture":"#0","tintindex":0},"up":{"uv":[12.1875,13.6875,11.6875,13.25],"rotation":0,"texture":"#0","tintindex":0},"down":{"uv":[13.75,12.4375,13.25,12.875],"rotation":0,"texture":"#0","tintindex":0}}},{"from":[5.7810764,1.3240609,5.006696],"to":[8.066792,2.466918,8.709822],"rotation":{"angle":45.0,"axis":"z","origin":[7.709648,2.4040608,6.857143]},"faces":{"east":{"uv":[12.0625,3.5625,12.4375,3.6875],"rotation":0,"texture":"#0","tintindex":0},"south":{"uv":[14.375,8.0625,14.625,8.1875],"rotation":0,"texture":"#0","tintindex":0},"north":{"uv":[14.375,3.875,14.625,4.0],"rotation":0,"texture":"#0","tintindex":0},"west":{"uv":[12.75,2.8125,13.125,2.9375],"rotation":0,"texture":"#0","tintindex":0},"up":{"uv":[2.8125,3.75,2.5625,3.375],"rotation":0,"texture":"#0","tintindex":0},"down":{"uv":[4.125,12.9375,3.875,13.3125],"rotation":0,"texture":"#0","tintindex":0}}},{"from":[6.352505,2.9754891,5.0],"to":[9.923934,7.8326325,8.714286],"rotation":{"angle":0.0,"axis":"y","origin":[7.13822,12.904061,6.428571]},"faces":{"east":{"uv":[13.125,6.0,13.5625,6.5625],"rotation":0,"texture":"#0","tintindex":0},"south":{"uv":[9.9375,13.4375,10.3125,14.0],"rotation":0,"texture":"#0","tintindex":0},"north":{"uv":[2.625,13.4375,3.0,14.0],"rotation":0,"texture":"#0","tintindex":0},"west":{"uv":[13.125,6.5625,13.5625,7.125],"rotation":0,"texture":"#0","tintindex":0},"up":{"uv":[9.0,14.0625,8.625,13.625],"rotation":0,"texture":"#0","tintindex":0},"down":{"uv":[12.5625,13.625,12.1875,14.0625],"rotation":0,"texture":"#0","tintindex":0}}}],"display":{"head":{"translation":[0.0,-6.4,0.0],"scale":[4.0,4.0,4.0]}}}