{"textures":{"0":"modelengine:entity/iron_demon"},"elements":[{"from":[2.3782616,0.80638885,1.484849],"to":[10.878262,9.306389,9.984849],"faces":{"east":{"uv":[10.0,12.375,10.5625,12.9375],"tintindex":0,"rotation":0,"texture":"#0"},"south":{"uv":[10.5625,12.375,11.125,12.9375],"tintindex":0,"rotation":0,"texture":"#0"},"north":{"uv":[12.375,9.4375,12.9375,10.0],"tintindex":0,"rotation":0,"texture":"#0"},"west":{"uv":[2.0625,12.4375,2.625,13.0],"tintindex":0,"rotation":0,"texture":"#0"},"up":{"uv":[3.1875,13.0,2.625,12.4375],"tintindex":0,"rotation":0,"texture":"#0"},"down":{"uv":[13.0,3.5625,12.4375,4.125],"tintindex":0,"rotation":0,"texture":"#0"}},"rotation":{"origin":[6.6282616,5.056389,5.7348495],"angle":-45.0,"axis":"x"}},{"from":[1.4532604,1.7446709,2.4098492],"to":[11.828262,8.38139,9.034849],"faces":{"east":{"uv":[13.5625,5.5,14.0,5.9375],"tintindex":0,"rotation":0,"texture":"#0"},"south":{"uv":[12.75,10.0,13.4375,10.4375],"tintindex":0,"rotation":0,"texture":"#0"},"north":{"uv":[12.75,4.8125,13.4375,5.25],"tintindex":0,"rotation":0,"texture":"#0"},"west":{"uv":[13.5625,5.9375,14.0,6.375],"tintindex":0,"rotation":0,"texture":"#0"},"up":{"uv":[13.4375,10.875,12.75,10.4375],"tintindex":0,"rotation":0,"texture":"#0"},"down":{"uv":[11.8125,12.75,11.125,13.1875],"tintindex":0,"rotation":0,"texture":"#0"}},"rotation":{"origin":[6.6282616,5.056389,5.7348495],"angle":-45.0,"axis":"x"}}],"display":{"gui":{"rotation":[30,225,0]}}}