{"elements":[{"from":[5.161143,9.419429,5.161143],"to":[10.838858,10.838858,10.838858],"rotation":{"angle":0.0,"axis":"y","origin":[12.435715,-1.9951439,8.354857]},"faces":{"east":{"uv":[11.125,9.375,11.75,9.5],"rotation":0,"texture":"#0","tintindex":0},"south":{"uv":[13.9375,9.3125,14.5625,9.4375],"rotation":0,"texture":"#0","tintindex":0},"north":{"uv":[4.5,9.3125,5.125,9.4375],"rotation":0,"texture":"#0","tintindex":0},"west":{"uv":[14.0,1.9375,14.625,2.0625],"rotation":0,"texture":"#0","tintindex":0},"up":{"uv":[12.4375,8.375,11.8125,7.75],"rotation":0,"texture":"#0","tintindex":0},"down":{"uv":[12.4375,8.375,11.8125,9.0],"rotation":0,"texture":"#0","tintindex":0}}},{"from":[5.634286,8.709714,5.397714],"to":[7.2902856,9.419429,6.1074286],"rotation":{"angle":0.0,"axis":"y","origin":[12.435715,-1.9951439,8.354857]},"faces":{"east":{"uv":[4.8125,6.5,4.875,6.5625],"rotation":0,"texture":"#0","tintindex":0},"south":{"uv":[4.0625,7.5625,4.25,7.625],"rotation":0,"texture":"#0","tintindex":0},"north":{"uv":[7.3125,3.375,7.5,3.4375],"rotation":0,"texture":"#0","tintindex":0},"west":{"uv":[5.625,6.5625,5.6875,6.625],"rotation":0,"texture":"#0","tintindex":0},"up":{"uv":[5.375,8.1875,5.1875,8.125],"rotation":0,"texture":"#0","tintindex":0},"down":{"uv":[8.5625,3.3125,8.375,3.375],"rotation":0,"texture":"#0","tintindex":0}}},{"from":[8.709714,8.709714,5.397714],"to":[10.365714,9.419429,6.1074286],"rotation":{"angle":0.0,"axis":"y","origin":[3.5642858,-1.9951439,8.354857]},"faces":{"east":{"uv":[6.875,7.8125,6.9375,7.875],"rotation":0,"texture":"#0","tintindex":0},"south":{"uv":[8.5625,3.3125,8.75,3.375],"rotation":0,"texture":"#0","tintindex":0},"north":{"uv":[8.5,5.5625,8.6875,5.625],"rotation":0,"texture":"#0","tintindex":0},"west":{"uv":[8.5625,7.0,8.625,7.0625],"rotation":0,"texture":"#0","tintindex":0},"up":{"uv":[8.875,5.625,8.6875,5.5625],"rotation":0,"texture":"#0","tintindex":0},"down":{"uv":[7.25,8.8125,7.0625,8.875],"rotation":0,"texture":"#0","tintindex":0}}},{"from":[5.634286,6.344,5.161143],"to":[10.365714,8.709714,10.838858],"rotation":{"angle":0.0,"axis":"y","origin":[12.435715,-1.9951439,8.354857]},"faces":{"east":{"uv":[13.6875,3.125,14.3125,3.375],"rotation":0,"texture":"#0","tintindex":0},"south":{"uv":[13.8125,6.375,14.3125,6.625],"rotation":0,"texture":"#0","tintindex":0},"north":{"uv":[12.875,13.75,13.375,14.0],"rotation":0,"texture":"#0","tintindex":0},"west":{"uv":[4.4375,13.6875,5.0625,13.9375],"rotation":0,"texture":"#0","tintindex":0},"up":{"uv":[7.9375,12.8125,7.4375,12.1875],"rotation":0,"texture":"#0","tintindex":0},"down":{"uv":[6.4375,12.4375,5.9375,13.0625],"rotation":0,"texture":"#0","tintindex":0}}},{"from":[5.634286,5.516,5.634286],"to":[10.365714,6.344,10.838858],"rotation":{"angle":0.0,"axis":"y","origin":[12.435715,-1.9951439,8.354857]},"faces":{"east":{"uv":[11.1875,8.0625,11.75,8.125],"rotation":0,"texture":"#0","tintindex":0},"south":{"uv":[12.375,0.5625,12.875,0.625],"rotation":0,"texture":"#0","tintindex":0},"north":{"uv":[6.4375,7.875,6.9375,7.9375],"rotation":0,"texture":"#0","tintindex":0},"west":{"uv":[11.1875,8.0625,11.75,8.125],"rotation":0,"texture":"#0","tintindex":0},"up":{"uv":[3.375,9.125,2.875,8.5625],"rotation":0,"texture":"#0","tintindex":0},"down":{"uv":[12.875,12.75,12.375,13.3125],"rotation":0,"texture":"#0","tintindex":0}}},{"from":[6.1074286,2.5588565,6.1074286],"to":[9.892571,6.817143,10.365714],"rotation":{"angle":0.0,"axis":"y","origin":[12.435715,-1.9951439,8.354857]},"faces":{"east":{"uv":[11.375,8.6875,11.8125,9.125],"rotation":0,"texture":"#0","tintindex":0},"south":{"uv":[11.3125,7.9375,11.75,8.375],"rotation":0,"texture":"#0","tintindex":0},"north":{"uv":[6.5,3.4375,6.9375,3.875],"rotation":0,"texture":"#0","tintindex":0},"west":{"uv":[11.25,8.0625,11.6875,8.5],"rotation":0,"texture":"#0","tintindex":0},"up":{"uv":[11.5,13.9375,11.0625,13.5],"rotation":0,"texture":"#0","tintindex":0},"down":{"uv":[13.9375,13.4375,13.5,13.875],"rotation":0,"texture":"#0","tintindex":0}}},{"from":[5.161143,8.709714,5.8708572],"to":[10.838858,9.419429,10.838858],"rotation":{"angle":0.0,"axis":"y","origin":[12.435715,-1.9951439,8.354857]},"faces":{"east":{"uv":[11.625,10.25,12.1875,10.3125],"rotation":0,"texture":"#0","tintindex":0},"south":{"uv":[0.0,10.75,0.625,10.8125],"rotation":0,"texture":"#0","tintindex":0},"north":{"uv":[10.375,3.125,11.0,3.1875],"rotation":0,"texture":"#0","tintindex":0},"west":{"uv":[11.75,9.4375,12.3125,9.5],"rotation":0,"texture":"#0","tintindex":0},"up":{"uv":[12.75,12.1875,12.125,11.625],"rotation":0,"texture":"#0","tintindex":0},"down":{"uv":[11.8125,7.9375,11.1875,8.5],"rotation":0,"texture":"#0","tintindex":0}}},{"from":[7.2902856,8.709714,5.161143],"to":[8.709714,9.419429,5.8708572],"rotation":{"angle":0.0,"axis":"y","origin":[12.435715,-1.9951439,8.354857]},"faces":{"east":{"uv":[8.5625,7.0625,8.625,7.125],"rotation":0,"texture":"#0","tintindex":0},"south":{"uv":[7.375,8.8125,7.5,8.875],"rotation":0,"texture":"#0","tintindex":0},"north":{"uv":[7.25,8.8125,7.375,8.875],"rotation":0,"texture":"#0","tintindex":0},"west":{"uv":[8.5625,7.125,8.625,7.1875],"rotation":0,"texture":"#0","tintindex":0},"up":{"uv":[1.5625,9.0,1.4375,8.9375],"rotation":0,"texture":"#0","tintindex":0},"down":{"uv":[9.25,1.8125,9.125,1.875],"rotation":0,"texture":"#0","tintindex":0}}}],"textures":{"0":"modelengine:entity/iron_demon"},"display":{"head":{"translation":[0.0,-6.4,0.0],"scale":[4.0,4.0,4.0]}}}