{"textures":{"0":"modelengine:entity/iron_demon"},"elements":[{"from":[6.126708,-4.188122,10.801344],"to":[10.412422,9.383307,15.801344],"rotation":{"angle":-22.5,"axis":"x","origin":[15.9838505,0.9465256,12.685251]},"faces":{"east":{"uv":[6.9375,4.9375,7.5,6.4375],"rotation":0,"texture":"#0","tintindex":0},"south":{"uv":[5.9375,7.875,6.4375,9.375],"rotation":0,"texture":"#0","tintindex":0},"north":{"uv":[4.0625,7.625,4.5625,9.125],"rotation":0,"texture":"#0","tintindex":0},"west":{"uv":[6.9375,6.4375,7.5,7.9375],"rotation":0,"texture":"#0","tintindex":0},"up":{"uv":[5.8125,13.375,5.3125,12.8125],"rotation":0,"texture":"#0","tintindex":0},"down":{"uv":[7.75,12.8125,7.25,13.375],"rotation":0,"texture":"#0","tintindex":0}}}],"display":{"head":{"translation":[0.0,-6.4,0.0],"scale":[4.0,4.0,4.0]}}}