{"textures":{"0":"modelengine:entity/iron_demon"},"elements":[{"from":[4.721739,-13.329212,12.902351],"to":[12.221739,10.420788,21.652351],"faces":{"east":{"uv":[6.9375,4.9375,7.5,6.4375],"tintindex":0,"rotation":0,"texture":"#0"},"south":{"uv":[5.9375,7.875,6.4375,9.375],"tintindex":0,"rotation":0,"texture":"#0"},"north":{"uv":[4.0625,7.625,4.5625,9.125],"tintindex":0,"rotation":0,"texture":"#0"},"west":{"uv":[6.9375,6.4375,7.5,7.9375],"tintindex":0,"rotation":0,"texture":"#0"},"up":{"uv":[5.8125,13.375,5.3125,12.8125],"tintindex":0,"rotation":0,"texture":"#0"},"down":{"uv":[7.75,12.8125,7.25,13.375],"tintindex":0,"rotation":0,"texture":"#0"}},"rotation":{"origin":[21.971739,-4.3435793,16.19919],"angle":-22.5,"axis":"x"}}],"display":{"gui":{"rotation":[30,225,0]}}}