{"textures":{"0":"modelengine:entity/iron_demon"},"elements":[{"from":[3.7782607,-13.329212,12.902351],"to":[11.278261,10.420788,21.652351],"faces":{"east":{"uv":[0.5625,6.6875,1.125,8.1875],"tintindex":0,"rotation":0,"texture":"#0"},"south":{"uv":[7.5,7.375,8.0,8.875],"tintindex":0,"rotation":0,"texture":"#0"},"north":{"uv":[1.125,6.6875,1.625,8.1875],"tintindex":0,"rotation":0,"texture":"#0"},"west":{"uv":[6.9375,3.4375,7.5,4.9375],"tintindex":0,"rotation":0,"texture":"#0"},"up":{"uv":[13.3125,1.6875,12.8125,1.125],"tintindex":0,"rotation":0,"texture":"#0"},"down":{"uv":[5.3125,12.8125,4.8125,13.375],"tintindex":0,"rotation":0,"texture":"#0"}},"rotation":{"origin":[-5.971739,-4.3435793,16.19919],"angle":-22.5,"axis":"x"}}],"display":{"gui":{"rotation":[30,225,0]}}}