{"textures":{"0":"modelengine:entity/iron_demon"},"elements":[{"name":"cube","from":[6.033043,-4.797528,10.941411],"to":[10.533043,9.452473,16.19141],"rotation":{"angle":-22.5,"axis":"x","origin":[16.383043,0.59385204,12.919515]},"faces":{"down":{"uv":[7.75,12.8125,7.25,13.375],"rotation":0,"texture":"#0","tintindex":0},"east":{"uv":[6.9375,4.9375,7.5,6.4375],"rotation":0,"texture":"#0","tintindex":0},"north":{"uv":[4.0625,7.625,4.5625,9.125],"rotation":0,"texture":"#0","tintindex":0},"south":{"uv":[5.9375,7.875,6.4375,9.375],"rotation":0,"texture":"#0","tintindex":0},"up":{"uv":[5.8125,13.375,5.3125,12.8125],"rotation":0,"texture":"#0","tintindex":0},"west":{"uv":[6.9375,6.4375,7.5,7.9375],"rotation":0,"texture":"#0","tintindex":0}}}],"display":{"head":{"translation":[0.0,-6.4,0.0],"rotation":[0.0,0.0,0.0],"scale":[3.8095,3.8095,3.8095]}}}