{"textures":{"0":"modelengine:entity/iron_demon"},"elements":[{"from":[-1.625,-2.266735,0.42388344],"to":[17.625,2.233265,10.423883],"faces":{"east":{"uv":[12.875,13.4375,13.5,13.75],"tintindex":0,"rotation":0,"texture":"#0"},"south":{"uv":[12.0625,3.25,13.25,3.5625],"tintindex":0,"rotation":0,"texture":"#0"},"north":{"uv":[12.0625,2.9375,13.25,3.25],"tintindex":0,"rotation":0,"texture":"#0"},"west":{"uv":[13.5,8.625,14.125,8.9375],"tintindex":0,"rotation":0,"texture":"#0"},"up":{"uv":[3.375,8.5625,2.1875,7.9375],"tintindex":0,"rotation":0,"texture":"#0"},"down":{"uv":[9.1875,1.875,8.0,2.5],"tintindex":0,"rotation":0,"texture":"#0"}}},{"from":[-2.6282606,2.233265,0.42388344],"to":[18.621738,8.483265,10.423883],"faces":{"east":{"uv":[10.0,4.4375,10.625,4.8125],"tintindex":0,"rotation":0,"texture":"#0"},"south":{"uv":[11.0625,9.875,12.375,10.25],"tintindex":0,"rotation":0,"texture":"#0"},"north":{"uv":[11.0625,9.5,12.375,9.875],"tintindex":0,"rotation":0,"texture":"#0"},"west":{"uv":[0.75,13.25,1.375,13.625],"tintindex":0,"rotation":0,"texture":"#0"},"up":{"uv":[8.375,3.375,7.0625,2.75],"tintindex":0,"rotation":0,"texture":"#0"},"down":{"uv":[8.8125,3.375,7.5,4.0],"tintindex":0,"rotation":0,"texture":"#0"}}}],"display":{"gui":{"rotation":[30,225,0]}}}