{"elements":[{"from":[5.5875773,-4.188122,10.801344],"to":[9.873292,9.383307,15.801344],"rotation":{"angle":-22.5,"axis":"x","origin":[0.016149044,0.9465256,12.685251]},"faces":{"east":{"uv":[0.5625,6.6875,1.125,8.1875],"rotation":0,"texture":"#0","tintindex":0},"south":{"uv":[7.5,7.375,8.0,8.875],"rotation":0,"texture":"#0","tintindex":0},"north":{"uv":[1.125,6.6875,1.625,8.1875],"rotation":0,"texture":"#0","tintindex":0},"west":{"uv":[6.9375,3.4375,7.5,4.9375],"rotation":0,"texture":"#0","tintindex":0},"up":{"uv":[13.3125,1.6875,12.8125,1.125],"rotation":0,"texture":"#0","tintindex":0},"down":{"uv":[5.3125,12.8125,4.8125,13.375],"rotation":0,"texture":"#0","tintindex":0}}}],"textures":{"0":"modelengine:entity/iron_demon"},"display":{"head":{"translation":[0.0,-6.4,0.0],"scale":[4.0,4.0,4.0]}}}