{"textures":{"0":"modelengine:entity/iron_demon"},"elements":[{"name":"cube","from":[1.6230434,4.539959,3.45433],"to":[14.373043,8.289959,9.45433],"rotation":{"angle":0.0,"axis":"x","origin":[-2.8769574,-12.710042,-5.5456705]},"faces":{"down":{"uv":[8.8125,3.375,7.5,4.0],"rotation":0,"texture":"#0","tintindex":0},"east":{"uv":[10.0,4.4375,10.625,4.8125],"rotation":0,"texture":"#0","tintindex":0},"north":{"uv":[11.0625,9.5,12.375,9.875],"rotation":0,"texture":"#0","tintindex":0},"south":{"uv":[11.0625,9.875,12.375,10.25],"rotation":0,"texture":"#0","tintindex":0},"up":{"uv":[8.375,3.375,7.0625,2.75],"rotation":0,"texture":"#0","tintindex":0},"west":{"uv":[0.75,13.25,1.375,13.625],"rotation":0,"texture":"#0","tintindex":0}}},{"name":"cube","from":[2.225,1.8399587,3.45433],"to":[13.775001,4.539959,9.45433],"rotation":{"angle":0.0,"axis":"x","origin":[-0.77500033,-12.710042,-5.5456705]},"faces":{"down":{"uv":[9.1875,1.875,8.0,2.5],"rotation":0,"texture":"#0","tintindex":0},"east":{"uv":[12.875,13.4375,13.5,13.75],"rotation":0,"texture":"#0","tintindex":0},"north":{"uv":[12.0625,2.9375,13.25,3.25],"rotation":0,"texture":"#0","tintindex":0},"south":{"uv":[12.0625,3.25,13.25,3.5625],"rotation":0,"texture":"#0","tintindex":0},"up":{"uv":[3.375,8.5625,2.1875,7.9375],"rotation":0,"texture":"#0","tintindex":0},"west":{"uv":[13.5,8.625,14.125,8.9375],"rotation":0,"texture":"#0","tintindex":0}}}],"display":{"head":{"translation":[0.0,-6.4,0.0],"rotation":[0.0,0.0,0.0],"scale":[3.8095,3.8095,3.8095]}}}