{"textures":{"0":"modelengine:entity/iron_demon"},"elements":[{"from":[5.340994,4.4601254,-3.032855],"to":[8.912422,8.031554,4.1100025],"rotation":{"angle":-45.0,"axis":"x","origin":[7.698137,10.975123,1.9979196]},"faces":{"east":{"uv":[12.6875,8.6875,13.5,9.0625],"rotation":0,"texture":"#0","tintindex":0},"south":{"uv":[7.9375,13.75,8.3125,14.125],"rotation":0,"texture":"#0","tintindex":0},"north":{"uv":[13.75,7.8125,14.125,8.1875],"rotation":0,"texture":"#0","tintindex":0},"west":{"uv":[12.6875,9.0625,13.5,9.4375],"rotation":0,"texture":"#0","tintindex":0},"up":{"uv":[13.125,2.8125,12.75,2.0],"rotation":0,"texture":"#0","tintindex":0},"down":{"uv":[13.125,6.6875,12.75,7.5],"rotation":0,"texture":"#0","tintindex":0}}}],"display":{"head":{"translation":[0.0,-6.4,0.0],"scale":[4.0,4.0,4.0]}}}