{"textures":{"0":"modelengine:entity/iron_demon"},"elements":[{"name":"cube","from":[5.208043,4.2831316,-3.5844975],"to":[8.958043,8.033132,3.9155028],"rotation":{"angle":-45.0,"axis":"x","origin":[7.6830435,11.123879,1.6978157]},"faces":{"down":{"uv":[13.125,6.6875,12.75,7.5],"rotation":0,"texture":"#0","tintindex":0},"east":{"uv":[12.6875,8.6875,13.5,9.0625],"rotation":0,"texture":"#0","tintindex":0},"north":{"uv":[13.75,7.8125,14.125,8.1875],"rotation":0,"texture":"#0","tintindex":0},"south":{"uv":[7.9375,13.75,8.3125,14.125],"rotation":0,"texture":"#0","tintindex":0},"up":{"uv":[13.125,2.8125,12.75,2.0],"rotation":0,"texture":"#0","tintindex":0},"west":{"uv":[12.6875,9.0625,13.5,9.4375],"rotation":0,"texture":"#0","tintindex":0}}}],"display":{"head":{"translation":[0.0,-6.4,0.0],"rotation":[0.0,0.0,0.0],"scale":[3.8095,3.8095,3.8095]}}}