{"elements":[{"from":[7.087578,4.4601254,-3.032855],"to":[10.659006,8.031554,4.1100025],"rotation":{"angle":-45.0,"axis":"x","origin":[8.301864,10.975123,1.9979196]},"faces":{"east":{"uv":[0.8125,12.5625,1.625,12.9375],"rotation":0,"texture":"#0","tintindex":0},"south":{"uv":[13.75,7.4375,14.125,7.8125],"rotation":0,"texture":"#0","tintindex":0},"north":{"uv":[3.5,13.75,3.875,14.125],"rotation":0,"texture":"#0","tintindex":0},"west":{"uv":[6.4375,12.5625,7.25,12.9375],"rotation":0,"texture":"#0","tintindex":0},"up":{"uv":[3.5625,13.25,3.1875,12.4375],"rotation":0,"texture":"#0","tintindex":0},"down":{"uv":[9.9375,12.5625,9.5625,13.375],"rotation":0,"texture":"#0","tintindex":0}}}],"textures":{"0":"modelengine:entity/iron_demon"},"display":{"head":{"translation":[0.0,-6.4,0.0],"scale":[4.0,4.0,4.0]}}}