{"textures":{"0":"modelengine:entity/iron_demon"},"elements":[{"from":[6.4032607,1.8052197,-11.307495],"to":[12.653261,8.05522,1.1925049],"faces":{"east":{"uv":[0.8125,12.5625,1.625,12.9375],"tintindex":0,"rotation":0,"texture":"#0"},"south":{"uv":[13.75,7.4375,14.125,7.8125],"tintindex":0,"rotation":0,"texture":"#0"},"north":{"uv":[3.5,13.75,3.875,14.125],"tintindex":0,"rotation":0,"texture":"#0"},"west":{"uv":[6.4375,12.5625,7.25,12.9375],"tintindex":0,"rotation":0,"texture":"#0"},"up":{"uv":[3.5625,13.25,3.1875,12.4375],"tintindex":0,"rotation":0,"texture":"#0"},"down":{"uv":[9.9375,12.5625,9.5625,13.375],"tintindex":0,"rotation":0,"texture":"#0"}},"rotation":{"origin":[8.528261,13.206466,-2.5036402],"angle":-45.0,"axis":"x"}}],"display":{"gui":{"rotation":[30,225,0]}}}