{"textures":{"0":"modelengine:entity/iron_demon"},"elements":[{"from":[3.3467388,1.8052197,-11.307495],"to":[9.596739,8.05522,1.1925049],"faces":{"east":{"uv":[12.6875,8.6875,13.5,9.0625],"tintindex":0,"rotation":0,"texture":"#0"},"south":{"uv":[7.9375,13.75,8.3125,14.125],"tintindex":0,"rotation":0,"texture":"#0"},"north":{"uv":[13.75,7.8125,14.125,8.1875],"tintindex":0,"rotation":0,"texture":"#0"},"west":{"uv":[12.6875,9.0625,13.5,9.4375],"tintindex":0,"rotation":0,"texture":"#0"},"up":{"uv":[13.125,2.8125,12.75,2.0],"tintindex":0,"rotation":0,"texture":"#0"},"down":{"uv":[13.125,6.6875,12.75,7.5],"tintindex":0,"rotation":0,"texture":"#0"}},"rotation":{"origin":[7.4717393,13.206466,-2.5036402],"angle":-45.0,"axis":"x"}}],"display":{"gui":{"rotation":[30,225,0]}}}