{"file_name":"shin_l","texture_size":[256,256],"textures":{"283f017f-fe3b-a834-c67e-5b3174e722a6":"modelengine:entity/iron_demon","064ba5c2-b75f-2d2e-74b9-76ed85c89ebf":"modelengine:entity/molten_iron"},"elements":[{"name":"cube","from":[5.208043,4.2831316,-3.5844975],"to":[8.958043,8.033132,3.9155028],"rotation":{"angle":-45.0,"axis":"x","origin":[7.6830435,11.123879,1.6978157]},"faces":{"down":{"uv":[14.625,11.8125,14.25,12.5625],"rotation":0,"texture":"#283f017f-fe3b-a834-c67e-5b3174e722a6","tintindex":0},"east":{"uv":[14.25,12.5625,15.0,12.9375],"rotation":0,"texture":"#283f017f-fe3b-a834-c67e-5b3174e722a6","tintindex":0},"north":{"uv":[13.875,12.5625,14.25,12.9375],"rotation":0,"texture":"#283f017f-fe3b-a834-c67e-5b3174e722a6","tintindex":0},"south":{"uv":[15.0,12.5625,15.375,12.9375],"rotation":0,"texture":"#283f017f-fe3b-a834-c67e-5b3174e722a6","tintindex":0},"up":{"uv":[14.625,12.5625,14.25,11.8125],"rotation":0,"texture":"#283f017f-fe3b-a834-c67e-5b3174e722a6","tintindex":0},"west":{"uv":[14.25,12.5625,15.0,12.9375],"rotation":0,"texture":"#283f017f-fe3b-a834-c67e-5b3174e722a6","tintindex":0}}}],"display":{"head":{"translation":[0.0,-6.4,0.0],"rotation":[0.0,0.0,0.0],"scale":[3.8095,3.8095,3.8095]},"gui":{"translation":[0.0,0.0,0.0],"rotation":[35.0,225.0,0.0],"scale":[0.625,0.625,0.625]}}}