{"elements":[{"from":[4.7838507,-1.0,4.3857145],"to":[10.55528,9.714286,11.571428],"rotation":{"angle":22.5,"axis":"x","origin":[19.998137,5.0714283,8.0]},"faces":{"east":{"uv":[0.8125,5.5,1.625,6.6875],"rotation":0,"texture":"#0","tintindex":0},"south":{"uv":[4.5625,8.125,5.1875,9.3125],"rotation":0,"texture":"#0","tintindex":0},"north":{"uv":[8.0,7.375,8.625,8.5625],"rotation":0,"texture":"#0","tintindex":0},"west":{"uv":[5.6875,2.6875,6.5,3.875],"rotation":0,"texture":"#0","tintindex":0},"up":{"uv":[11.6875,0.8125,11.0625,0.0],"rotation":0,"texture":"#0","tintindex":0},"down":{"uv":[2.0625,11.0625,1.4375,11.875],"rotation":0,"texture":"#0","tintindex":0}}}],"textures":{"0":"modelengine:entity/iron_demon"},"display":{"head":{"translation":[0.0,-6.4,0.0],"scale":[4.0,4.0,4.0]}}}