{"file_name":"waist","texture_size":[256,256],"textures":{"283f017f-fe3b-a834-c67e-5b3174e722a6":"modelengine:entity/iron_demon","064ba5c2-b75f-2d2e-74b9-76ed85c89ebf":"modelengine:entity/molten_iron"},"elements":[{"name":"cube","from":[3.873043,6.8,7.1],"to":[12.123043,10.700001,13.1],"rotation":{"angle":0.0,"axis":"x","origin":[-2.8769574,-11.950001,-1.9000006]},"faces":{"down":{"uv":[14.0,10.375,13.1875,11.0],"rotation":0,"texture":"#283f017f-fe3b-a834-c67e-5b3174e722a6","tintindex":0},"east":{"uv":[11.75,11.0,12.375,11.375],"rotation":0,"texture":"#283f017f-fe3b-a834-c67e-5b3174e722a6","tintindex":0},"north":{"uv":[12.375,11.0,13.1875,11.375],"rotation":0,"texture":"#283f017f-fe3b-a834-c67e-5b3174e722a6","tintindex":0},"south":{"uv":[13.875,11.0,14.6875,11.375],"rotation":0,"texture":"#283f017f-fe3b-a834-c67e-5b3174e722a6","tintindex":0},"up":{"uv":[13.1875,11.0,12.375,10.375],"rotation":0,"texture":"#283f017f-fe3b-a834-c67e-5b3174e722a6","tintindex":0},"west":{"uv":[13.1875,11.0,13.8125,11.375],"rotation":0,"texture":"#283f017f-fe3b-a834-c67e-5b3174e722a6","tintindex":0}}},{"name":"cube","from":[-5.317624,8.6159,7.8910155],"to":[-3.817624,11.615901,12.326563],"rotation":{"angle":-22.5,"axis":"z","origin":[-11.317623,-11.634098,-1.9000006]},"faces":{"down":{"uv":[12.5625,6.4375,12.4375,6.875],"rotation":0,"texture":"#283f017f-fe3b-a834-c67e-5b3174e722a6","tintindex":0},"east":{"uv":[11.875,6.875,12.3125,7.1875],"rotation":0,"texture":"#283f017f-fe3b-a834-c67e-5b3174e722a6","tintindex":0},"north":{"uv":[12.3125,6.875,12.4375,7.1875],"rotation":0,"texture":"#283f017f-fe3b-a834-c67e-5b3174e722a6","tintindex":0},"south":{"uv":[12.875,6.875,13.0,7.1875],"rotation":0,"texture":"#283f017f-fe3b-a834-c67e-5b3174e722a6","tintindex":0},"up":{"uv":[12.4375,6.875,12.3125,6.4375],"rotation":0,"texture":"#283f017f-fe3b-a834-c67e-5b3174e722a6","tintindex":0},"west":{"uv":[12.4375,6.875,12.875,7.1875],"rotation":0,"texture":"#283f017f-fe3b-a834-c67e-5b3174e722a6","tintindex":0}}},{"name":"cube","from":[3.1230435,5.3,7.85],"to":[12.873043,7.55,12.35],"rotation":{"angle":0.0,"axis":"x","origin":[-2.8769574,-15.700002,-1.9000006]},"faces":{"down":{"uv":[5.9375,2.0625,4.9375,2.5],"rotation":0,"texture":"#283f017f-fe3b-a834-c67e-5b3174e722a6","tintindex":0},"east":{"uv":[3.5,2.5,3.9375,2.6875],"rotation":0,"texture":"#283f017f-fe3b-a834-c67e-5b3174e722a6","tintindex":0},"north":{"uv":[3.9375,2.5,4.9375,2.6875],"rotation":0,"texture":"#283f017f-fe3b-a834-c67e-5b3174e722a6","tintindex":0},"south":{"uv":[5.375,2.5,6.375,2.6875],"rotation":0,"texture":"#283f017f-fe3b-a834-c67e-5b3174e722a6","tintindex":0},"up":{"uv":[4.9375,2.5,3.9375,2.0625],"rotation":0,"texture":"#283f017f-fe3b-a834-c67e-5b3174e722a6","tintindex":0},"west":{"uv":[4.9375,2.5,5.375,2.6875],"rotation":0,"texture":"#283f017f-fe3b-a834-c67e-5b3174e722a6","tintindex":0}}},{"name":"cube","from":[19.813713,8.6159,7.8910155],"to":[21.313713,11.615901,12.326563],"rotation":{"angle":22.5,"axis":"z","origin":[27.313713,-11.634098,-1.9000006]},"faces":{"down":{"uv":[8.9375,10.375,8.8125,10.8125],"rotation":0,"texture":"#283f017f-fe3b-a834-c67e-5b3174e722a6","tintindex":0},"east":{"uv":[8.25,10.8125,8.6875,11.125],"rotation":0,"texture":"#283f017f-fe3b-a834-c67e-5b3174e722a6","tintindex":0},"north":{"uv":[8.6875,10.8125,8.8125,11.125],"rotation":0,"texture":"#283f017f-fe3b-a834-c67e-5b3174e722a6","tintindex":0},"south":{"uv":[9.25,10.8125,9.375,11.125],"rotation":0,"texture":"#283f017f-fe3b-a834-c67e-5b3174e722a6","tintindex":0},"up":{"uv":[8.8125,10.8125,8.6875,10.375],"rotation":0,"texture":"#283f017f-fe3b-a834-c67e-5b3174e722a6","tintindex":0},"west":{"uv":[8.8125,10.8125,9.25,11.125],"rotation":0,"texture":"#283f017f-fe3b-a834-c67e-5b3174e722a6","tintindex":0}}}],"display":{"head":{"translation":[0.0,-6.4,0.0],"rotation":[0.0,0.0,0.0],"scale":[3.8095,3.8095,3.8095]},"gui":{"translation":[0.0,0.0,0.0],"rotation":[35.0,225.0,0.0],"scale":[0.625,0.625,0.625]}}}