{"textures":{"0":"modelengine:entity/iron_demon"},"elements":[{"name":"cube","from":[3.873043,6.8,7.1],"to":[12.123043,10.700001,13.1],"rotation":{"angle":0.0,"axis":"x","origin":[-2.8769574,-11.950001,-1.9000006]},"faces":{"down":{"uv":[11.625,5.9375,10.75,6.5625],"rotation":0,"texture":"#0","tintindex":0},"east":{"uv":[8.9375,12.875,9.5625,13.3125],"rotation":0,"texture":"#0","tintindex":0},"north":{"uv":[11.875,7.125,12.75,7.5625],"rotation":0,"texture":"#0","tintindex":0},"south":{"uv":[6.125,12.0,7.0,12.4375],"rotation":0,"texture":"#0","tintindex":0},"up":{"uv":[6.1875,11.375,5.3125,10.75],"rotation":0,"texture":"#0","tintindex":0},"west":{"uv":[12.875,10.875,13.5,11.3125],"rotation":0,"texture":"#0","tintindex":0}}},{"name":"cube","from":[-5.317624,8.6159,7.8910155],"to":[-3.817624,11.615901,12.326563],"rotation":{"angle":-22.5,"axis":"z","origin":[-11.317623,-11.634098,-1.9000006]},"faces":{"down":{"uv":[7.75,9.875,7.5625,10.3125],"rotation":0,"texture":"#0","tintindex":0},"east":{"uv":[13.75,10.1875,14.1875,10.5],"rotation":0,"texture":"#0","tintindex":0},"north":{"uv":[14.1875,12.125,14.375,12.4375],"rotation":0,"texture":"#0","tintindex":0},"south":{"uv":[14.1875,12.4375,14.375,12.75],"rotation":0,"texture":"#0","tintindex":0},"up":{"uv":[5.9375,9.375,5.75,8.9375],"rotation":0,"texture":"#0","tintindex":0},"west":{"uv":[13.75,10.5,14.1875,10.8125],"rotation":0,"texture":"#0","tintindex":0}}},{"name":"cube","from":[3.1230435,5.3,7.85],"to":[12.873043,7.55,12.35],"rotation":{"angle":0.0,"axis":"x","origin":[-2.8769574,-15.700002,-1.9000006]},"faces":{"down":{"uv":[12.0625,3.125,11.0625,3.625],"rotation":0,"texture":"#0","tintindex":0},"east":{"uv":[13.8125,6.625,14.3125,6.875],"rotation":0,"texture":"#0","tintindex":0},"north":{"uv":[13.0,0.625,14.0,0.875],"rotation":0,"texture":"#0","tintindex":0},"south":{"uv":[13.0,0.875,14.0,1.125],"rotation":0,"texture":"#0","tintindex":0},"up":{"uv":[11.875,5.75,10.875,5.25],"rotation":0,"texture":"#0","tintindex":0},"west":{"uv":[13.8125,6.875,14.3125,7.125],"rotation":0,"texture":"#0","tintindex":0}}},{"name":"cube","from":[19.813713,8.6159,7.8910155],"to":[21.313713,11.615901,12.326563],"rotation":{"angle":22.5,"axis":"z","origin":[27.313713,-11.634098,-1.9000006]},"faces":{"down":{"uv":[8.5625,14.125,8.4375,14.5625],"rotation":0,"texture":"#0","tintindex":0},"east":{"uv":[13.75,12.25,14.1875,12.5625],"rotation":0,"texture":"#0","tintindex":0},"north":{"uv":[11.6875,14.3125,11.8125,14.625],"rotation":0,"texture":"#0","tintindex":0},"south":{"uv":[11.8125,14.3125,11.9375,14.625],"rotation":0,"texture":"#0","tintindex":0},"up":{"uv":[10.625,14.5,10.5,14.0625],"rotation":0,"texture":"#0","tintindex":0},"west":{"uv":[13.75,12.5625,14.1875,12.875],"rotation":0,"texture":"#0","tintindex":0}}}],"display":{"head":{"translation":[0.0,-6.4,0.0],"rotation":[0.0,0.0,0.0],"scale":[3.8095,3.8095,3.8095]}}}