{"elements":[{"from":[4.069565,6.857143,7.142857],"to":[11.926708,10.571428,12.857143],"rotation":{"angle":0.0,"axis":"y","origin":[-2.359007,-11.0,-1.4285717]},"faces":{"east":{"uv":[8.9375,12.875,9.5625,13.3125],"rotation":0,"texture":"#0","tintindex":0},"south":{"uv":[6.125,12.0,7.0,12.4375],"rotation":0,"texture":"#0","tintindex":0},"north":{"uv":[11.875,7.125,12.75,7.5625],"rotation":0,"texture":"#0","tintindex":0},"west":{"uv":[12.875,10.875,13.5,11.3125],"rotation":0,"texture":"#0","tintindex":0},"up":{"uv":[6.1875,11.375,5.3125,10.75],"rotation":0,"texture":"#0","tintindex":0},"down":{"uv":[11.625,5.9375,10.75,6.5625],"rotation":0,"texture":"#0","tintindex":0}}},{"from":[-4.6834517,8.586573,7.8962054],"to":[-3.25488,11.443716,12.120536],"rotation":{"angle":-22.5,"axis":"z","origin":[-10.397736,-10.699142,-1.4285717]},"faces":{"east":{"uv":[13.75,10.1875,14.1875,10.5],"rotation":0,"texture":"#0","tintindex":0},"south":{"uv":[14.1875,12.4375,14.375,12.75],"rotation":0,"texture":"#0","tintindex":0},"north":{"uv":[14.1875,12.125,14.375,12.4375],"rotation":0,"texture":"#0","tintindex":0},"west":{"uv":[13.75,10.5,14.1875,10.8125],"rotation":0,"texture":"#0","tintindex":0},"up":{"uv":[5.9375,9.375,5.75,8.9375],"rotation":0,"texture":"#0","tintindex":0},"down":{"uv":[7.75,9.875,7.5625,10.3125],"rotation":0,"texture":"#0","tintindex":0}}},{"from":[3.3552794,5.428571,7.857143],"to":[12.640994,7.5714283,12.142858],"rotation":{"angle":0.0,"axis":"y","origin":[-2.359007,-14.57143,-1.4285717]},"faces":{"east":{"uv":[13.8125,6.625,14.3125,6.875],"rotation":0,"texture":"#0","tintindex":0},"south":{"uv":[13.0,0.875,14.0,1.125],"rotation":0,"texture":"#0","tintindex":0},"north":{"uv":[13.0,0.625,14.0,0.875],"rotation":0,"texture":"#0","tintindex":0},"west":{"uv":[13.8125,6.875,14.3125,7.125],"rotation":0,"texture":"#0","tintindex":0},"up":{"uv":[11.875,5.75,10.875,5.25],"rotation":0,"texture":"#0","tintindex":0},"down":{"uv":[12.0625,3.125,11.0625,3.625],"rotation":0,"texture":"#0","tintindex":0}}},{"from":[19.251154,8.586573,7.8962054],"to":[20.679726,11.443716,12.120536],"rotation":{"angle":22.5,"axis":"z","origin":[26.39401,-10.699142,-1.4285717]},"faces":{"east":{"uv":[13.75,12.25,14.1875,12.5625],"rotation":0,"texture":"#0","tintindex":0},"south":{"uv":[11.8125,14.3125,11.9375,14.625],"rotation":0,"texture":"#0","tintindex":0},"north":{"uv":[11.6875,14.3125,11.8125,14.625],"rotation":0,"texture":"#0","tintindex":0},"west":{"uv":[13.75,12.5625,14.1875,12.875],"rotation":0,"texture":"#0","tintindex":0},"up":{"uv":[10.625,14.5,10.5,14.0625],"rotation":0,"texture":"#0","tintindex":0},"down":{"uv":[8.5625,14.125,8.4375,14.5625],"rotation":0,"texture":"#0","tintindex":0}}}],"textures":{"0":"modelengine:entity/iron_demon"},"display":{"head":{"translation":[0.0,-6.4,0.0],"scale":[4.0,4.0,4.0]}}}