{"textures":{"0":"modelengine:entity/iron_demon"},"elements":[{"from":[27.689518,9.026501,7.8183594],"to":[30.189518,14.026501,15.2109375],"faces":{"east":{"uv":[13.75,12.25,14.1875,12.5625],"tintindex":0,"rotation":0,"texture":"#0"},"south":{"uv":[11.8125,14.3125,11.9375,14.625],"tintindex":0,"rotation":0,"texture":"#0"},"north":{"uv":[11.6875,14.3125,11.8125,14.625],"tintindex":0,"rotation":0,"texture":"#0"},"west":{"uv":[13.75,12.5625,14.1875,12.875],"tintindex":0,"rotation":0,"texture":"#0"},"up":{"uv":[10.625,14.5,10.5,14.0625],"tintindex":0,"rotation":0,"texture":"#0"},"down":{"uv":[8.5625,14.125,8.4375,14.5625],"tintindex":0,"rotation":0,"texture":"#0"}},"rotation":{"origin":[40.189518,-24.723495,-8.5],"angle":22.5,"axis":"z"}},{"from":[1.1217389,6.0,6.5],"to":[14.871738,12.5,16.5],"faces":{"east":{"uv":[8.9375,12.875,9.5625,13.3125],"tintindex":0,"rotation":0,"texture":"#0"},"south":{"uv":[6.125,12.0,7.0,12.4375],"tintindex":0,"rotation":0,"texture":"#0"},"north":{"uv":[11.875,7.125,12.75,7.5625],"tintindex":0,"rotation":0,"texture":"#0"},"west":{"uv":[12.875,10.875,13.5,11.3125],"tintindex":0,"rotation":0,"texture":"#0"},"up":{"uv":[6.1875,11.375,5.3125,10.75],"tintindex":0,"rotation":0,"texture":"#0"},"down":{"uv":[11.625,5.9375,10.75,6.5625],"tintindex":0,"rotation":0,"texture":"#0"}}},{"from":[-14.196039,9.026501,7.8183594],"to":[-11.696039,14.026501,15.2109375],"faces":{"east":{"uv":[13.75,10.1875,14.1875,10.5],"tintindex":0,"rotation":0,"texture":"#0"},"south":{"uv":[14.1875,12.4375,14.375,12.75],"tintindex":0,"rotation":0,"texture":"#0"},"north":{"uv":[14.1875,12.125,14.375,12.4375],"tintindex":0,"rotation":0,"texture":"#0"},"west":{"uv":[13.75,10.5,14.1875,10.8125],"tintindex":0,"rotation":0,"texture":"#0"},"up":{"uv":[5.9375,9.375,5.75,8.9375],"tintindex":0,"rotation":0,"texture":"#0"},"down":{"uv":[7.75,9.875,7.5625,10.3125],"tintindex":0,"rotation":0,"texture":"#0"}},"rotation":{"origin":[-24.196037,-24.723495,-8.5],"angle":-22.5,"axis":"z"}},{"from":[-0.12826061,3.5,7.75],"to":[16.121738,7.25,15.25],"faces":{"east":{"uv":[13.8125,6.625,14.3125,6.875],"tintindex":0,"rotation":0,"texture":"#0"},"south":{"uv":[13.0,0.875,14.0,1.125],"tintindex":0,"rotation":0,"texture":"#0"},"north":{"uv":[13.0,0.625,14.0,0.875],"tintindex":0,"rotation":0,"texture":"#0"},"west":{"uv":[13.8125,6.875,14.3125,7.125],"tintindex":0,"rotation":0,"texture":"#0"},"up":{"uv":[11.875,5.75,10.875,5.25],"tintindex":0,"rotation":0,"texture":"#0"},"down":{"uv":[12.0625,3.125,11.0625,3.625],"tintindex":0,"rotation":0,"texture":"#0"}}}],"display":{"gui":{"rotation":[30,225,0]}}}