{"file_name":"base_rotation","texture_size":[64,64],"textures":{"8bf08e37-b478-e7b3-bb1e-b19c979a8700":"modelengine:entity/chest"},"elements":[{"name":"base_rotation","from":[3.7999997,6.2,3.7999997],"to":[12.2,12.2,12.2],"rotation":{"angle":0.0,"axis":"x","origin":[8.0,3.7999997,8.0]},"faces":{"down":{"uv":[10.5,4.75,7.0,8.25],"rotation":0,"texture":"#8bf08e37-b478-e7b3-bb1e-b19c979a8700","tintindex":0},"east":{"uv":[0.0,8.25,3.5,10.75],"rotation":0,"texture":"#8bf08e37-b478-e7b3-bb1e-b19c979a8700","tintindex":0},"north":{"uv":[3.5,8.25,7.0,10.75],"rotation":0,"texture":"#8bf08e37-b478-e7b3-bb1e-b19c979a8700","tintindex":0},"south":{"uv":[10.5,8.25,14.0,10.75],"rotation":0,"texture":"#8bf08e37-b478-e7b3-bb1e-b19c979a8700","tintindex":0},"up":{"uv":[7.0,8.25,3.5,4.75],"rotation":0,"texture":"#8bf08e37-b478-e7b3-bb1e-b19c979a8700","tintindex":0},"west":{"uv":[7.0,8.25,10.5,10.75],"rotation":0,"texture":"#8bf08e37-b478-e7b3-bb1e-b19c979a8700","tintindex":0}}},{"name":"base_rotation","from":[5.0,5.0,11.0],"to":[11.0,6.2,11.0],"rotation":{"angle":0.0,"axis":"x","origin":[8.0,3.7999997,8.0]},"faces":{"down":{"uv":[10.5,4.75,7.0,8.25],"rotation":0,"texture":"#8bf08e37-b478-e7b3-bb1e-b19c979a8700","tintindex":0},"east":{"uv":[0.0,8.25,3.5,10.75],"rotation":0,"texture":"#8bf08e37-b478-e7b3-bb1e-b19c979a8700","tintindex":0},"north":{"uv":[4.5,13.25,8.0,14.0],"rotation":0,"texture":"#8bf08e37-b478-e7b3-bb1e-b19c979a8700","tintindex":0},"south":{"uv":[4.25,15.25,7.75,16.0],"rotation":180,"texture":"#8bf08e37-b478-e7b3-bb1e-b19c979a8700","tintindex":0},"up":{"uv":[7.0,8.25,3.5,4.75],"rotation":0,"texture":"#8bf08e37-b478-e7b3-bb1e-b19c979a8700","tintindex":0},"west":{"uv":[7.0,8.25,10.5,10.75],"rotation":0,"texture":"#8bf08e37-b478-e7b3-bb1e-b19c979a8700","tintindex":0}}},{"name":"base_rotation","from":[5.0,5.0,11.0],"to":[11.0,6.2,11.0],"rotation":{"angle":0.0,"axis":"y","origin":[8.0,3.7999997,8.0]},"faces":{"down":{"uv":[10.5,4.75,7.0,8.25],"rotation":0,"texture":"#8bf08e37-b478-e7b3-bb1e-b19c979a8700","tintindex":0},"east":{"uv":[0.0,8.25,3.5,10.75],"rotation":0,"texture":"#8bf08e37-b478-e7b3-bb1e-b19c979a8700","tintindex":0},"north":{"uv":[4.5,13.25,8.0,14.0],"rotation":0,"texture":"#8bf08e37-b478-e7b3-bb1e-b19c979a8700","tintindex":0},"south":{"uv":[4.25,15.25,7.75,16.0],"rotation":180,"texture":"#8bf08e37-b478-e7b3-bb1e-b19c979a8700","tintindex":0},"up":{"uv":[7.0,8.25,3.5,4.75],"rotation":0,"texture":"#8bf08e37-b478-e7b3-bb1e-b19c979a8700","tintindex":0},"west":{"uv":[7.0,8.25,10.5,10.75],"rotation":0,"texture":"#8bf08e37-b478-e7b3-bb1e-b19c979a8700","tintindex":0}}},{"name":"base_rotation","from":[5.0,5.0,5.0],"to":[11.0,6.2,5.0],"rotation":{"angle":0.0,"axis":"y","origin":[8.0,3.7999997,8.0]},"faces":{"down":{"uv":[10.5,4.75,7.0,8.25],"rotation":0,"texture":"#8bf08e37-b478-e7b3-bb1e-b19c979a8700","tintindex":0},"east":{"uv":[0.0,8.25,3.5,10.75],"rotation":0,"texture":"#8bf08e37-b478-e7b3-bb1e-b19c979a8700","tintindex":0},"north":{"uv":[4.5,13.25,8.0,14.0],"rotation":0,"texture":"#8bf08e37-b478-e7b3-bb1e-b19c979a8700","tintindex":0},"south":{"uv":[4.25,15.25,7.75,16.0],"rotation":180,"texture":"#8bf08e37-b478-e7b3-bb1e-b19c979a8700","tintindex":0},"up":{"uv":[7.0,8.25,3.5,4.75],"rotation":0,"texture":"#8bf08e37-b478-e7b3-bb1e-b19c979a8700","tintindex":0},"west":{"uv":[7.0,8.25,10.5,10.75],"rotation":0,"texture":"#8bf08e37-b478-e7b3-bb1e-b19c979a8700","tintindex":0}}}],"display":{"head":{"translation":[0.0,-6.4,0.0],"rotation":[0.0,0.0,0.0],"scale":[3.8095,3.8095,3.8095]},"gui":{"translation":[0.0,0.0,0.0],"rotation":[35.0,225.0,0.0],"scale":[0.625,0.625,0.625]}}}