{"file_name":"antennae","texture_size":[64,64],"textures":{"185837f2-c67e-b922-d3ed-b88b4921e167":"modelengine:entity/sakura_bee","ecdd7281-ba10-48da-261f-d02035d3335b":"minecraft:block/obsidian","f6aa0ea5-7139-35ca-eac5-21b3e8e5f719":"minecraft:block/lime_wool"},"elements":[{"name":"cube","from":[6.5,7.4,6.38],"to":[6.5,8.0,8.18],"rotation":{"angle":0.0,"axis":"x","origin":[8.3,5.6,11.0]},"faces":{"down":{"uv":[0.75,2.0,0.75,2.75],"rotation":0,"texture":"#185837f2-c67e-b922-d3ed-b88b4921e167","tintindex":0},"east":{"uv":[0.0,3.6625,0.99375,4.0],"rotation":0,"texture":"#185837f2-c67e-b922-d3ed-b88b4921e167","tintindex":0},"north":{"uv":[0.75,2.75,0.75,3.0],"rotation":0,"texture":"#185837f2-c67e-b922-d3ed-b88b4921e167","tintindex":0},"south":{"uv":[1.25,3.75,1.25,4.25],"rotation":0,"texture":"#185837f2-c67e-b922-d3ed-b88b4921e167","tintindex":0},"up":{"uv":[0.75,2.75,0.75,2.0],"rotation":0,"texture":"#185837f2-c67e-b922-d3ed-b88b4921e167","tintindex":0},"west":{"uv":[1.5,3.75,2.25,4.0],"rotation":0,"texture":"#185837f2-c67e-b922-d3ed-b88b4921e167","tintindex":0}}},{"name":"cube","from":[9.5,7.4,6.44],"to":[9.5,8.0,8.24],"rotation":{"angle":0.0,"axis":"x","origin":[8.3,5.6,11.0]},"faces":{"down":{"uv":[0.75,2.0,0.75,2.75],"rotation":0,"texture":"#185837f2-c67e-b922-d3ed-b88b4921e167","tintindex":0},"east":{"uv":[0.0,3.66875,1.0,4.0],"rotation":0,"texture":"#185837f2-c67e-b922-d3ed-b88b4921e167","tintindex":0},"north":{"uv":[0.75,2.75,0.75,3.0],"rotation":0,"texture":"#185837f2-c67e-b922-d3ed-b88b4921e167","tintindex":0},"south":{"uv":[1.5,3.75,1.5,4.0],"rotation":0,"texture":"#185837f2-c67e-b922-d3ed-b88b4921e167","tintindex":0},"up":{"uv":[0.75,2.75,0.75,2.0],"rotation":0,"texture":"#185837f2-c67e-b922-d3ed-b88b4921e167","tintindex":0},"west":{"uv":[1.25,3.91875,2.25,4.25],"rotation":0,"texture":"#185837f2-c67e-b922-d3ed-b88b4921e167","tintindex":0}}},{"name":"cube","from":[6.5,7.4,6.38],"to":[7.4,8.0,6.38],"rotation":{"angle":0.0,"axis":"x","origin":[8.3,5.6,11.0]},"faces":{"down":{"uv":[0.5,0.0,0.25,0.0],"rotation":0,"texture":"#185837f2-c67e-b922-d3ed-b88b4921e167","tintindex":0},"east":{"uv":[0.0,0.0,0.0,0.25],"rotation":0,"texture":"#185837f2-c67e-b922-d3ed-b88b4921e167","tintindex":0},"north":{"uv":[0.0,0.0,0.325,0.325],"rotation":0,"texture":"#185837f2-c67e-b922-d3ed-b88b4921e167","tintindex":0},"south":{"uv":[0.5,0.0,0.75,0.25],"rotation":0,"texture":"#185837f2-c67e-b922-d3ed-b88b4921e167","tintindex":0},"up":{"uv":[0.25,0.0,0.0,0.0],"rotation":0,"texture":"#185837f2-c67e-b922-d3ed-b88b4921e167","tintindex":0},"west":{"uv":[0.25,0.0,0.25,0.25],"rotation":0,"texture":"#185837f2-c67e-b922-d3ed-b88b4921e167","tintindex":0}}},{"name":"cube","from":[8.6,7.4,6.38],"to":[9.5,8.0,6.38],"rotation":{"angle":0.0,"axis":"x","origin":[8.3,5.6,11.0]},"faces":{"down":{"uv":[0.5,0.0,0.25,0.0],"rotation":0,"texture":"#185837f2-c67e-b922-d3ed-b88b4921e167","tintindex":0},"east":{"uv":[0.0,0.0,0.0,0.25],"rotation":0,"texture":"#185837f2-c67e-b922-d3ed-b88b4921e167","tintindex":0},"north":{"uv":[0.0,0.0,0.325,0.325],"rotation":0,"texture":"#185837f2-c67e-b922-d3ed-b88b4921e167","tintindex":0},"south":{"uv":[0.5,0.0,0.75,0.25],"rotation":0,"texture":"#185837f2-c67e-b922-d3ed-b88b4921e167","tintindex":0},"up":{"uv":[0.25,0.0,0.0,0.0],"rotation":0,"texture":"#185837f2-c67e-b922-d3ed-b88b4921e167","tintindex":0},"west":{"uv":[0.25,0.0,0.25,0.25],"rotation":0,"texture":"#185837f2-c67e-b922-d3ed-b88b4921e167","tintindex":0}}},{"name":"cube","from":[8.3,7.52,6.3199997],"to":[8.6,7.8199997,6.3199997],"rotation":{"angle":0.0,"axis":"x","origin":[8.0,3.1999998,11.0]},"faces":{"down":{"uv":[0.0,0.0,0.0,0.0],"rotation":0,"texture":"#185837f2-c67e-b922-d3ed-b88b4921e167","tintindex":0},"east":{"uv":[0.0,0.0,0.0,0.0],"rotation":0,"texture":"#185837f2-c67e-b922-d3ed-b88b4921e167","tintindex":0},"north":{"uv":[0.0,0.0,0.0,0.0],"rotation":0,"texture":"#185837f2-c67e-b922-d3ed-b88b4921e167","tintindex":0},"south":{"uv":[0.0,0.0,0.0,0.0],"rotation":0,"texture":"#185837f2-c67e-b922-d3ed-b88b4921e167","tintindex":0},"up":{"uv":[0.0,0.0,0.0,0.0],"rotation":0,"texture":"#185837f2-c67e-b922-d3ed-b88b4921e167","tintindex":0},"west":{"uv":[0.0,0.0,0.0,0.0],"rotation":0,"texture":"#185837f2-c67e-b922-d3ed-b88b4921e167","tintindex":0}}},{"name":"cube","from":[7.4,7.52,6.38],"to":[7.7,7.8199997,6.38],"rotation":{"angle":0.0,"axis":"x","origin":[8.0,3.1999998,11.0]},"faces":{"down":{"uv":[0.0,0.0,0.0,0.0],"rotation":0,"texture":"#185837f2-c67e-b922-d3ed-b88b4921e167","tintindex":0},"east":{"uv":[0.0,0.0,0.0,0.0],"rotation":0,"texture":"#185837f2-c67e-b922-d3ed-b88b4921e167","tintindex":0},"north":{"uv":[0.0,0.0,0.0,0.0],"rotation":0,"texture":"#185837f2-c67e-b922-d3ed-b88b4921e167","tintindex":0},"south":{"uv":[0.0,0.0,0.0,0.0],"rotation":0,"texture":"#185837f2-c67e-b922-d3ed-b88b4921e167","tintindex":0},"up":{"uv":[0.0,0.0,0.0,0.0],"rotation":0,"texture":"#185837f2-c67e-b922-d3ed-b88b4921e167","tintindex":0},"west":{"uv":[0.0,0.0,0.0,0.0],"rotation":0,"texture":"#185837f2-c67e-b922-d3ed-b88b4921e167","tintindex":0}}}],"display":{"head":{"translation":[0.0,-6.4,0.0],"rotation":[0.0,0.0,0.0],"scale":[3.8095,3.8095,3.8095]},"gui":{"translation":[0.0,0.0,0.0],"rotation":[35.0,225.0,0.0],"scale":[0.625,0.625,0.625]}}}