{"file_name":"head","texture_size":[64,64],"textures":{"185837f2-c67e-b922-d3ed-b88b4921e167":"modelengine:entity/sakura_bee","ecdd7281-ba10-48da-261f-d02035d3335b":"minecraft:block/obsidian","f6aa0ea5-7139-35ca-eac5-21b3e8e5f719":"minecraft:block/lime_wool"},"elements":[{"name":"cube","from":[5.8999996,12.8,3.7999997],"to":[8.9,15.8,6.8],"rotation":{"angle":0.0,"axis":"x","origin":[8.3,10.4,8.0]},"faces":{"down":{"uv":[10.0125,6.35,11.675,8.0],"rotation":0,"texture":"#185837f2-c67e-b922-d3ed-b88b4921e167","tintindex":0},"east":{"uv":[6.6875,8.0,8.3125,9.625],"rotation":0,"texture":"#185837f2-c67e-b922-d3ed-b88b4921e167","tintindex":0},"north":{"uv":[8.3125,8.0,10.0,9.625],"rotation":0,"texture":"#185837f2-c67e-b922-d3ed-b88b4921e167","tintindex":0},"south":{"uv":[11.66875,8.0,13.33125,9.65],"rotation":0,"texture":"#185837f2-c67e-b922-d3ed-b88b4921e167","tintindex":0},"up":{"uv":[10.0,8.0,8.325,6.35],"rotation":0,"texture":"#185837f2-c67e-b922-d3ed-b88b4921e167","tintindex":0},"west":{"uv":[10.0,8.0,11.65,9.6375],"rotation":0,"texture":"#185837f2-c67e-b922-d3ed-b88b4921e167","tintindex":0}}}],"display":{"head":{"translation":[0.0,-6.4,0.0],"rotation":[0.0,0.0,0.0],"scale":[3.8095,3.8095,3.8095]},"gui":{"translation":[0.0,0.0,0.0],"rotation":[35.0,225.0,0.0],"scale":[0.625,0.625,0.625]}}}