{"file_name":"tail","texture_size":[64,64],"textures":{"185837f2-c67e-b922-d3ed-b88b4921e167":"modelengine:entity/sakura_bee","ecdd7281-ba10-48da-261f-d02035d3335b":"minecraft:block/obsidian","f6aa0ea5-7139-35ca-eac5-21b3e8e5f719":"minecraft:block/lime_wool"},"elements":[{"name":"cube","from":[7.4,3.5085108,7.201193],"to":[8.6,8.308511,7.9811926],"rotation":{"angle":0.0,"axis":"x","origin":[8.3,5.908511,7.621193]},"faces":{"down":{"uv":[1.66875,6.33125,1.00625,6.6625],"rotation":0,"texture":"#185837f2-c67e-b922-d3ed-b88b4921e167","tintindex":0},"east":{"uv":[0.0,6.66875,0.33125,9.33125],"rotation":0,"texture":"#185837f2-c67e-b922-d3ed-b88b4921e167","tintindex":0},"north":{"uv":[0.33125,6.66875,1.0,9.33125],"rotation":0,"texture":"#185837f2-c67e-b922-d3ed-b88b4921e167","tintindex":0},"south":{"uv":[1.33125,6.675,2.0,9.33125],"rotation":0,"texture":"#185837f2-c67e-b922-d3ed-b88b4921e167","tintindex":0},"up":{"uv":[1.0,6.66875,0.3375,6.33125],"rotation":0,"texture":"#185837f2-c67e-b922-d3ed-b88b4921e167","tintindex":0},"west":{"uv":[1.0,6.66875,1.33125,9.33125],"rotation":0,"texture":"#185837f2-c67e-b922-d3ed-b88b4921e167","tintindex":0}}},{"name":"cube","from":[7.4,3.2085109,7.9811926],"to":[8.6,8.308511,8.161193],"rotation":{"angle":0.0,"axis":"x","origin":[8.3,5.908511,7.621193]},"faces":{"down":{"uv":[2.5,4.75,2.0,4.75],"rotation":0,"texture":"#ecdd7281-ba10-48da-261f-d02035d3335b","tintindex":0},"east":{"uv":[1.5,4.75,1.5,6.75],"rotation":0,"texture":"#ecdd7281-ba10-48da-261f-d02035d3335b","tintindex":0},"north":{"uv":[1.5,4.75,2.0,6.75],"rotation":0,"texture":"#ecdd7281-ba10-48da-261f-d02035d3335b","tintindex":0},"south":{"uv":[2.0,4.75,2.5,6.75],"rotation":0,"texture":"#ecdd7281-ba10-48da-261f-d02035d3335b","tintindex":0},"up":{"uv":[2.0,4.75,1.5,4.75],"rotation":0,"texture":"#ecdd7281-ba10-48da-261f-d02035d3335b","tintindex":0},"west":{"uv":[2.0,4.75,2.0,6.75],"rotation":0,"texture":"#ecdd7281-ba10-48da-261f-d02035d3335b","tintindex":0}}},{"name":"cube","from":[8.0,2.7199998,5.0],"to":[8.0,3.8599997,7.4],"rotation":{"angle":-22.5,"axis":"x","origin":[8.3,3.4999998,5.6]},"faces":{"down":{"uv":[1.0,1.5,1.0,2.5],"rotation":0,"texture":"#185837f2-c67e-b922-d3ed-b88b4921e167","tintindex":0},"east":{"uv":[0.0,3.33125,1.325,3.66875],"rotation":0,"texture":"#185837f2-c67e-b922-d3ed-b88b4921e167","tintindex":0},"north":{"uv":[1.0,2.5,1.0,2.75],"rotation":0,"texture":"#185837f2-c67e-b922-d3ed-b88b4921e167","tintindex":0},"south":{"uv":[2.0,2.5,2.0,2.75],"rotation":0,"texture":"#185837f2-c67e-b922-d3ed-b88b4921e167","tintindex":0},"up":{"uv":[1.0,2.5,1.0,1.5],"rotation":0,"texture":"#185837f2-c67e-b922-d3ed-b88b4921e167","tintindex":0},"west":{"uv":[1.325,3.33125,2.575,3.6625],"rotation":0,"texture":"#185837f2-c67e-b922-d3ed-b88b4921e167","tintindex":0}}},{"name":"cube","from":[7.4,8.209537,7.7924795],"to":[8.6,8.329536,8.572479],"rotation":{"angle":0.0,"axis":"x","origin":[8.0,8.269537,8.18248]},"faces":{"down":{"uv":[3.0,0.0,2.5,0.25],"rotation":0,"texture":"#ecdd7281-ba10-48da-261f-d02035d3335b","tintindex":0},"east":{"uv":[1.75,0.25,2.0,0.25],"rotation":0,"texture":"#ecdd7281-ba10-48da-261f-d02035d3335b","tintindex":0},"north":{"uv":[2.0,0.25,2.5,0.25],"rotation":0,"texture":"#ecdd7281-ba10-48da-261f-d02035d3335b","tintindex":0},"south":{"uv":[2.75,0.25,3.25,0.25],"rotation":0,"texture":"#ecdd7281-ba10-48da-261f-d02035d3335b","tintindex":0},"up":{"uv":[2.5,0.25,2.0,0.0],"rotation":0,"texture":"#ecdd7281-ba10-48da-261f-d02035d3335b","tintindex":0},"west":{"uv":[2.5,0.25,2.75,0.25],"rotation":0,"texture":"#ecdd7281-ba10-48da-261f-d02035d3335b","tintindex":0}}}],"display":{"head":{"translation":[0.0,-6.4,0.0],"rotation":[0.0,0.0,0.0],"scale":[3.8095,3.8095,3.8095]},"gui":{"translation":[0.0,0.0,0.0],"rotation":[35.0,225.0,0.0],"scale":[0.625,0.625,0.625]}}}