{"file_name":"weapon1","texture_size":[64,64],"textures":{"185837f2-c67e-b922-d3ed-b88b4921e167":"modelengine:entity/sakura_bee","ecdd7281-ba10-48da-261f-d02035d3335b":"minecraft:block/obsidian","f6aa0ea5-7139-35ca-eac5-21b3e8e5f719":"minecraft:block/lime_wool"},"elements":[{"name":"cube","from":[5.3,6.2,9.440001],"to":[6.5,6.98,11.84],"rotation":{"angle":45.0,"axis":"x","origin":[7.8199997,6.98,10.639999]},"faces":{"down":{"uv":[2.65,0.0,2.0,1.325],"rotation":0,"texture":"#185837f2-c67e-b922-d3ed-b88b4921e167","tintindex":0},"east":{"uv":[0.0,1.33125,1.33125,1.6625],"rotation":0,"texture":"#185837f2-c67e-b922-d3ed-b88b4921e167","tintindex":0},"north":{"uv":[1.3375,1.325,2.0,1.6625],"rotation":0,"texture":"#185837f2-c67e-b922-d3ed-b88b4921e167","tintindex":0},"south":{"uv":[3.3375,1.33125,4.0,1.6625],"rotation":0,"texture":"#185837f2-c67e-b922-d3ed-b88b4921e167","tintindex":0},"up":{"uv":[2.0,1.325,1.35,0.0],"rotation":0,"texture":"#185837f2-c67e-b922-d3ed-b88b4921e167","tintindex":0},"west":{"uv":[2.0,1.33125,3.33125,1.6625],"rotation":0,"texture":"#185837f2-c67e-b922-d3ed-b88b4921e167","tintindex":0}}},{"name":"cube","from":[6.5,4.22,5.7799997],"to":[9.32,7.8199997,13.58],"rotation":{"angle":45.0,"axis":"x","origin":[0.6499996,6.0199995,10.280001]},"faces":{"down":{"uv":[7.0,0.0,5.675,4.35],"rotation":0,"texture":"#185837f2-c67e-b922-d3ed-b88b4921e167","tintindex":0},"east":{"uv":[0.0,4.35,4.34375,6.325],"rotation":0,"texture":"#185837f2-c67e-b922-d3ed-b88b4921e167","tintindex":0},"north":{"uv":[4.35,4.35,5.675,6.325],"rotation":0,"texture":"#185837f2-c67e-b922-d3ed-b88b4921e167","tintindex":0},"south":{"uv":[9.9625,4.35,11.35,6.35],"rotation":0,"texture":"#185837f2-c67e-b922-d3ed-b88b4921e167","tintindex":0},"up":{"uv":[5.65,4.35,4.35,0.0],"rotation":0,"texture":"#185837f2-c67e-b922-d3ed-b88b4921e167","tintindex":0},"west":{"uv":[5.675,4.35,9.95,6.325],"rotation":0,"texture":"#185837f2-c67e-b922-d3ed-b88b4921e167","tintindex":0}}}],"display":{"head":{"translation":[0.0,-6.4,0.0],"rotation":[0.0,0.0,0.0],"scale":[3.8095,3.8095,3.8095]},"gui":{"translation":[0.0,0.0,0.0],"rotation":[35.0,225.0,0.0],"scale":[0.625,0.625,0.625]}}}