{"file_name":"wing1","texture_size":[64,64],"textures":{"185837f2-c67e-b922-d3ed-b88b4921e167":"modelengine:entity/sakura_bee","ecdd7281-ba10-48da-261f-d02035d3335b":"minecraft:block/obsidian","f6aa0ea5-7139-35ca-eac5-21b3e8e5f719":"minecraft:block/lime_wool"},"elements":[{"name":"cube","from":[7.8199997,6.6800003,8.0],"to":[8.12,9.08,14.0],"rotation":{"angle":0.0,"axis":"x","origin":[7.8199997,8.0,7.94]},"faces":{"down":{"uv":[2.5,0.375,2.5,2.875],"rotation":0,"texture":"#f6aa0ea5-7139-35ca-eac5-21b3e8e5f719","tintindex":0},"east":{"uv":[0.0,2.875,2.5,3.875],"rotation":0,"texture":"#f6aa0ea5-7139-35ca-eac5-21b3e8e5f719","tintindex":0},"north":{"uv":[2.5,2.875,2.5,3.875],"rotation":0,"texture":"#f6aa0ea5-7139-35ca-eac5-21b3e8e5f719","tintindex":0},"south":{"uv":[5.0,2.875,5.0,3.875],"rotation":0,"texture":"#f6aa0ea5-7139-35ca-eac5-21b3e8e5f719","tintindex":0},"up":{"uv":[2.5,2.875,2.5,0.375],"rotation":0,"texture":"#f6aa0ea5-7139-35ca-eac5-21b3e8e5f719","tintindex":0},"west":{"uv":[2.5,2.875,5.0,3.875],"rotation":0,"texture":"#f6aa0ea5-7139-35ca-eac5-21b3e8e5f719","tintindex":0}}}],"display":{"head":{"translation":[0.0,-6.4,0.0],"rotation":[0.0,0.0,0.0],"scale":[3.8095,3.8095,3.8095]},"gui":{"translation":[0.0,0.0,0.0],"rotation":[35.0,225.0,0.0],"scale":[0.625,0.625,0.625]}}}