{"textures":{"0":"modelengine:entity/mec_shadow"},"elements":[{"from":[11.42,2.9400368,9.452309],"to":[12.42,7.940037,10.452308],"faces":{"east":{"uv":[4.8125,10.0625,4.75,10.375],"tintindex":0,"rotation":0,"texture":"#0"},"south":{"uv":[4.6875,10.0625,4.625,10.375],"tintindex":0,"rotation":0,"texture":"#0"},"north":{"uv":[4.5625,10.0625,4.5,10.375],"tintindex":0,"rotation":0,"texture":"#0"},"west":{"uv":[4.625,10.0625,4.5625,10.375],"tintindex":0,"rotation":0,"texture":"#0"},"up":{"uv":[10.25,4.6875,10.3125,4.625],"tintindex":0,"rotation":0,"texture":"#0"},"down":{"uv":[10.25,4.6875,10.3125,4.75],"tintindex":0,"rotation":0,"texture":"#0"}}},{"from":[9.42,5.1400375,4.4523077],"to":[11.42,11.140038,10.452308],"faces":{"east":{"uv":[8.625,7.125,8.25,7.5],"tintindex":0,"rotation":0,"texture":"#0"},"south":{"uv":[1.3125,9.625,1.1875,10.0],"tintindex":0,"rotation":0,"texture":"#0"},"north":{"uv":[1.1875,9.625,1.0625,10.0],"tintindex":0,"rotation":0,"texture":"#0"},"west":{"uv":[8.625,6.75,8.25,7.125],"tintindex":0,"rotation":0,"texture":"#0"},"up":{"uv":[1.3125,10.0,1.4375,9.625],"tintindex":0,"rotation":0,"texture":"#0"},"down":{"uv":[1.8125,9.625,1.9375,10.0],"tintindex":0,"rotation":0,"texture":"#0"}},"rotation":{"origin":[7.42,8.140038,7.452308],"angle":45.0,"axis":"x"}},{"from":[10.859339,7.2935905,4.4523077],"to":[11.859339,9.293591,5.4523077],"faces":{"east":{"uv":[8.0,10.25,7.9375,10.375],"tintindex":0,"rotation":0,"texture":"#0"},"south":{"uv":[7.9375,10.25,7.875,10.375],"tintindex":0,"rotation":0,"texture":"#0"},"north":{"uv":[7.8125,10.25,7.75,10.375],"tintindex":0,"rotation":0,"texture":"#0"},"west":{"uv":[7.875,10.25,7.8125,10.375],"tintindex":0,"rotation":0,"texture":"#0"},"up":{"uv":[10.25,5.1875,10.3125,5.125],"tintindex":0,"rotation":0,"texture":"#0"},"down":{"uv":[10.25,5.1875,10.3125,5.25],"tintindex":0,"rotation":0,"texture":"#0"}},"rotation":{"origin":[11.359339,8.293591,7.452308],"angle":45.0,"axis":"z"}},{"from":[11.42,4.940037,4.4523077],"to":[12.42,7.940037,5.4523077],"faces":{"east":{"uv":[10.25,3.375,10.1875,3.5625],"tintindex":0,"rotation":0,"texture":"#0"},"south":{"uv":[10.25,3.1875,10.1875,3.375],"tintindex":0,"rotation":0,"texture":"#0"},"north":{"uv":[10.25,2.625,10.1875,2.8125],"tintindex":0,"rotation":0,"texture":"#0"},"west":{"uv":[10.25,2.8125,10.1875,3.0],"tintindex":0,"rotation":0,"texture":"#0"},"up":{"uv":[10.25,4.5625,10.3125,4.5],"tintindex":0,"rotation":0,"texture":"#0"},"down":{"uv":[10.25,4.5625,10.3125,4.625],"tintindex":0,"rotation":0,"texture":"#0"}}},{"from":[11.42,-2.8381386,0.5736284],"to":[12.42,-1.8381386,4.5736284],"faces":{"east":{"uv":[10.3125,5.5625,10.0625,5.625],"tintindex":0,"rotation":0,"texture":"#0"},"south":{"uv":[10.3125,4.9375,10.25,5.0],"tintindex":0,"rotation":0,"texture":"#0"},"north":{"uv":[10.3125,4.875,10.25,4.9375],"tintindex":0,"rotation":0,"texture":"#0"},"west":{"uv":[10.25,9.4375,10.0,9.5],"tintindex":0,"rotation":0,"texture":"#0"},"up":{"uv":[10.0625,9.875,10.125,9.625],"tintindex":0,"rotation":0,"texture":"#0"},"down":{"uv":[0.125,10.125,0.1875,10.375],"tintindex":0,"rotation":0,"texture":"#0"}},"rotation":{"origin":[13.92,-2.8381386,7.5736284],"angle":45.0,"axis":"x"}},{"from":[3.4199991,5.1400375,4.4523077],"to":[5.42,11.140038,10.452308],"faces":{"east":{"uv":[8.6875,0.375,8.3125,0.75],"tintindex":0,"rotation":0,"texture":"#0"},"south":{"uv":[3.4375,9.625,3.3125,10.0],"tintindex":0,"rotation":0,"texture":"#0"},"north":{"uv":[3.3125,9.625,3.1875,10.0],"tintindex":0,"rotation":0,"texture":"#0"},"west":{"uv":[6.9375,8.3125,6.5625,8.6875],"tintindex":0,"rotation":0,"texture":"#0"},"up":{"uv":[3.4375,10.0,3.5625,9.625],"tintindex":0,"rotation":0,"texture":"#0"},"down":{"uv":[5.875,9.625,6.0,10.0],"tintindex":0,"rotation":0,"texture":"#0"}},"rotation":{"origin":[7.42,8.140038,7.452308],"angle":45.0,"axis":"x"}},{"from":[5.42,-3.8599625,5.012308],"to":[9.42,4.1400375,10.012308],"faces":{"east":{"uv":[3.125,8.0,2.8125,8.5],"tintindex":0,"rotation":0,"texture":"#0"},"south":{"uv":[0.875,8.625,0.625,9.125],"tintindex":0,"rotation":0,"texture":"#0"},"north":{"uv":[0.625,8.625,0.375,9.125],"tintindex":0,"rotation":0,"texture":"#0"},"west":{"uv":[1.3125,7.9375,1.0,8.4375],"tintindex":0,"rotation":0,"texture":"#0"},"up":{"uv":[9.0625,5.125,9.3125,4.8125],"tintindex":0,"rotation":0,"texture":"#0"},"down":{"uv":[9.0625,6.375,9.3125,6.6875],"tintindex":0,"rotation":0,"texture":"#0"}}},{"from":[11.42,-2.8381386,-0.42637157],"to":[12.42,1.1618614,0.5736284],"faces":{"east":{"uv":[2.75,10.125,2.6875,10.375],"tintindex":0,"rotation":0,"texture":"#0"},"south":{"uv":[1.0,10.125,0.9375,10.375],"tintindex":0,"rotation":0,"texture":"#0"},"north":{"uv":[0.25,10.125,0.1875,10.375],"tintindex":0,"rotation":0,"texture":"#0"},"west":{"uv":[0.9375,10.125,0.875,10.375],"tintindex":0,"rotation":0,"texture":"#0"},"up":{"uv":[10.25,5.0625,10.3125,5.0],"tintindex":0,"rotation":0,"texture":"#0"},"down":{"uv":[10.25,5.0625,10.3125,5.125],"tintindex":0,"rotation":0,"texture":"#0"}},"rotation":{"origin":[13.92,-2.8381386,7.5736284],"angle":45.0,"axis":"x"}},{"from":[8.42,-7.8599625,6.972308],"to":[9.42,-2.8599625,7.972308],"faces":{"east":{"uv":[5.4375,10.0625,5.375,10.375],"tintindex":0,"rotation":0,"texture":"#0"},"south":{"uv":[5.375,10.0625,5.3125,10.375],"tintindex":0,"rotation":0,"texture":"#0"},"north":{"uv":[5.25,10.0625,5.1875,10.375],"tintindex":0,"rotation":0,"texture":"#0"},"west":{"uv":[5.3125,10.0625,5.25,10.375],"tintindex":0,"rotation":0,"texture":"#0"},"up":{"uv":[10.25,5.4375,10.3125,5.375],"tintindex":0,"rotation":0,"texture":"#0"},"down":{"uv":[10.25,5.4375,10.3125,5.5],"tintindex":0,"rotation":0,"texture":"#0"}}},{"from":[8.42,-4.8599625,5.972308],"to":[10.42,0.14003754,8.972308],"faces":{"east":{"uv":[9.625,4.25,9.4375,4.5625],"tintindex":0,"rotation":0,"texture":"#0"},"south":{"uv":[8.75,9.625,8.625,9.9375],"tintindex":0,"rotation":0,"texture":"#0"},"north":{"uv":[0.5,8.3125,0.375,8.625],"tintindex":0,"rotation":0,"texture":"#0"},"west":{"uv":[9.625,2.0,9.4375,2.3125],"tintindex":0,"rotation":0,"texture":"#0"},"up":{"uv":[9.9375,7.6875,10.0625,7.5],"tintindex":0,"rotation":0,"texture":"#0"},"down":{"uv":[9.9375,7.6875,10.0625,7.875],"tintindex":0,"rotation":0,"texture":"#0"}}},{"from":[9.445126,6.7078056,9.452309],"to":[10.445126,8.707806,10.452308],"faces":{"east":{"uv":[8.625,10.25,8.5625,10.375],"tintindex":0,"rotation":0,"texture":"#0"},"south":{"uv":[8.3125,10.25,8.25,10.375],"tintindex":0,"rotation":0,"texture":"#0"},"north":{"uv":[8.0625,10.25,8.0,10.375],"tintindex":0,"rotation":0,"texture":"#0"},"west":{"uv":[8.25,10.25,8.1875,10.375],"tintindex":0,"rotation":0,"texture":"#0"},"up":{"uv":[10.25,5.3125,10.3125,5.25],"tintindex":0,"rotation":0,"texture":"#0"},"down":{"uv":[10.25,5.3125,10.3125,5.375],"tintindex":0,"rotation":0,"texture":"#0"}},"rotation":{"origin":[9.945126,9.707806,7.452308],"angle":45.0,"axis":"z"}},{"from":[11.42,-6.8381386,4.5736284],"to":[12.42,-0.8381386,5.5736284],"faces":{"east":{"uv":[0.6875,10.0,0.625,10.375],"tintindex":0,"rotation":0,"texture":"#0"},"south":{"uv":[0.125,10.0,0.0625,10.375],"tintindex":0,"rotation":0,"texture":"#0"},"north":{"uv":[10.0,8.625,9.9375,9.0],"tintindex":0,"rotation":0,"texture":"#0"},"west":{"uv":[0.0625,10.0,0.0,10.375],"tintindex":0,"rotation":0,"texture":"#0"},"up":{"uv":[10.25,4.8125,10.3125,4.75],"tintindex":0,"rotation":0,"texture":"#0"},"down":{"uv":[10.25,4.8125,10.3125,4.875],"tintindex":0,"rotation":0,"texture":"#0"}},"rotation":{"origin":[13.92,-4.8381386,12.573628],"angle":45.0,"axis":"x"}},{"from":[4.42,1.1400375,4.4523077],"to":[10.42,7.1400375,10.452308],"faces":{"east":{"uv":[8.75,5.8125,8.375,6.1875],"tintindex":0,"rotation":0,"texture":"#0"},"south":{"uv":[8.75,4.875,8.375,5.25],"tintindex":0,"rotation":0,"texture":"#0"},"north":{"uv":[8.6875,0.75,8.3125,1.125],"tintindex":0,"rotation":0,"texture":"#0"},"west":{"uv":[8.75,3.3125,8.375,3.6875],"tintindex":0,"rotation":0,"texture":"#0"},