{"textures":{"0":"modelengine:entity/mec_shadow"},"elements":[{"from":[8.3,5.1399994,5.184616],"to":[11.3,11.139999,11.184616],"faces":{"east":{"uv":[4.5625,8.3125,4.1875,8.6875],"tintindex":0,"rotation":0,"texture":"#0"},"south":{"uv":[9.25,9.1875,9.0625,9.5625],"tintindex":0,"rotation":0,"texture":"#0"},"north":{"uv":[9.0625,9.1875,8.875,9.5625],"tintindex":0,"rotation":0,"texture":"#0"},"west":{"uv":[0.375,8.3125,0.0,8.6875],"tintindex":0,"rotation":0,"texture":"#0"},"up":{"uv":[1.8125,9.625,2.0,9.25],"tintindex":0,"rotation":0,"texture":"#0"},"down":{"uv":[2.6875,9.25,2.875,9.625],"tintindex":0,"rotation":0,"texture":"#0"}}},{"from":[11.320001,8.304817,4.690791],"to":[18.32,12.304817,8.690791],"faces":{"east":{"uv":[9.5,3.8125,9.25,4.0625],"tintindex":0,"rotation":0,"texture":"#0"},"south":{"uv":[6.9375,8.6875,6.5,8.9375],"tintindex":0,"rotation":0,"texture":"#0"},"north":{"uv":[6.0625,8.6875,5.625,8.9375],"tintindex":0,"rotation":0,"texture":"#0"},"west":{"uv":[9.5,1.375,9.25,1.625],"tintindex":0,"rotation":0,"texture":"#0"},"up":{"uv":[8.6875,0.625,9.125,0.375],"tintindex":0,"rotation":0,"texture":"#0"},"down":{"uv":[8.6875,0.625,9.125,0.875],"tintindex":0,"rotation":0,"texture":"#0"}},"rotation":{"origin":[20.32,7.304817,4.690791],"angle":45.0,"axis":"x"}},{"from":[12.42,4.6200027,4.7446165],"to":[14.42,11.620003,11.7446165],"faces":{"east":{"uv":[7.875,5.5625,7.4375,6.0],"tintindex":0,"rotation":0,"texture":"#0"},"south":{"uv":[5.1875,9.5625,5.0625,10.0],"tintindex":0,"rotation":0,"texture":"#0"},"north":{"uv":[5.0625,9.5625,4.9375,10.0],"tintindex":0,"rotation":0,"texture":"#0"},"west":{"uv":[7.875,4.4375,7.4375,4.875],"tintindex":0,"rotation":0,"texture":"#0"},"up":{"uv":[6.875,10.0,7.0,9.5625],"tintindex":0,"rotation":0,"texture":"#0"},"down":{"uv":[7.1875,9.5625,7.3125,10.0],"tintindex":0,"rotation":0,"texture":"#0"}}}],"display":{"gui":{"rotation":[30,225,0]}}}