{"textures":{"0":"modelengine:entity/mec_shadow"},"elements":[{"from":[1.5799999,4.6200027,4.7446165],"to":[3.58,11.620003,11.7446165],"faces":{"east":{"uv":[7.4375,4.4375,7.875,4.875],"tintindex":0,"rotation":0,"texture":"#0"},"south":{"uv":[5.0625,9.5625,5.1875,10.0],"tintindex":0,"rotation":0,"texture":"#0"},"north":{"uv":[4.9375,9.5625,5.0625,10.0],"tintindex":0,"rotation":0,"texture":"#0"},"west":{"uv":[7.4375,5.5625,7.875,6.0],"tintindex":0,"rotation":0,"texture":"#0"},"up":{"uv":[7.0,10.0,6.875,9.5625],"tintindex":0,"rotation":0,"texture":"#0"},"down":{"uv":[7.3125,9.5625,7.1875,10.0],"tintindex":0,"rotation":0,"texture":"#0"}}},{"from":[-2.3200006,8.304817,4.690791],"to":[4.6799994,12.304817,8.690791],"faces":{"east":{"uv":[9.25,1.375,9.5,1.625],"tintindex":0,"rotation":0,"texture":"#0"},"south":{"uv":[6.5,8.6875,6.9375,8.9375],"tintindex":0,"rotation":0,"texture":"#0"},"north":{"uv":[5.625,8.6875,6.0625,8.9375],"tintindex":0,"rotation":0,"texture":"#0"},"west":{"uv":[9.25,3.8125,9.5,4.0625],"tintindex":0,"rotation":0,"texture":"#0"},"up":{"uv":[9.125,0.625,8.6875,0.375],"tintindex":0,"rotation":0,"texture":"#0"},"down":{"uv":[9.125,0.625,8.6875,0.875],"tintindex":0,"rotation":0,"texture":"#0"}},"rotation":{"origin":[-4.3200006,7.304817,4.690791],"angle":45.0,"axis":"x"}},{"from":[4.7,5.1399994,5.184616],"to":[7.7,11.139999,11.184616],"faces":{"east":{"uv":[0.0,8.3125,0.375,8.6875],"tintindex":0,"rotation":0,"texture":"#0"},"south":{"uv":[9.0625,9.1875,9.25,9.5625],"tintindex":0,"rotation":0,"texture":"#0"},"north":{"uv":[8.875,9.1875,9.0625,9.5625],"tintindex":0,"rotation":0,"texture":"#0"},"west":{"uv":[4.1875,8.3125,4.5625,8.6875],"tintindex":0,"rotation":0,"texture":"#0"},"up":{"uv":[2.0,9.625,1.8125,9.25],"tintindex":0,"rotation":0,"texture":"#0"},"down":{"uv":[2.875,9.25,2.6875,9.625],"tintindex":0,"rotation":0,"texture":"#0"}}}],"display":{"gui":{"rotation":[30,225,0]}}}