{"textures":{"0":"modelengine:entity/mec_shadow"},"elements":[{"from":[6.7114763,8.911463,6.896906],"to":[7.9614763,11.161463,7.146906],"faces":{"east":{"uv":[6.625,9.6875,6.6875,10.25],"tintindex":0,"rotation":0,"texture":"#0"},"south":{"uv":[7.6875,6.375,8.0,6.9375],"tintindex":0,"rotation":0,"texture":"#0"},"north":{"uv":[7.6875,0.375,8.0,0.9375],"tintindex":0,"rotation":0,"texture":"#0"},"west":{"uv":[9.4375,9.6875,9.5,10.25],"tintindex":0,"rotation":0,"texture":"#0"},"up":{"uv":[10.25,9.9375,9.9375,9.875],"tintindex":0,"rotation":0,"texture":"#0"},"down":{"uv":[10.3125,0.6875,10.0,0.75],"tintindex":0,"rotation":0,"texture":"#0"}},"rotation":{"origin":[7.9638424,9.436947,6.885615],"angle":-22.5,"axis":"z"}},{"from":[5.4139023,9.318171,7.146906],"to":[5.6639023,11.568171,7.646906],"faces":{"east":{"uv":[5.375,9.125,5.5,9.6875],"tintindex":0,"rotation":0,"texture":"#0"},"south":{"uv":[7.3125,9.75,7.375,10.3125],"tintindex":0,"rotation":0,"texture":"#0"},"north":{"uv":[7.125,9.75,7.1875,10.3125],"tintindex":0,"rotation":0,"texture":"#0"},"west":{"uv":[7.0625,9.1875,7.1875,9.75],"tintindex":0,"rotation":0,"texture":"#0"},"up":{"uv":[9.0625,10.375,9.0,10.25],"tintindex":0,"rotation":0,"texture":"#0"},"down":{"uv":[9.125,10.25,9.0625,10.375],"tintindex":0,"rotation":0,"texture":"#0"}},"rotation":{"origin":[6.1677303,5.75021,8.028748],"angle":-22.5,"axis":"z"}},{"from":[5.1639023,8.818171,6.896906],"to":[6.4139023,9.318171,7.896906],"faces":{"east":{"uv":[9.875,5.625,10.125,5.75],"tintindex":0,"rotation":0,"texture":"#0"},"south":{"uv":[9.625,2.875,9.9375,3.0],"tintindex":0,"rotation":0,"texture":"#0"},"north":{"uv":[9.625,2.75,9.9375,2.875],"tintindex":0,"rotation":0,"texture":"#0"},"west":{"uv":[9.875,5.75,10.125,5.875],"tintindex":0,"rotation":0,"texture":"#0"},"up":{"uv":[9.375,1.125,9.0625,0.875],"tintindex":0,"rotation":0,"texture":"#0"},"down":{"uv":[9.375,3.375,9.0625,3.625],"tintindex":0,"rotation":0,"texture":"#0"}},"rotation":{"origin":[6.1677303,5.75021,8.028748],"angle":-22.5,"axis":"z"}},{"from":[5.191669,8.365147,7.004324],"to":[6.441669,10.615147,7.754324],"faces":{"east":{"uv":[4.1875,6.6875,4.375,7.25],"tintindex":0,"rotation":0,"texture":"#0"},"south":{"uv":[4.1875,7.75,4.5,8.3125],"tintindex":0,"rotation":0,"texture":"#0"},"north":{"uv":[7.6875,6.9375,8.0,7.5],"tintindex":0,"rotation":0,"texture":"#0"},"west":{"uv":[4.8125,7.75,5.0,8.3125],"tintindex":0,"rotation":0,"texture":"#0"},"up":{"uv":[5.8125,9.6875,5.5,9.5],"tintindex":0,"rotation":0,"texture":"#0"},"down":{"uv":[6.375,9.5,6.0625,9.6875],"tintindex":0,"rotation":0,"texture":"#0"}},"rotation":{"origin":[6.1677303,5.75021,8.658747],"angle":-45.0,"axis":"z"}},{"from":[3.6912231,1.3721304,7.2780232],"to":[5.1912236,5.1221313,7.5280232],"faces":{"east":{"uv":[4.0,9.4375,4.0625,10.375],"tintindex":0,"rotation":0,"texture":"#0"},"south":{"uv":[1.5625,6.625,2.5,6.25],"tintindex":0,"rotation":90,"texture":"#0"},"north":{"uv":[5.0625,6.625,6.0,6.25],"tintindex":0,"rotation":270,"texture":"#0"},"west":{"uv":[0.5625,10.375,0.625,9.4375],"tintindex":0,"rotation":180,"texture":"#0"},"up":{"uv":[8.0625,10.375,8.125,10.0],"tintindex":0,"rotation":90,"texture":"#0"},"down":{"uv":[3.9375,10.375,4.0,10.0],"tintindex":0,"rotation":90,"texture":"#0"}},"rotation":{"origin":[4.019331,0.2983017,7.4029984],"angle":-22.5,"axis":"z"}},{"from":[3.6912231,-9.627869,7.2780232],"to":[5.1912236,-6.1278696,7.5280232],"faces":{"east":{"uv":[2.3125,9.5,2.375,10.375],"tintindex":0,"rotation":0,"texture":"#0"},"south":{"uv":[6.3125,2.0,7.1875,1.625],"tintindex":0,"rotation":90,"texture":"#0"},"north":{"uv":[6.5,4.0625,7.375,3.6875],"tintindex":0,"rotation":270,"texture":"#0"},"west":{"uv":[2.5,5.375,2.5625,4.5],"tintindex":0,"rotation":180,"texture":"#0"},"up":{"uv":[9.8125,10.375,9.875,10.0],"tintindex":0,"rotation":90,"texture":"#0"},"down":{"uv":[9.75,10.375,9.8125,10.0],"tintindex":0,"rotation":90,"texture":"#0"}},"rotation":{"origin":[4.019331,0.2983017,7.4029984],"angle":-22.5,"axis":"z"}},{"from":[2.7341166,5.0250244,7.0280232],"to":[3.4841166,8.775024,7.7780232],"faces":{"east":{"uv":[5.0,7.6875,5.1875,8.625],"tintindex":0,"rotation":0,"texture":"#0"},"south":{"uv":[7.625,1.5625,8.5625,1.375],"tintindex":0,"rotation":90,"texture":"#0"},"north":{"uv":[7.625,1.75,8.5625,1.5625],"tintindex":0,"rotation":270,"texture":"#0"},"west":{"uv":[6.5625,8.25,6.75,7.3125],"tintindex":0,"rotation":180,"texture":"#0"},"up":{"uv":[9.75,5.625,9.9375,5.4375],"tintindex":0,"rotation":90,"texture":"#0"},"down":{"uv":[9.75,5.3125,9.9375,5.125],"tintindex":0,"rotation":90,"texture":"#0"}},"rotation":{"origin":[4.019331,0.2983017,7.4029984],"angle":-22.5,"axis":"z"}},{"from":[3.6912231,-2.3778696,7.2780232],"to":[5.1912236,1.3721304,7.5280232],"faces":{"east":{"uv":[1.6875,9.5,1.75,10.4375],"tintindex":0,"rotation":0,"texture":"#0"},"south":{"uv":[6.0,6.625,6.9375,6.25],"tintindex":0,"rotation":90,"texture":"#0"},"north":{"uv":[6.25,5.5625,7.1875,5.1875],"tintindex":0,"rotation":270,"texture":"#0"},"west":{"uv":[4.0625,10.375,4.125,9.4375],"tintindex":0,"rotation":180,"texture":"#0"},"up":{"uv":[9.6875,10.375,9.75,10.0],"tintindex":0,"rotation":90,"texture":"#0"},"down":{"uv":[8.125,10.375,8.1875,10.0],"tintindex":0,"rotation":90,"texture":"#0"}},"rotation":{"origin":[4.019331,0.2983017,7.4029984],"angle":-22.5,"axis":"z"}},{"from":[3.1912231,1.3721304,7.2780232],"to":[3.6912231,5.1221313,7.5280232],"faces":{"east":{"uv":[8.8125,9.3125,8.875,10.25],"tintindex":0,"rotation":0,"texture":"#0"},"south":{"uv":[8.625,7.25,9.5625,7.125],"tintindex":0,"rotation":90,"texture":"#0"},"north":{"uv":[8.625,7.375,9.5625,7.25],"tintindex":0,"rotation":270,"texture":"#0"},"west":{"uv":[2.0625,10.1875,2.125,9.25],"tintindex":0,"rotation":180,"texture":"#0"},"up":{"uv":[10.25,1.0625,10.3125,0.9375],"tintindex":0,"rotation":90,"texture":"#0"},"down":{"uv":[10.25,0.4375,10.3125,0.3125],"tintindex":0,"rotation":90,"texture":"#0"}},"rotation":{"origin":[4.019331,0.2983017,7.4029984],"angle":-22.5,"axis":"z"}},{"from":[3.1912231,5.1221313,7.2780232],"to":[3.6912231,9.122131,7.5280232],"faces":{"east":{"uv":[2.375,8.8125,2.4375,9.8125],"tintindex":0,"rotation":0,"texture":"#0"},"south":{"uv":[8.25,8.125,9.25,8.0],"tintindex":0,"rotation":90,"texture":"#0"},"north":{"uv":[8.25,8.25,9.25,8.125],"tintindex":0,"rotation":270,"texture":"#0"},"west":{"uv":[7.3125,9.75,7.375,8.75],"tintindex":0,"rotation":180,"texture":"#0"},"up":{"uv":[10.1875,7.875,10.25,7.75],"tintindex":0,"rotation":90,"texture":"#0"},"down":{"uv":[10.1875,6.875,10.25,6.75],"tintindex":0,"rotation":90,"texture":"#0"}},"rotation":{"origin":[4.019331,0.2983017,7.4029984],"angle":-22.5,"axis":"z"}},{"from":[4.1912236,-10.127869,7.2780232],"to":[4.6912236,-9.627869,7.5280232],"faces":{"east":{"uv":[7.6875,10.25,7.75,10.375],"tintindex":0,"rotation":0,"texture":"#0"},"south":{"uv":[10.0625,9.1875,10.1875,9.0625],"tintindex":0,"rotation":90,"texture":"#0"},"north":{"uv":[10.0625,9.3125,10.1875,9.1875],"tintindex":0,"rotation":270,"texture":"#0"},"west":{"uv":[7.0,10.375,7.0625,10.25],"tintindex":0,"rotation":180,"texture":"#0"},"up":{"uv":[6.625,10.375,6.6875,10.25],"tintindex":0,"rotation":90,"texture":"#0"},"down":{"uv":[5.8125,10.375,5.875,10.25],"tintindex":0,"rotation":90,"texture":"#0"}},"rotation":{"origin":[4.019331,0.2983017,7.4029984],"angle":-22.5,"axis":"z"}},{"from":[6.4139023,8.818171,6.896906],"to":[6.6639023,11.568171,7.896906],"faces":{"east":{"uv":[5.1875,7.8125,5.4375,8.5],"tintindex":0,"rotation":0,"texture":"#0"},"south":{"uv":[1.4375,9.625,1.5,10.3125],"tintindex":0,"rotation":0,"texture":"#0"},"north":{"uv":[0.3125,9.625,0.375,10.3125],"tintindex":0,"rotation":0,"texture":"#0"},"west":{"uv":[5.4375,7.8125,5.6875,8.5],"tintindex":0,"rotation":0,"texture":"#0"},"up":{"uv":[10.1875,5.3125,10.125,5.0625],"tintindex":0,"rotation":0,"texture":"#0"},"down":{"uv":[10.1875,5.3125,10.125,5.5625],"tintindex":0,"rotation":0,"texture":"#0"}},