{"textures":{"0":"modelengine:entity/mec_shadow"},"elements":[{"from":[9.558331,8.365147,8.004324],"to":[10.808331,10.615147,8.754324],"faces":{"east":{"uv":[5.0,7.75,4.8125,8.3125],"tintindex":0,"rotation":0,"texture":"#0"},"south":{"uv":[4.5,7.75,4.1875,8.3125],"tintindex":0,"rotation":0,"texture":"#0"},"north":{"uv":[8.0,6.9375,7.6875,7.5],"tintindex":0,"rotation":0,"texture":"#0"},"west":{"uv":[4.375,6.6875,4.1875,7.25],"tintindex":0,"rotation":0,"texture":"#0"},"up":{"uv":[5.5,9.6875,5.8125,9.5],"tintindex":0,"rotation":0,"texture":"#0"},"down":{"uv":[6.0625,9.5,6.375,9.6875],"tintindex":0,"rotation":0,"texture":"#0"}},"rotation":{"origin":[9.83227,5.75021,9.658747],"angle":45.0,"axis":"z"}},{"from":[12.308777,5.1221313,8.278023],"to":[12.808777,9.122131,8.528023],"faces":{"east":{"uv":[7.375,9.75,7.3125,8.75],"tintindex":0,"rotation":180,"texture":"#0"},"south":{"uv":[8.25,8.0,9.25,8.125],"tintindex":0,"rotation":90,"texture":"#0"},"north":{"uv":[8.25,8.125,9.25,8.25],"tintindex":0,"rotation":270,"texture":"#0"},"west":{"uv":[2.4375,8.8125,2.375,9.8125],"tintindex":0,"rotation":0,"texture":"#0"},"up":{"uv":[10.1875,7.75,10.25,7.875],"tintindex":0,"rotation":90,"texture":"#0"},"down":{"uv":[10.1875,6.75,10.25,6.875],"tintindex":0,"rotation":90,"texture":"#0"}},"rotation":{"origin":[11.980669,0.2983017,8.402998],"angle":22.5,"axis":"z"}},{"from":[12.515883,5.0250244,8.028023],"to":[13.265883,8.775024,8.778023],"faces":{"east":{"uv":[6.75,8.25,6.5625,7.3125],"tintindex":0,"rotation":180,"texture":"#0"},"south":{"uv":[7.625,1.375,8.5625,1.5625],"tintindex":0,"rotation":90,"texture":"#0"},"north":{"uv":[7.625,1.5625,8.5625,1.75],"tintindex":0,"rotation":270,"texture":"#0"},"west":{"uv":[5.1875,7.6875,5.0,8.625],"tintindex":0,"rotation":0,"texture":"#0"},"up":{"uv":[9.75,5.4375,9.9375,5.625],"tintindex":0,"rotation":90,"texture":"#0"},"down":{"uv":[9.75,5.125,9.9375,5.3125],"tintindex":0,"rotation":90,"texture":"#0"}},"rotation":{"origin":[11.980669,0.2983017,8.402998],"angle":22.5,"axis":"z"}},{"from":[5.8955054,6.4510326,8.030024],"to":[6.895505,7.2010326,8.775923],"faces":{"east":{"uv":[9.875,9.4375,9.6875,9.25],"tintindex":0,"rotation":180,"texture":"#0"},"south":{"uv":[9.8125,6.0625,9.5625,5.875],"tintindex":0,"rotation":180,"texture":"#0"},"north":{"uv":[9.8125,7.3125,9.5625,7.125],"tintindex":0,"rotation":180,"texture":"#0"},"west":{"uv":[9.875,9.625,9.6875,9.4375],"tintindex":0,"rotation":180,"texture":"#0"},"up":{"uv":[0.125,9.625,0.3125,9.875],"tintindex":0,"rotation":270,"texture":"#0"},"down":{"uv":[0.875,9.875,1.0625,9.625],"tintindex":0,"rotation":90,"texture":"#0"}},"rotation":{"origin":[11.980669,0.2983017,8.402998],"angle":-22.5,"axis":"z"}},{"from":[18.17088,-7.5492134,8.277823],"to":[19.588379,-7.0492134,8.528124],"faces":{"east":{"uv":[10.3125,1.1875,10.25,1.0625],"tintindex":0,"rotation":180,"texture":"#0"},"south":{"uv":[9.9375,6.1875,9.5625,6.0625],"tintindex":0,"rotation":180,"texture":"#0"},"north":{"uv":[10.0,2.125,9.625,2.0],"tintindex":0,"rotation":180,"texture":"#0"},"west":{"uv":[10.3125,1.3125,10.25,1.1875],"tintindex":0,"rotation":180,"texture":"#0"},"up":{"uv":[10.0,7.0,10.0625,7.375],"tintindex":0,"rotation":270,"texture":"#0"},"down":{"uv":[10.0,9.0,10.0625,8.625],"tintindex":0,"rotation":90,"texture":"#0"}},"rotation":{"origin":[11.980669,0.2983017,8.402998],"angle":-22.5,"axis":"z"}},{"from":[10.336098,9.318171,8.146906],"to":[10.586098,11.568171,8.646906],"faces":{"east":{"uv":[7.1875,9.1875,7.0625,9.75],"tintindex":0,"rotation":0,"texture":"#0"},"south":{"uv":[7.375,9.75,7.3125,10.3125],"tintindex":0,"rotation":0,"texture":"#0"},"north":{"uv":[7.1875,9.75,7.125,10.3125],"tintindex":0,"rotation":0,"texture":"#0"},"west":{"uv":[5.5,9.125,5.375,9.6875],"tintindex":0,"rotation":0,"texture":"#0"},"up":{"uv":[9.0,10.375,9.0625,10.25],"tintindex":0,"rotation":0,"texture":"#0"},"down":{"uv":[9.0625,10.25,9.125,10.375],"tintindex":0,"rotation":0,"texture":"#0"}},"rotation":{"origin":[9.83227,5.75021,9.028748],"angle":22.5,"axis":"z"}},{"from":[8.038524,8.911463,7.896906],"to":[9.288524,11.161463,8.146906],"faces":{"east":{"uv":[9.5,9.6875,9.4375,10.25],"tintindex":0,"rotation":0,"texture":"#0"},"south":{"uv":[8.0,6.375,7.6875,6.9375],"tintindex":0,"rotation":0,"texture":"#0"},"north":{"uv":[8.0,0.375,7.6875,0.9375],"tintindex":0,"rotation":0,"texture":"#0"},"west":{"uv":[6.6875,9.6875,6.625,10.25],"tintindex":0,"rotation":0,"texture":"#0"},"up":{"uv":[9.9375,9.9375,10.25,9.875],"tintindex":0,"rotation":0,"texture":"#0"},"down":{"uv":[10.0,0.6875,10.3125,0.75],"tintindex":0,"rotation":0,"texture":"#0"}},"rotation":{"origin":[8.036158,9.436947,7.885615],"angle":22.5,"axis":"z"}},{"from":[10.808777,-9.627869,8.278023],"to":[12.308777,-6.1278696,8.528023],"faces":{"east":{"uv":[2.5625,5.375,2.5,4.5],"tintindex":0,"rotation":180,"texture":"#0"},"south":{"uv":[6.3125,1.625,7.1875,2.0],"tintindex":0,"rotation":90,"texture":"#0"},"north":{"uv":[6.5,3.6875,7.375,4.0625],"tintindex":0,"rotation":270,"texture":"#0"},"west":{"uv":[2.375,9.5,2.3125,10.375],"tintindex":0,"rotation":0,"texture":"#0"},"up":{"uv":[9.8125,10.0,9.875,10.375],"tintindex":0,"rotation":90,"texture":"#0"},"down":{"uv":[9.75,10.0,9.8125,10.375],"tintindex":0,"rotation":90,"texture":"#0"}},"rotation":{"origin":[11.980669,0.2983017,8.402998],"angle":22.5,"axis":"z"}},{"from":[9.586098,9.318171,8.646906],"to":[10.836098,11.568171,8.896906],"faces":{"east":{"uv":[7.125,9.75,7.0625,10.3125],"tintindex":0,"rotation":0,"texture":"#0"},"south":{"uv":[7.0625,7.75,6.75,8.3125],"tintindex":0,"rotation":0,"texture":"#0"},"north":{"uv":[4.8125,7.75,4.5,8.3125],"tintindex":0,"rotation":0,"texture":"#0"},"west":{"uv":[9.5625,9.6875,9.5,10.25],"tintindex":0,"rotation":0,"texture":"#0"},"up":{"uv":[10.0,0.8125,10.3125,0.75],"tintindex":0,"rotation":0,"texture":"#0"},"down":{"uv":[10.0,0.8125,10.3125,0.875],"tintindex":0,"rotation":0,"texture":"#0"}},"rotation":{"origin":[9.83227,5.75021,9.028748],"angle":22.5,"axis":"z"}},{"from":[11.306918,0.8931742,8.280523],"to":[11.806918,1.6431742,8.525423],"faces":{"east":{"uv":[8.8125,10.375,8.75,10.1875],"tintindex":0,"rotation":180,"texture":"#0"},"south":{"uv":[10.0625,4.3125,9.9375,4.125],"tintindex":0,"rotation":180,"texture":"#0"},"north":{"uv":[10.0625,4.5,9.9375,4.3125],"tintindex":0,"rotation":180,"texture":"#0"},"west":{"uv":[9.1875,10.375,9.125,10.1875],"tintindex":0,"rotation":180,"texture":"#0"},"up":{"uv":[10.1875,9.1875,10.25,9.3125],"tintindex":0,"rotation":270,"texture":"#0"},"down":{"uv":[10.1875,10.1875,10.25,10.0625],"tintindex":0,"rotation":90,"texture":"#0"}},"rotation":{"origin":[11.980669,0.2983017,8.402998],"angle":-22.5,"axis":"z"}},{"from":[9.836098,9.318171,8.146906],"to":[10.086098,11.568171,8.646906],"faces":{"east":{"uv":[4.0,9.125,3.875,9.6875],"tintindex":0,"rotation":0,"texture":"#0"},"south":{"uv":[5.8125,9.6875,5.75,10.25],"tintindex":0,"rotation":0,"texture":"#0"},"north":{"uv":[5.75,9.6875,5.6875,10.25],"tintindex":0,"rotation":0,"texture":"#0"},"west":{"uv":[0.875,9.125,0.75,9.6875],"tintindex":0,"rotation":0,"texture":"#0"},"up":{"uv":[8.8125,10.375,8.875,10.25],"tintindex":0,"rotation":0,"texture":"#0"},"down":{"uv":[8.9375,10.25,9.0,10.375],"tintindex":0,"rotation":0,"texture":"#0"}},"rotation":{"origin":[9.83227,5.75021,9.028748],"angle":22.5,"axis":"z"}},{"from":[10.836098,8.818171,7.896906],"to":[11.086098,11.568171,8.896906],"faces":{"east":{"uv":[3.6875,7.8125,3.4375,8.5],"tintindex":0,"rotation":0,"texture":"#0"},"south":{"uv":[7.0625,9.5625,7.0,10.25],"tintindex":0,"rotation":0,"texture":"#0"},"north":{"uv":[4.4375,2.75,4.375,3.4375],"tintindex":0,"rotation":0,"texture":"#0"},"west":{"uv":[3.4375,7.8125,3.1875,8.5],"tintindex":0,"rotation":0,"texture":"#0"},"up":{"uv":[10.125,3.9375,10.1875,3.6875],"tintindex":0,"rotation":0,"texture":"#0"},"down":{"uv":[10.125,4.8125,10.1875,5.0625],"tintindex":0,"rotation":0,"texture":"#0"}},"rotation":{"origin":[9.83227,5.75021,9.028748],"angle":22.5,