{"textures":{"0":"modelengine:entity/mec_shadow"},"elements":[{"from":[6.84,4.6000004,9.985001],"to":[8.84,8.599998,12.014999],"faces":{"east":{"uv":[10.0,0.6875,9.875,0.9375],"tintindex":0,"rotation":0,"texture":"#0"},"south":{"uv":[9.375,9.875,9.25,10.125],"tintindex":0,"rotation":0,"texture":"#0"},"north":{"uv":[4.25,9.875,4.125,10.125],"tintindex":0,"rotation":0,"texture":"#0"},"west":{"uv":[8.3125,9.875,8.1875,10.125],"tintindex":0,"rotation":0,"texture":"#0"},"up":{"uv":[10.125,1.4375,10.25,1.3125],"tintindex":0,"rotation":0,"texture":"#0"},"down":{"uv":[10.125,1.4375,10.25,1.5625],"tintindex":0,"rotation":0,"texture":"#0"}}},{"from":[6.84,4.16,7.3050003],"to":[8.84,8.16,9.335],"faces":{"east":{"uv":[9.9375,0.3125,9.8125,0.5625],"tintindex":0,"rotation":0,"texture":"#0"},"south":{"uv":[9.25,9.8125,9.125,10.0625],"tintindex":0,"rotation":0,"texture":"#0"},"north":{"uv":[9.0,9.8125,8.875,10.0625],"tintindex":0,"rotation":0,"texture":"#0"},"west":{"uv":[9.125,9.8125,9.0,10.0625],"tintindex":0,"rotation":0,"texture":"#0"},"up":{"uv":[9.25,10.25,9.375,10.125],"tintindex":0,"rotation":0,"texture":"#0"},"down":{"uv":[9.5625,10.125,9.6875,10.25],"tintindex":0,"rotation":0,"texture":"#0"}}},{"from":[6.84,4.6000004,4.625],"to":[8.84,8.599998,6.655],"faces":{"east":{"uv":[2.8125,9.875,2.6875,10.125],"tintindex":0,"rotation":0,"texture":"#0"},"south":{"uv":[1.0,9.875,0.875,10.125],"tintindex":0,"rotation":0,"texture":"#0"},"north":{"uv":[9.9375,7.125,9.8125,7.375],"tintindex":0,"rotation":0,"texture":"#0"},"west":{"uv":[0.25,9.875,0.125,10.125],"tintindex":0,"rotation":0,"texture":"#0"},"up":{"uv":[10.125,0.5,10.25,0.375],"tintindex":0,"rotation":0,"texture":"#0"},"down":{"uv":[10.125,0.9375,10.25,1.0625],"tintindex":0,"rotation":0,"texture":"#0"}}}],"display":{"gui":{"rotation":[30,225,0]}}}