{"textures":{"0":"modelengine:entity/mec_shadow"},"elements":[{"from":[6.681305,-0.5940819,8.745777],"to":[9.361305,10.405918,12.4257765],"faces":{"east":{"uv":[7.0625,7.75,7.3125,8.4375],"tintindex":0,"rotation":0,"texture":"#0"},"south":{"uv":[6.3125,8.4375,6.5,9.125],"tintindex":0,"rotation":0,"texture":"#0"},"north":{"uv":[7.8125,8.125,8.0,8.8125],"tintindex":0,"rotation":0,"texture":"#0"},"west":{"uv":[7.3125,7.75,7.5625,8.4375],"tintindex":0,"rotation":0,"texture":"#0"},"up":{"uv":[9.0625,9.8125,8.875,9.5625],"tintindex":0,"rotation":0,"texture":"#0"},"down":{"uv":[9.25,9.5625,9.0625,9.8125],"tintindex":0,"rotation":0,"texture":"#0"}},"rotation":{"origin":[8.021305,1.9059181,10.745777],"angle":-22.5,"axis":"x"}}],"display":{"gui":{"rotation":[30,225,0]}}}