{"textures":{"0":"modelengine:entity/mec_shadow"},"elements":[{"from":[5.5,1.7073593,10.803778],"to":[6.5,10.707359,14.803778],"faces":{"east":{"uv":[1.5625,8.125,1.3125,8.6875],"tintindex":0,"rotation":0,"texture":"#0"},"south":{"uv":[1.6875,9.6875,1.625,10.25],"tintindex":0,"rotation":0,"texture":"#0"},"north":{"uv":[8.8125,9.625,8.75,10.1875],"tintindex":0,"rotation":0,"texture":"#0"},"west":{"uv":[8.3125,0.5625,8.0625,1.125],"tintindex":0,"rotation":0,"texture":"#0"},"up":{"uv":[10.0625,5.3125,10.125,5.0625],"tintindex":0,"rotation":0,"texture":"#0"},"down":{"uv":[10.0625,5.3125,10.125,5.5625],"tintindex":0,"rotation":0,"texture":"#0"}},"rotation":{"origin":[8.0,6.2073593,13.178778],"angle":22.5,"axis":"x"}},{"from":[4.036342,11.948811,7.928986],"to":[5.0363417,12.948811,13.928986],"faces":{"east":{"uv":[10.125,6.9375,9.75,7.0],"tintindex":0,"rotation":0,"texture":"#0"},"south":{"uv":[10.3125,4.25,10.25,4.3125],"tintindex":0,"rotation":0,"texture":"#0"},"north":{"uv":[10.3125,4.1875,10.25,4.25],"tintindex":0,"rotation":0,"texture":"#0"},"west":{"uv":[10.125,1.9375,9.75,2.0],"tintindex":0,"rotation":0,"texture":"#0"},"up":{"uv":[8.625,10.3125,8.6875,9.9375],"tintindex":0,"rotation":0,"texture":"#0"},"down":{"uv":[8.6875,9.9375,8.75,10.3125],"tintindex":0,"rotation":0,"texture":"#0"}}},{"from":[5.5363417,-5.828083,-4.908249],"to":[10.536342,0.17191696,-3.6282501],"faces":{"east":{"uv":[4.9375,9.9375,4.875,10.3125],"tintindex":0,"rotation":0,"texture":"#0"},"south":{"uv":[2.125,8.625,1.8125,9.0],"tintindex":0,"rotation":0,"texture":"#0"},"north":{"uv":[2.8125,5.875,2.5,6.25],"tintindex":0,"rotation":0,"texture":"#0"},"west":{"uv":[4.875,9.9375,4.8125,10.3125],"tintindex":0,"rotation":0,"texture":"#0"},"up":{"uv":[7.0625,3.6875,7.375,3.625],"tintindex":0,"rotation":0,"texture":"#0"},"down":{"uv":[4.6875,7.1875,5.0,7.25],"tintindex":0,"rotation":0,"texture":"#0"}},"rotation":{"origin":[8.036342,-5.828083,-3.908249],"angle":22.5,"axis":"x"}},{"from":[4.536342,-8.515186,-3.2011433],"to":[11.536342,-3.5151863,1.7988572],"faces":{"east":{"uv":[3.3125,8.8125,3.0,9.125],"tintindex":0,"rotation":0,"texture":"#0"},"south":{"uv":[8.875,2.0,8.4375,2.3125],"tintindex":0,"rotation":0,"texture":"#0"},"north":{"uv":[7.375,8.4375,6.9375,8.75],"tintindex":0,"rotation":0,"texture":"#0"},"west":{"uv":[3.0,8.8125,2.6875,9.125],"tintindex":0,"rotation":0,"texture":"#0"},"up":{"uv":[8.4375,4.6875,8.875,4.375],"tintindex":0,"rotation":0,"texture":"#0"},"down":{"uv":[2.6875,8.5,3.125,8.8125],"tintindex":0,"rotation":0,"texture":"#0"}},"rotation":{"origin":[7.5363417,-6.0151863,0.2988572],"angle":45.0,"axis":"x"}},{"from":[7.516342,-3.6631012,6.6945896],"to":[8.516342,4.336899,7.6945896],"faces":{"east":{"uv":[6.5625,9.8125,6.5,10.3125],"tintindex":0,"rotation":0,"texture":"#0"},"south":{"uv":[5.6875,9.8125,5.625,10.3125],"tintindex":0,"rotation":0,"texture":"#0"},"north":{"uv":[3.1875,8.0,3.125,8.5],"tintindex":0,"rotation":0,"texture":"#0"},"west":{"uv":[5.625,9.8125,5.5625,10.3125],"tintindex":0,"rotation":0,"texture":"#0"},"up":{"uv":[10.25,3.75,10.3125,3.6875],"tintindex":0,"rotation":0,"texture":"#0"},"down":{"uv":[10.25,3.75,10.3125,3.8125],"tintindex":0,"rotation":0,"texture":"#0"}},"rotation":{"origin":[10.016342,-0.1631012,2.1945896],"angle":22.5,"axis":"x"}},{"from":[6.0,-0.2631035,0.60458946],"to":[10.0,16.736897,4.6045895],"faces":{"east":{"uv":[5.25,6.625,5.0,7.6875],"tintindex":0,"rotation":0,"texture":"#0"},"south":{"uv":[2.4375,6.625,2.1875,7.6875],"tintindex":0,"rotation":0,"texture":"#0"},"north":{"uv":[0.5625,6.0,0.3125,7.0625],"tintindex":0,"rotation":0,"texture":"#0"},"west":{"uv":[2.1875,6.625,1.9375,7.6875],"tintindex":0,"rotation":0,"texture":"#0"},"up":{"uv":[9.1875,4.5,9.4375,4.25],"tintindex":0,"rotation":0,"texture":"#0"},"down":{"uv":[4.3125,9.25,4.5625,9.5],"tintindex":0,"rotation":0,"texture":"#0"}},"rotation":{"origin":[8.5,5.2368965,0.10458946],"angle":22.5,"axis":"x"}},{"from":[6.5,9.707359,10.803778],"to":[9.5,10.707359,14.803778],"faces":{"east":{"uv":[9.875,4.9375,9.625,5.0],"tintindex":0,"rotation":0,"texture":"#0"},"south":{"uv":[10.375,0.5625,10.1875,0.625],"tintindex":0,"rotation":0,"texture":"#0"},"north":{"uv":[10.375,0.0625,10.1875,0.125],"tintindex":0,"rotation":0,"texture":"#0"},"west":{"uv":[9.8125,7.3125,9.5625,7.375],"tintindex":0,"rotation":0,"texture":"#0"},"up":{"uv":[9.5625,1.3125,9.75,1.0625],"tintindex":0,"rotation":0,"texture":"#0"},"down":{"uv":[9.5625,1.75,9.75,2.0],"tintindex":0,"rotation":0,"texture":"#0"}},"rotation":{"origin":[8.0,6.2073593,13.178778],"angle":22.5,"axis":"x"}},{"from":[5.5,-7.2631035,0.28458977],"to":[10.5,7.7368965,6.28459],"faces":{"east":{"uv":[0.9375,5.875,0.5625,6.8125],"tintindex":0,"rotation":0,"texture":"#0"},"south":{"uv":[4.6875,6.3125,4.375,7.25],"tintindex":0,"rotation":0,"texture":"#0"},"north":{"uv":[0.3125,6.0,0.0,6.9375],"tintindex":0,"rotation":0,"texture":"#0"},"west":{"uv":[3.1875,5.375,2.8125,6.3125],"tintindex":0,"rotation":0,"texture":"#0"},"up":{"uv":[8.0,9.0,8.3125,8.625],"tintindex":0,"rotation":0,"texture":"#0"},"down":{"uv":[8.3125,8.625,8.625,9.0],"tintindex":0,"rotation":0,"texture":"#0"}},"rotation":{"origin":[9.0,0.23689651,1.7845898],"angle":22.5,"axis":"x"}},{"from":[5.0,8.484814,2.7988572],"to":[11.0,14.484814,10.798857],"faces":{"east":{"uv":[7.8125,0.0,7.3125,0.375],"tintindex":0,"rotation":0,"texture":"#0"},"south":{"uv":[8.375,5.0625,8.0,5.4375],"tintindex":0,"rotation":0,"texture":"#0"},"north":{"uv":[8.1875,2.5,7.8125,2.875],"tintindex":0,"rotation":0,"texture":"#0"},"west":{"uv":[5.0,0.875,4.5,1.25],"tintindex":0,"rotation":0,"texture":"#0"},"up":{"uv":[4.625,7.75,5.0,7.25],"tintindex":0,"rotation":0,"texture":"#0"},"down":{"uv":[3.8125,7.375,4.1875,7.875],"tintindex":0,"rotation":0,"texture":"#0"}},"rotation":{"origin":[7.0,6.9848137,7.298857],"angle":22.5,"axis":"x"}},{"from":[11.036342,12.056004,13.53212],"to":[12.036342,13.056004,17.53212],"faces":{"east":{"uv":[10.25,2.25,10.0,2.3125],"tintindex":0,"rotation":0,"texture":"#0"},"south":{"uv":[10.3125,4.0,10.25,4.0625],"tintindex":0,"rotation":0,"texture":"#0"},"north":{"uv":[10.3125,3.9375,10.25,4.0],"tintindex":0,"rotation":0,"texture":"#0"},"west":{"uv":[10.25,2.0625,10.0,2.125],"tintindex":0,"rotation":0,"texture":"#0"},"up":{"uv":[10.0625,6.625,10.125,6.375],"tintindex":0,"rotation":0,"texture":"#0"},"down":{"uv":[10.0625,7.0,10.125,7.25],"tintindex":0,"rotation":0,"texture":"#0"}},"rotation":{"origin":[8.036342,13.0,14.0],"angle":-22.5,"axis":"x"}},{"from":[7.0363417,-7.663101,6.134589],"to":[9.036342,-1.6631012,8.13459],"faces":{"east":{"uv":[0.125,9.625,0.0,10.0],"tintindex":0,"rotation":0,"texture":"#0"},"south":{"uv":[9.6875,9.5625,9.5625,9.9375],"tintindex":0,"rotation":0,"texture":"#0"},"north":{"uv":[3.6875,1.25,3.5625,1.625],"tintindex":0,"rotation":0,"texture":"#0"},"west":{"uv":[6.9375,5.875,6.8125,6.25],"tintindex":0,"rotation":0,"texture":"#0"},"up":{"uv":[10.0625,4.25,10.1875,4.125],"tintindex":0,"rotation":0,"texture":"#0"},"down":{"uv":[10.0625,4.25,10.1875,4.375],"tintindex":0,"rotation":0,"texture":"#0"}},"rotation":{"origin":[9.536342,-0.1631012,1.6345892],"angle":22.5,"axis":"x"}},{"from":[5.978695,-11.515188,-3.6782494],"to":[9.978695,-8.515186,5.3217506],"faces":{"east":{"uv":[6.25,5.1875,5.6875,5.375],"tintindex":0,"rotation":0,"texture":"#0"},"south":{"uv":[9.75,6.8125,9.5,7.0],"tintindex":0,"rotation":0,"texture":"#0"},"north":{"uv":[9.75,5.5,9.5,5.6875],"tintindex":0,"rotation":0,"texture":"#0"},"west":{"uv":[4.25,2.75,3.6875,2.9375],"tintindex":0,"rotation":0,"texture":"#0"},"up":{"uv":[1.5625,8.6875,1.8125,8.125],"tintindex":0,"rotation":0,"texture":"#0"},"down":{"uv":[7.5625,8.125,7.8125,8.6875],"tintindex":0,"rotation":0,"texture":"#0"}},"rotation":{"origin":[7.978695,-9.515188,2.3217506],"angle":22.5,"axis":"x"}},{"from":[7.0363417,2.3368988,6.134589],"to":[9.036342,6.336899,8.13459],"faces":{"east":{"uv":[8.5,9.8125,8.375,10.0625],"tintindex":0,"rotation":0,