{"textures":{"0":"modelengine:entity/mec_shadow"},"elements":[{"from":[6.978695,-10.801941,12.926001],"to":[8.978695,-3.80194,14.926],"faces":{"east":{"uv":[2.8125,8.0625,2.6875,8.5],"tintindex":0,"rotation":0,"texture":"#0"},"south":{"uv":[2.9375,7.5625,2.8125,8.0],"tintindex":0,"rotation":0,"texture":"#0"},"north":{"uv":[4.5,0.0,4.375,0.4375],"tintindex":0,"rotation":0,"texture":"#0"},"west":{"uv":[1.9375,7.1875,1.8125,7.625],"tintindex":0,"rotation":0,"texture":"#0"},"up":{"uv":[10.0625,2.75,10.1875,2.625],"tintindex":0,"rotation":0,"texture":"#0"},"down":{"uv":[10.0625,2.75,10.1875,2.875],"tintindex":0,"rotation":0,"texture":"#0"}},"rotation":{"origin":[7.478695,-6.80194,13.426001],"angle":22.5,"axis":"x"}},{"from":[5.9586945,2.1650343,16.74728],"to":[9.958694,11.165033,18.74728],"faces":{"east":{"uv":[0.75,9.125,0.625,9.6875],"tintindex":0,"rotation":0,"texture":"#0"},"south":{"uv":[8.25,6.375,8.0,6.9375],"tintindex":0,"rotation":0,"texture":"#0"},"north":{"uv":[8.25,0.0,8.0,0.5625],"tintindex":0,"rotation":0,"texture":"#0"},"west":{"uv":[6.875,8.9375,6.75,9.5],"tintindex":0,"rotation":0,"texture":"#0"},"up":{"uv":[6.0,9.9375,6.25,9.8125],"tintindex":0,"rotation":0,"texture":"#0"},"down":{"uv":[6.25,9.8125,6.5,9.9375],"tintindex":0,"rotation":0,"texture":"#0"}}},{"from":[6.978695,1.5180597,12.926001],"to":[8.978695,3.5180607,14.926],"faces":{"east":{"uv":[10.1875,10.0625,10.0625,10.1875],"tintindex":0,"rotation":0,"texture":"#0"},"south":{"uv":[10.0625,10.0625,9.9375,10.1875],"tintindex":0,"rotation":0,"texture":"#0"},"north":{"uv":[9.0625,10.0625,8.9375,10.1875],"tintindex":0,"rotation":0,"texture":"#0"},"west":{"uv":[9.1875,10.0625,9.0625,10.1875],"tintindex":0,"rotation":0,"texture":"#0"},"up":{"uv":[10.0625,0.125,10.1875,0.0],"tintindex":0,"rotation":0,"texture":"#0"},"down":{"uv":[10.0625,0.5625,10.1875,0.6875],"tintindex":0,"rotation":0,"texture":"#0"}},"rotation":{"origin":[7.478695,-6.80194,13.426001],"angle":22.5,"axis":"x"}},{"from":[5.478695,1.6792479,10.04596],"to":[10.478695,5.679247,15.04596],"faces":{"east":{"uv":[2.125,9.0,1.8125,9.25],"tintindex":0,"rotation":0,"texture":"#0"},"south":{"uv":[9.25,8.625,8.9375,8.875],"tintindex":0,"rotation":0,"texture":"#0"},"north":{"uv":[9.25,8.9375,8.9375,9.1875],"tintindex":0,"rotation":0,"texture":"#0"},"west":{"uv":[9.25,0.0,8.9375,0.25],"tintindex":0,"rotation":0,"texture":"#0"},"up":{"uv":[8.75,6.875,9.0625,6.5625],"tintindex":0,"rotation":0,"texture":"#0"},"down":{"uv":[8.75,7.625,9.0625,7.9375],"tintindex":0,"rotation":0,"texture":"#0"}},"rotation":{"origin":[7.978695,3.679247,12.545959],"angle":22.5,"axis":"x"}},{"from":[6.978695,5.9992466,16.72596],"to":[8.978695,9.999247,18.72596],"faces":{"east":{"uv":[5.5625,9.8125,5.4375,10.0625],"tintindex":0,"rotation":0,"texture":"#0"},"south":{"uv":[5.4375,9.8125,5.3125,10.0625],"tintindex":0,"rotation":0,"texture":"#0"},"north":{"uv":[4.6875,9.8125,4.5625,10.0625],"tintindex":0,"rotation":0,"texture":"#0"},"west":{"uv":[5.3125,9.8125,5.1875,10.0625],"tintindex":0,"rotation":0,"texture":"#0"},"up":{"uv":[10.0,3.8125,10.125,3.6875],"tintindex":0,"rotation":0,"texture":"#0"},"down":{"uv":[10.0,9.3125,10.125,9.4375],"tintindex":0,"rotation":0,"texture":"#0"}},"rotation":{"origin":[10.478695,9.499247,16.22596],"angle":45.0,"axis":"x"}},{"from":[7.478695,-4.64194,13.446],"to":[8.478695,1.3580599,14.446],"faces":{"east":{"uv":[0.5625,9.9375,0.5,10.3125],"tintindex":0,"rotation":0,"texture":"#0"},"south":{"uv":[0.5,9.9375,0.4375,10.3125],"tintindex":0,"rotation":0,"texture":"#0"},"north":{"uv":[7.625,7.75,7.5625,8.125],"tintindex":0,"rotation":0,"texture":"#0"},"west":{"uv":[8.0625,0.5625,8.0,0.9375],"tintindex":0,"rotation":0,"texture":"#0"},"up":{"uv":[10.25,3.625,10.3125,3.5625],"tintindex":0,"rotation":0,"texture":"#0"},"down":{"uv":[10.25,3.625,10.3125,3.6875],"tintindex":0,"rotation":0,"texture":"#0"}},"rotation":{"origin":[6.978695,-6.80194,13.946],"angle":22.5,"axis":"x"}},{"from":[8.978695,-11.82,6.5200253],"to":[10.618695,-10.18,10.920025],"faces":{"east":{"uv":[10.0,3.6875,9.75,3.8125],"tintindex":0,"rotation":0,"texture":"#0"},"south":{"uv":[7.5,9.375,7.375,9.5],"tintindex":0,"rotation":0,"texture":"#0"},"north":{"uv":[9.0625,7.5,8.9375,7.625],"tintindex":0,"rotation":0,"texture":"#0"},"west":{"uv":[9.9375,7.8125,9.6875,7.9375],"tintindex":0,"rotation":0,"texture":"#0"},"up":{"uv":[4.3125,10.0625,4.4375,9.8125],"tintindex":0,"rotation":0,"texture":"#0"},"down":{"uv":[4.4375,9.8125,4.5625,10.0625],"tintindex":0,"rotation":0,"texture":"#0"}},"rotation":{"origin":[8.498694,-11.0,11.000025],"angle":45.0,"axis":"x"}},{"from":[5.978695,-2.64194,5.606],"to":[9.978695,2.35806,10.606],"faces":{"east":{"uv":[9.0625,4.8125,8.75,5.125],"tintindex":0,"rotation":0,"texture":"#0"},"south":{"uv":[4.5625,8.9375,4.3125,9.25],"tintindex":0,"rotation":0,"texture":"#0"},"north":{"uv":[7.4375,5.5625,7.1875,5.875],"tintindex":0,"rotation":0,"texture":"#0"},"west":{"uv":[9.0625,3.3125,8.75,3.625],"tintindex":0,"rotation":0,"texture":"#0"},"up":{"uv":[5.625,9.25,5.875,8.9375],"tintindex":0,"rotation":0,"texture":"#0"},"down":{"uv":[6.5,8.9375,6.75,9.25],"tintindex":0,"rotation":0,"texture":"#0"}},"rotation":{"origin":[7.478695,-6.64194,6.106],"angle":22.5,"axis":"x"}},{"from":[6.478695,-8.801941,5.926],"to":[9.478695,-2.80194,8.926],"faces":{"east":{"uv":[6.0625,8.9375,5.875,9.3125],"tintindex":0,"rotation":0,"texture":"#0"},"south":{"uv":[8.0,0.0,7.8125,0.375],"tintindex":0,"rotation":0,"texture":"#0"},"north":{"uv":[2.9375,3.0625,2.75,3.4375],"tintindex":0,"rotation":0,"texture":"#0"},"west":{"uv":[2.75,4.0,2.5625,4.375],"tintindex":0,"rotation":0,"texture":"#0"},"up":{"uv":[9.6875,2.625,9.875,2.4375],"tintindex":0,"rotation":0,"texture":"#0"},"down":{"uv":[9.6875,3.3125,9.875,3.5],"tintindex":0,"rotation":0,"texture":"#0"}},"rotation":{"origin":[7.978695,-6.80194,6.426],"angle":22.5,"axis":"x"}},{"from":[6.478695,2.35806,6.606],"to":[9.478695,4.358061,9.606],"faces":{"east":{"uv":[6.1875,9.9375,6.0,10.0625],"tintindex":0,"rotation":0,"texture":"#0"},"south":{"uv":[10.0625,9.75,9.875,9.875],"tintindex":0,"rotation":0,"texture":"#0"},"north":{"uv":[6.6875,4.0625,6.5,4.1875],"tintindex":0,"rotation":0,"texture":"#0"},"west":{"uv":[10.0625,9.625,9.875,9.75],"tintindex":0,"rotation":0,"texture":"#0"},"up":{"uv":[8.1875,6.0,8.375,5.8125],"tintindex":0,"rotation":0,"texture":"#0"},"down":{"uv":[8.375,5.25,8.5625,5.4375],"tintindex":0,"rotation":0,"texture":"#0"}},"rotation":{"origin":[6.978695,-6.64194,6.106],"angle":22.5,"axis":"x"}},{"from":[4.478342,4.4418163,10.714094],"to":[11.478342,9.441816,15.714094],"faces":{"east":{"uv":[3.9375,8.8125,3.625,9.125],"tintindex":0,"rotation":0,"texture":"#0"},"south":{"uv":[4.0,8.5,3.5625,8.8125],"tintindex":0,"rotation":0,"texture":"#0"},"north":{"uv":[3.5625,8.5,3.125,8.8125],"tintindex":0,"rotation":0,"texture":"#0"},"west":{"uv":[3.625,8.8125,3.3125,9.125],"tintindex":0,"rotation":0,"texture":"#0"},"up":{"uv":[5.1875,8.8125,5.625,8.5],"tintindex":0,"rotation":0,"texture":"#0"},"down":{"uv":[8.5625,1.375,9.0,1.6875],"tintindex":0,"rotation":0,"texture":"#0"}}},{"from":[6.478695,9.63726,8.0964],"to":[9.478695,11.63726,13.096399],"faces":{"east":{"uv":[9.9375,2.125,9.625,2.25],"tintindex":0,"rotation":0,"texture":"#0"},"south":{"uv":[10.125,9.9375,9.9375,10.0625],"tintindex":0,"rotation":0,"texture":"#0"},"north":{"uv":[6.375,9.9375,6.1875,10.0625],"tintindex":0,"rotation":0,"texture":"#0"},"west":{"uv":[0.3125,6.9375,0.0,7.0625],"tintindex":0,"rotation":0,"texture":"#0"},"up":{"uv":[7.6875,4.4375,7.875,4.125],"tintindex":0,"rotation":0,"texture":"#0"},"down":{"uv":[3.25,9.3125,3.4375,9.625],"tintindex":0,"rotation":0,"texture":"#0"}},"rotation":{"origin":[7.978695,11.13726,11.096399],"angle":-22.5,"axis":"x"}},{"from":[5.978695,5.59791,7.7340946],"to":[9.978695,9.59791,13.734095],"faces":{"east":{"uv":[9.125,6.875,8.75,7.125],"tintindex":0,"rotation":0,"texture":"#0"},"south":{"uv":[9.4375,2.0,9.1875,2.25],"tintindex":0,