{"textures":{"0":"modelengine:entity/mec_shadow"},"elements":[{"from":[5.536342,7.735409,4.6321387],"to":[12.536343,11.735409,8.632139],"faces":{"east":{"uv":[5.625,9.25,5.875,9.5],"tintindex":0,"rotation":0,"texture":"#0"},"south":{"uv":[8.625,8.25,9.0625,8.5],"tintindex":0,"rotation":0,"texture":"#0"},"north":{"uv":[6.75,1.375,7.1875,1.625],"tintindex":0,"rotation":0,"texture":"#0"},"west":{"uv":[6.0625,9.25,6.3125,9.5],"tintindex":0,"rotation":0,"texture":"#0"},"up":{"uv":[1.6875,8.9375,1.25,8.6875],"tintindex":0,"rotation":0,"texture":"#0"},"down":{"uv":[4.5625,8.6875,4.125,8.9375],"tintindex":0,"rotation":0,"texture":"#0"}},"rotation":{"origin":[3.5363421,6.735409,4.6321387],"angle":45.0,"axis":"x"}}],"display":{"gui":{"rotation":[30,225,0]}}}