{"elements":[{"from":[10.905569,-4.155034,5.322871],"to":[16.404312,-1.4056616,10.821614],"rotation":{"angle":-22.5,"axis":"z","origin":[35.077126,17.041574,-0.6341009]},"faces":{"east":{"uv":[5.5625,5.0,5.9375,5.25],"rotation":0,"texture":"#0","tintindex":0},"south":{"uv":[6.6875,5.0,7.0625,5.25],"rotation":0,"texture":"#0","tintindex":0},"north":{"uv":[5.9375,5.0,6.3125,5.25],"rotation":0,"texture":"#0","tintindex":0},"west":{"uv":[6.3125,5.0,6.6875,5.25],"rotation":0,"texture":"#0","tintindex":0},"up":{"uv":[6.3125,5.0,5.9375,4.625],"rotation":0,"texture":"#0","tintindex":0},"down":{"uv":[6.6875,4.625,6.3125,5.0],"rotation":0,"texture":"#0","tintindex":0}}},{"from":[9.989112,-12.403149,4.406414],"to":[17.32077,-4.155034,11.738071],"rotation":{"angle":-22.5,"axis":"z","origin":[35.077126,17.041574,-0.6341009]},"faces":{"east":{"uv":[2.875,1.375,3.375,1.875],"rotation":0,"texture":"#0","tintindex":0},"south":{"uv":[4.375,1.375,4.875,1.875],"rotation":0,"texture":"#0","tintindex":0},"north":{"uv":[3.375,1.375,3.875,1.875],"rotation":0,"texture":"#0","tintindex":0},"west":{"uv":[3.875,1.375,4.375,1.875],"rotation":0,"texture":"#0","tintindex":0},"up":{"uv":[3.875,1.375,3.375,0.875],"rotation":0,"texture":"#0","tintindex":0},"down":{"uv":[4.375,0.875,3.875,1.375],"rotation":0,"texture":"#0","tintindex":0}}},{"from":[10.905569,-15.152519,5.322871],"to":[16.404312,-12.403149,10.821614],"rotation":{"angle":-22.5,"axis":"z","origin":[35.077126,17.041574,-0.6341009]},"faces":{"east":{"uv":[6.125,3.3125,6.5,3.5],"rotation":0,"texture":"#0","tintindex":0},"south":{"uv":[7.25,3.3125,7.625,3.5],"rotation":0,"texture":"#0","tintindex":0},"north":{"uv":[6.5,3.3125,6.875,3.5],"rotation":0,"texture":"#0","tintindex":0},"west":{"uv":[6.875,3.3125,7.25,3.5],"rotation":0,"texture":"#0","tintindex":0},"up":{"uv":[6.875,3.3125,6.5,2.9375],"rotation":0,"texture":"#0","tintindex":0},"down":{"uv":[7.25,2.9375,6.875,3.3125],"rotation":0,"texture":"#0","tintindex":0}}}],"textures":{"0":"modelengine:entity/raidrobot1"},"display":{"head":{"translation":[0.0,-6.4,0.0],"scale":[4.0,4.0,4.0]}}}