{"elements":[{"from":[-12.033728,0.549212,4.1207],"to":[-4.7020693,6.047955,11.452357],"rotation":{"angle":-22.5,"axis":"z","origin":[8.013774,-27.742867,-0.0033569336]},"faces":{"east":{"uv":[2.0,3.6875,2.5,4.0625],"rotation":0,"texture":"#0","tintindex":0},"south":{"uv":[3.5,3.6875,4.0,4.0625],"rotation":0,"texture":"#0","tintindex":0},"north":{"uv":[2.5,3.6875,3.0,4.0625],"rotation":0,"texture":"#0","tintindex":0},"west":{"uv":[3.0,3.6875,3.5,4.0625],"rotation":0,"texture":"#0","tintindex":0},"up":{"uv":[3.0,3.6875,2.5,3.1875],"rotation":0,"texture":"#0","tintindex":0},"down":{"uv":[3.5,3.1875,3.0,3.6875],"rotation":0,"texture":"#0","tintindex":0}}},{"from":[-1.5738163,9.827124,5.037157],"to":[4.1540413,13.492952,10.5359],"rotation":{"angle":-45.0,"axis":"z","origin":[-1.1370564,12.446789,7.7865286]},"faces":{"east":{"uv":[0.0,6.1875,0.375,6.4375],"rotation":0,"texture":"#0","tintindex":0},"south":{"uv":[1.125,6.1875,1.5,6.4375],"rotation":0,"texture":"#0","tintindex":0},"north":{"uv":[0.375,6.1875,0.75,6.4375],"rotation":0,"texture":"#0","tintindex":0},"west":{"uv":[0.75,6.1875,1.125,6.4375],"rotation":0,"texture":"#0","tintindex":0},"up":{"uv":[0.75,6.1875,0.375,5.8125],"rotation":0,"texture":"#0","tintindex":0},"down":{"uv":[1.125,5.8125,0.75,6.1875],"rotation":0,"texture":"#0","tintindex":0}}},{"from":[3.0024824,-14.236063,5.495385],"to":[7.584769,-2.3221197,10.077671],"rotation":{"angle":-22.5,"axis":"z","origin":[26.715813,4.2111735,-0.91981506]},"faces":{"east":{"uv":[4.625,5.3125,4.9375,6.125],"rotation":0,"texture":"#0","tintindex":0},"south":{"uv":[5.5625,5.3125,5.875,6.125],"rotation":0,"texture":"#0","tintindex":0},"north":{"uv":[4.9375,5.3125,5.25,6.125],"rotation":0,"texture":"#0","tintindex":0},"west":{"uv":[5.25,5.3125,5.5625,6.125],"rotation":0,"texture":"#0","tintindex":0},"up":{"uv":[5.25,5.3125,4.9375,5.0],"rotation":0,"texture":"#0","tintindex":0},"down":{"uv":[5.5625,5.0,5.25,5.3125],"rotation":0,"texture":"#0","tintindex":0}}}],"textures":{"0":"modelengine:entity/raidrobot1"},"display":{"head":{"translation":[0.0,-6.4,0.0],"scale":[4.0,4.0,4.0]}}}