{"textures":{"0":"modelengine:entity/raidrobot1"},"elements":[{"from":[2.7381248,16.458672,11.4827],"to":[6.747625,23.074347,15.4922],"faces":{"east":{"uv":[4.9375,6.625,5.25,7.125],"tintindex":0,"rotation":0,"texture":"#0"},"south":{"uv":[5.875,6.625,6.1875,7.125],"tintindex":0,"rotation":0,"texture":"#0"},"north":{"uv":[5.25,6.625,5.5625,7.125],"tintindex":0,"rotation":0,"texture":"#0"},"west":{"uv":[5.5625,6.625,5.875,7.125],"tintindex":0,"rotation":0,"texture":"#0"},"up":{"uv":[5.5625,6.625,5.25,6.3125],"tintindex":0,"rotation":0,"texture":"#0"},"down":{"uv":[5.875,6.3125,5.5625,6.625],"tintindex":0,"rotation":0,"texture":"#0"}}},{"from":[1.0836124,14.867847,4.065125],"to":[14.916388,24.691122,12.485075],"faces":{"east":{"uv":[0.0,0.625,0.625,1.375],"tintindex":0,"rotation":0,"texture":"#0"},"south":{"uv":[2.3125,0.625,3.375,1.375],"tintindex":0,"rotation":0,"texture":"#0"},"north":{"uv":[0.625,0.625,1.6875,1.375],"tintindex":0,"rotation":0,"texture":"#0"},"west":{"uv":[1.6875,0.625,2.3125,1.375],"tintindex":0,"rotation":0,"texture":"#0"},"up":{"uv":[1.6875,0.625,0.625,0.0],"tintindex":0,"rotation":0,"texture":"#0"},"down":{"uv":[2.75,0.0,1.6875,0.625],"tintindex":0,"rotation":0,"texture":"#0"}}},{"from":[9.252375,16.396172,11.4827],"to":[13.261875,23.011847,15.4922],"faces":{"east":{"uv":[1.1875,6.5,1.5,7.0],"tintindex":0,"rotation":0,"texture":"#0"},"south":{"uv":[2.125,6.5,2.4375,7.0],"tintindex":0,"rotation":0,"texture":"#0"},"north":{"uv":[1.5,6.5,1.8125,7.0],"tintindex":0,"rotation":0,"texture":"#0"},"west":{"uv":[1.8125,6.5,2.125,7.0],"tintindex":0,"rotation":0,"texture":"#0"},"up":{"uv":[1.8125,6.5,1.5,6.1875],"tintindex":0,"rotation":0,"texture":"#0"},"down":{"uv":[2.125,6.1875,1.8125,6.5],"tintindex":0,"rotation":0,"texture":"#0"}}}],"display":{"gui":{"rotation":[30,225,0]}}}