{"file_name":"body_bottom","texture_size":[64,64],"textures":{"fe698ccc-469f-c3d0-cb1e-d5e55767e57b":"modelengine:entity/raidrobot1","b66cf744-1fb8-4cbb-47fc-41028e1b0f5b":"modelengine:entity/raidrobot2"},"elements":[{"name":"cube","from":[4.63202,10.473883,4.64702],"to":[11.36798,14.954143,5.6092997],"rotation":{"angle":0.0,"axis":"x","origin":[8.0,-4.4228873,8.014999]},"faces":{"down":{"uv":[8.875,5.625,8.0,5.75],"rotation":0,"texture":"#b66cf744-1fb8-4cbb-47fc-41028e1b0f5b","tintindex":0},"east":{"uv":[8.375,3.875,8.5,4.5],"rotation":0,"texture":"#b66cf744-1fb8-4cbb-47fc-41028e1b0f5b","tintindex":0},"north":{"uv":[1.5,6.625,2.375,7.25],"rotation":0,"texture":"#b66cf744-1fb8-4cbb-47fc-41028e1b0f5b","tintindex":0},"south":{"uv":[2.375,6.625,3.25,7.25],"rotation":0,"texture":"#b66cf744-1fb8-4cbb-47fc-41028e1b0f5b","tintindex":0},"up":{"uv":[8.875,5.625,8.0,5.5],"rotation":0,"texture":"#b66cf744-1fb8-4cbb-47fc-41028e1b0f5b","tintindex":0},"west":{"uv":[4.125,8.375,4.25,9.0],"rotation":0,"texture":"#b66cf744-1fb8-4cbb-47fc-41028e1b0f5b","tintindex":0}}},{"name":"cube","from":[4.63202,8.624323,6.57158],"to":[11.36798,9.586602,9.45842],"rotation":{"angle":0.0,"axis":"x","origin":[8.0,-4.4228873,8.014999]},"faces":{"down":{"uv":[7.875,7.25,7.0,7.625],"rotation":0,"texture":"#b66cf744-1fb8-4cbb-47fc-41028e1b0f5b","tintindex":0},"east":{"uv":[6.375,5.75,6.75,5.875],"rotation":0,"texture":"#b66cf744-1fb8-4cbb-47fc-41028e1b0f5b","tintindex":0},"north":{"uv":[8.0,7.125,8.875,7.25],"rotation":0,"texture":"#b66cf744-1fb8-4cbb-47fc-41028e1b0f5b","tintindex":0},"south":{"uv":[8.125,2.75,9.0,2.875],"rotation":0,"texture":"#b66cf744-1fb8-4cbb-47fc-41028e1b0f5b","tintindex":0},"up":{"uv":[7.5,4.75,6.625,4.375],"rotation":0,"texture":"#b66cf744-1fb8-4cbb-47fc-41028e1b0f5b","tintindex":0},"west":{"uv":[6.625,0.5,7.0,0.625],"rotation":0,"texture":"#b66cf744-1fb8-4cbb-47fc-41028e1b0f5b","tintindex":0}}},{"name":"cube","from":[4.63202,10.473883,10.4207],"to":[11.36798,14.954143,11.38298],"rotation":{"angle":0.0,"axis":"x","origin":[8.0,-4.4228873,8.014999]},"faces":{"down":{"uv":[9.0,6.5,8.125,6.625],"rotation":0,"texture":"#b66cf744-1fb8-4cbb-47fc-41028e1b0f5b","tintindex":0},"east":{"uv":[4.25,8.375,4.375,9.0],"rotation":0,"texture":"#b66cf744-1fb8-4cbb-47fc-41028e1b0f5b","tintindex":0},"north":{"uv":[6.625,3.75,7.5,4.375],"rotation":0,"texture":"#b66cf744-1fb8-4cbb-47fc-41028e1b0f5b","tintindex":0},"south":{"uv":[4.75,6.75,5.625,7.375],"rotation":0,"texture":"#b66cf744-1fb8-4cbb-47fc-41028e1b0f5b","tintindex":0},"up":{"uv":[9.0,3.0,8.125,2.875],"rotation":0,"texture":"#b66cf744-1fb8-4cbb-47fc-41028e1b0f5b","tintindex":0},"west":{"uv":[4.375,8.375,4.5,9.0],"rotation":0,"texture":"#b66cf744-1fb8-4cbb-47fc-41028e1b0f5b","tintindex":0}}},{"name":"cube","from":[3.6697397,9.586602,5.6092997],"to":[12.33026,15.841423,10.4207],"rotation":{"angle":0.0,"axis":"x","origin":[8.0,-4.4228873,8.014999]},"faces":{"down":{"uv":[2.25,5.875,1.125,6.5],"rotation":0,"texture":"#b66cf744-1fb8-4cbb-47fc-41028e1b0f5b","tintindex":0},"east":{"uv":[3.25,6.625,3.875,7.5],"rotation":0,"texture":"#b66cf744-1fb8-4cbb-47fc-41028e1b0f5b","tintindex":0},"north":{"uv":[0.0,5.0,1.125,5.875],"rotation":0,"texture":"#b66cf744-1fb8-4cbb-47fc-41028e1b0f5b","tintindex":0},"south":{"uv":[1.125,5.0,2.25,5.875],"rotation":0,"texture":"#b66cf744-1fb8-4cbb-47fc-41028e1b0f5b","tintindex":0},"up":{"uv":[1.125,6.5,0.0,5.875],"rotation":0,"texture":"#b66cf744-1fb8-4cbb-47fc-41028e1b0f5b","tintindex":0},"west":{"uv":[5.625,6.75,6.25,7.625],"rotation":0,"texture":"#b66cf744-1fb8-4cbb-47fc-41028e1b0f5b","tintindex":0}}},{"name":"cube","from":[12.33026,10.548883,6.09044],"to":[13.77368,14.398003,9.93956],"rotation":{"angle":0.0,"axis":"x","origin":[8.0,-4.4228873,8.014999]},"faces":{"down":{"uv":[5.0,8.25,4.75,8.75],"rotation":0,"texture":"#b66cf744-1fb8-4cbb-47fc-41028e1b0f5b","tintindex":0},"east":{"uv":[4.0,5.75,4.5,6.25],"rotation":0,"texture":"#b66cf744-1fb8-4cbb-47fc-41028e1b0f5b","tintindex":0},"north":{"uv":[1.625,8.125,1.875,8.625],"rotation":0,"texture":"#b66cf744-1fb8-4cbb-47fc-41028e1b0f5b","tintindex":0},"south":{"uv":[7.75,8.125,8.0,8.625],"rotation":0,"texture":"#b66cf744-1fb8-4cbb-47fc-41028e1b0f5b","tintindex":0},"up":{"uv":[4.75,8.75,4.5,8.25],"rotation":0,"texture":"#b66cf744-1fb8-4cbb-47fc-41028e1b0f5b","tintindex":0},"west":{"uv":[4.75,6.25,5.25,6.75],"rotation":0,"texture":"#b66cf744-1fb8-4cbb-47fc-41028e1b0f5b","tintindex":0}}},{"name":"cube","from":[2.2263198,10.548883,6.09044],"to":[3.6697397,14.398003,9.93956],"rotation":{"angle":0.0,"axis":"x","origin":[8.0,-4.4228873,8.014999]},"faces":{"down":{"uv":[0.875,8.375,0.625,8.875],"rotation":0,"texture":"#b66cf744-1fb8-4cbb-47fc-41028e1b0f5b","tintindex":0},"east":{"uv":[4.75,7.375,5.25,7.875],"rotation":0,"texture":"#b66cf744-1fb8-4cbb-47fc-41028e1b0f5b","tintindex":0},"north":{"uv":[8.375,0.0,8.625,0.5],"rotation":0,"texture":"#b66cf744-1fb8-4cbb-47fc-41028e1b0f5b","tintindex":0},"south":{"uv":[0.375,8.375,0.625,8.875],"rotation":0,"texture":"#b66cf744-1fb8-4cbb-47fc-41028e1b0f5b","tintindex":0},"up":{"uv":[8.625,1.0,8.375,0.5],"rotation":0,"texture":"#b66cf744-1fb8-4cbb-47fc-41028e1b0f5b","tintindex":0},"west":{"uv":[3.0,7.5,3.5,8.0],"rotation":0,"texture":"#b66cf744-1fb8-4cbb-47fc-41028e1b0f5b","tintindex":0}}}],"display":{"head":{"translation":[0.0,-6.4,0.0],"rotation":[0.0,0.0,0.0],"scale":[3.8095,3.8095,3.8095]},"gui":{"translation":[0.0,0.0,0.0],"rotation":[35.0,225.0,0.0],"scale":[0.625,0.625,0.625]}}}