{"file_name":"body_main","texture_size":[256,256],"textures":{"fe698ccc-469f-c3d0-cb1e-d5e55767e57b":"modelengine:entity/raidrobot1","b66cf744-1fb8-4cbb-47fc-41028e1b0f5b":"modelengine:entity/raidrobot2","bbb80463-07cb-07c1-9b8a-9adfa462a1d7":"modelengine:entity/raidrobot_sword"},"elements":[{"name":"cube","from":[-0.29966545,16.241417,3.2781498],"to":[16.299665,28.029346,13.382091],"rotation":{"angle":0.0,"axis":"x","origin":[8.0,21.838383,8.33012]},"faces":{"down":{"uv":[2.75,0.0,1.6875,0.625],"rotation":0,"texture":"#fe698ccc-469f-c3d0-cb1e-d5e55767e57b","tintindex":0},"east":{"uv":[0.0,0.625,0.625,1.375],"rotation":0,"texture":"#fe698ccc-469f-c3d0-cb1e-d5e55767e57b","tintindex":0},"north":{"uv":[0.625,0.625,1.6875,1.375],"rotation":0,"texture":"#fe698ccc-469f-c3d0-cb1e-d5e55767e57b","tintindex":0},"south":{"uv":[2.3125,0.625,3.375,1.375],"rotation":0,"texture":"#fe698ccc-469f-c3d0-cb1e-d5e55767e57b","tintindex":0},"up":{"uv":[1.6875,0.625,0.625,0.0],"rotation":0,"texture":"#fe698ccc-469f-c3d0-cb1e-d5e55767e57b","tintindex":0},"west":{"uv":[1.6875,0.625,2.3125,1.375],"rotation":0,"texture":"#fe698ccc-469f-c3d0-cb1e-d5e55767e57b","tintindex":0}}},{"name":"cube","from":[1.6857495,18.150406,12.17924],"to":[6.4971495,26.089218,16.99064],"rotation":{"angle":0.0,"axis":"x","origin":[4.39145,21.597813,13.62266]},"faces":{"down":{"uv":[5.875,6.3125,5.5625,6.625],"rotation":0,"texture":"#fe698ccc-469f-c3d0-cb1e-d5e55767e57b","tintindex":0},"east":{"uv":[4.9375,6.625,5.25,7.125],"rotation":0,"texture":"#fe698ccc-469f-c3d0-cb1e-d5e55767e57b","tintindex":0},"north":{"uv":[5.25,6.625,5.5625,7.125],"rotation":0,"texture":"#fe698ccc-469f-c3d0-cb1e-d5e55767e57b","tintindex":0},"south":{"uv":[5.875,6.625,6.1875,7.125],"rotation":0,"texture":"#fe698ccc-469f-c3d0-cb1e-d5e55767e57b","tintindex":0},"up":{"uv":[5.5625,6.625,5.25,6.3125],"rotation":0,"texture":"#fe698ccc-469f-c3d0-cb1e-d5e55767e57b","tintindex":0},"west":{"uv":[5.5625,6.625,5.875,7.125],"rotation":0,"texture":"#fe698ccc-469f-c3d0-cb1e-d5e55767e57b","tintindex":0}}},{"name":"cube","from":[9.50285,18.075405,12.17924],"to":[14.31425,26.014217,16.99064],"rotation":{"angle":0.0,"axis":"x","origin":[11.60855,21.597813,13.62266]},"faces":{"down":{"uv":[2.125,6.1875,1.8125,6.5],"rotation":0,"texture":"#fe698ccc-469f-c3d0-cb1e-d5e55767e57b","tintindex":0},"east":{"uv":[1.1875,6.5,1.5,7.0],"rotation":0,"texture":"#fe698ccc-469f-c3d0-cb1e-d5e55767e57b","tintindex":0},"north":{"uv":[1.5,6.5,1.8125,7.0],"rotation":0,"texture":"#fe698ccc-469f-c3d0-cb1e-d5e55767e57b","tintindex":0},"south":{"uv":[2.125,6.5,2.4375,7.0],"rotation":0,"texture":"#fe698ccc-469f-c3d0-cb1e-d5e55767e57b","tintindex":0},"up":{"uv":[1.8125,6.5,1.5,6.1875],"rotation":0,"texture":"#fe698ccc-469f-c3d0-cb1e-d5e55767e57b","tintindex":0},"west":{"uv":[1.8125,6.5,2.125,7.0],"rotation":0,"texture":"#fe698ccc-469f-c3d0-cb1e-d5e55767e57b","tintindex":0}}}],"display":{"head":{"translation":[0.0,-6.4,0.0],"rotation":[0.0,0.0,0.0],"scale":[3.8095,3.8095,3.8095]},"gui":{"translation":[0.0,0.0,0.0],"rotation":[35.0,225.0,0.0],"scale":[0.625,0.625,0.625]}}}