{"textures":{"0":"modelengine:entity/raidrobot1"},"elements":[{"from":[0.095556736,12.270207,3.1886],"to":[15.904444,16.16515,12.811399],"rotation":{"angle":0.0,"axis":"y","origin":[8.0,14.217679,8.0]},"faces":{"east":{"uv":[1.4375,1.9375,2.0,2.1875],"rotation":0,"texture":"#0","tintindex":0},"south":{"uv":[0.5625,1.9375,1.4375,2.1875],"rotation":0,"texture":"#0","tintindex":0},"north":{"uv":[2.0,1.9375,2.875,2.1875],"rotation":0,"texture":"#0","tintindex":0},"west":{"uv":[0.0,1.9375,0.5625,2.1875],"rotation":0,"texture":"#0","tintindex":0},"up":{"uv":[1.4375,1.9375,0.5625,1.375],"rotation":180,"texture":"#0","tintindex":0},"down":{"uv":[2.3125,1.375,1.4375,1.9375],"rotation":0,"texture":"#0","tintindex":0}}},{"from":[1.2276568,8.375264,4.2775717],"to":[14.772343,12.332235,11.722428],"rotation":{"angle":0.0,"axis":"y","origin":[8.0,10.35375,8.0]},"faces":{"east":{"uv":[0.0,1.9375,0.5625,2.1875],"rotation":0,"texture":"#0","tintindex":0},"south":{"uv":[2.0,1.9375,2.875,2.1875],"rotation":0,"texture":"#0","tintindex":0},"north":{"uv":[0.5625,1.9375,1.4375,2.1875],"rotation":0,"texture":"#0","tintindex":0},"west":{"uv":[1.4375,1.9375,2.0,2.1875],"rotation":0,"texture":"#0","tintindex":0},"up":{"uv":[0.5625,1.375,1.4375,1.9375],"rotation":0,"texture":"#0","tintindex":0},"down":{"uv":[1.4375,1.375,2.3125,1.9375],"rotation":0,"texture":"#0","tintindex":0}}}],"display":{"head":{"translation":[0.0,-6.4,0.0],"scale":[4.0,4.0,4.0]}}}