{"textures":{"0":"modelengine:entity/raidrobot1"},"elements":[{"from":[0.095556736,15.848967,3.5029998],"to":[15.904444,27.075567,13.1258],"rotation":{"angle":0.0,"axis":"y","origin":[8.0,21.179409,8.3144]},"faces":{"east":{"uv":[0.0,0.625,0.625,1.375],"rotation":0,"texture":"#0","tintindex":0},"south":{"uv":[2.3125,0.625,3.375,1.375],"rotation":0,"texture":"#0","tintindex":0},"north":{"uv":[0.625,0.625,1.6875,1.375],"rotation":0,"texture":"#0","tintindex":0},"west":{"uv":[1.6875,0.625,2.3125,1.375],"rotation":0,"texture":"#0","tintindex":0},"up":{"uv":[1.6875,0.625,0.625,0.0],"rotation":0,"texture":"#0","tintindex":0},"down":{"uv":[2.75,0.0,1.6875,0.625],"rotation":0,"texture":"#0","tintindex":0}}},{"from":[1.9864283,17.667053,11.980228],"to":[6.568714,25.227825,16.562515],"rotation":{"angle":0.0,"axis":"y","origin":[4.563286,20.950296,13.354915]},"faces":{"east":{"uv":[4.9375,6.625,5.25,7.125],"rotation":0,"texture":"#0","tintindex":0},"south":{"uv":[5.875,6.625,6.1875,7.125],"rotation":0,"texture":"#0","tintindex":0},"north":{"uv":[5.25,6.625,5.5625,7.125],"rotation":0,"texture":"#0","tintindex":0},"west":{"uv":[5.5625,6.625,5.875,7.125],"rotation":0,"texture":"#0","tintindex":0},"up":{"uv":[5.5625,6.625,5.25,6.3125],"rotation":0,"texture":"#0","tintindex":0},"down":{"uv":[5.875,6.3125,5.5625,6.625],"rotation":0,"texture":"#0","tintindex":0}}},{"from":[9.431286,17.595623,11.980228],"to":[14.013572,25.156395,16.562515],"rotation":{"angle":0.0,"axis":"y","origin":[11.436714,20.950296,13.354915]},"faces":{"east":{"uv":[1.1875,6.5,1.5,7.0],"rotation":0,"texture":"#0","tintindex":0},"south":{"uv":[2.125,6.5,2.4375,7.0],"rotation":0,"texture":"#0","tintindex":0},"north":{"uv":[1.5,6.5,1.8125,7.0],"rotation":0,"texture":"#0","tintindex":0},"west":{"uv":[1.8125,6.5,2.125,7.0],"rotation":0,"texture":"#0","tintindex":0},"up":{"uv":[1.8125,6.5,1.5,6.1875],"rotation":0,"texture":"#0","tintindex":0},"down":{"uv":[2.125,6.1875,1.8125,6.5],"rotation":0,"texture":"#0","tintindex":0}}}],"display":{"head":{"translation":[0.0,-6.4,0.0],"scale":[4.0,4.0,4.0]}}}