{"textures":{"0":"modelengine:entity/raidrobot1"},"elements":[{"from":[-3.8515997,8.656712,1.4857502],"to":[19.8516,15.581409,14.51425],"faces":{"east":{"uv":[0.0,1.9375,0.5625,2.1875],"tintindex":0,"rotation":0,"texture":"#0"},"south":{"uv":[2.0,1.9375,2.875,2.1875],"tintindex":0,"rotation":0,"texture":"#0"},"north":{"uv":[0.5625,1.9375,1.4375,2.1875],"tintindex":0,"rotation":0,"texture":"#0"},"west":{"uv":[1.4375,1.9375,2.0,2.1875],"tintindex":0,"rotation":0,"texture":"#0"},"up":{"uv":[0.5625,1.375,1.4375,1.9375],"tintindex":0,"rotation":0,"texture":"#0"},"down":{"uv":[1.4375,1.375,2.3125,1.9375],"tintindex":0,"rotation":0,"texture":"#0"}}},{"from":[-5.832775,15.472862,-0.4199505],"to":[21.832775,22.289013,16.419949],"faces":{"east":{"uv":[1.4375,1.9375,2.0,2.1875],"tintindex":0,"rotation":0,"texture":"#0"},"south":{"uv":[0.5625,1.9375,1.4375,2.1875],"tintindex":0,"rotation":0,"texture":"#0"},"north":{"uv":[2.0,1.9375,2.875,2.1875],"tintindex":0,"rotation":0,"texture":"#0"},"west":{"uv":[0.0,1.9375,0.5625,2.1875],"tintindex":0,"rotation":0,"texture":"#0"},"up":{"uv":[1.4375,1.9375,0.5625,1.375],"tintindex":0,"rotation":180,"texture":"#0"},"down":{"uv":[2.3125,1.375,1.4375,1.9375],"tintindex":0,"rotation":0,"texture":"#0"}}}],"display":{"gui":{"rotation":[30,225,0]}}}