{"textures":{"0":"modelengine:entity/raidrobot1"},"elements":[{"from":[9.426334,3.0237274,6.6712],"to":[12.633938,7.835127,9.277374],"faces":{"east":{"uv":[4.5,0.0625,4.5625,0.25],"tintindex":0,"rotation":0,"texture":"#0"},"south":{"uv":[4.75,0.0625,4.875,0.25],"tintindex":0,"rotation":0,"texture":"#0"},"north":{"uv":[4.5625,0.0625,4.6875,0.25],"tintindex":0,"rotation":0,"texture":"#0"},"west":{"uv":[4.6875,0.0625,4.75,0.25],"tintindex":0,"rotation":0,"texture":"#0"},"up":{"uv":[4.6875,0.0625,4.5625,0.0],"tintindex":0,"rotation":0,"texture":"#0"},"down":{"uv":[4.8125,0.0,4.6875,0.0625],"tintindex":0,"rotation":0,"texture":"#0"}},"rotation":{"origin":[11.345005,11.407948,4.866925],"angle":-45.0,"axis":"z"}}],"display":{"gui":{"rotation":[30,225,0]}}}