{"textures":{"0":"modelengine:entity/raidrobot1"},"elements":[{"from":[6.396202,2.6933517,6.4964375],"to":[9.603802,8.306652,9.503563],"faces":{"east":{"uv":[4.375,0.625,4.4375,0.8125],"tintindex":0,"rotation":0,"texture":"#0"},"south":{"uv":[4.625,0.625,4.75,0.8125],"tintindex":0,"rotation":0,"texture":"#0"},"north":{"uv":[4.4375,0.625,4.5625,0.8125],"tintindex":0,"rotation":0,"texture":"#0"},"west":{"uv":[4.5625,0.625,4.625,0.8125],"tintindex":0,"rotation":0,"texture":"#0"},"up":{"uv":[4.5625,0.625,4.4375,0.5625],"tintindex":0,"rotation":0,"texture":"#0"},"down":{"uv":[4.6875,0.5625,4.5625,0.625],"tintindex":0,"rotation":0,"texture":"#0"}}}],"display":{"gui":{"rotation":[30,225,0]}}}