{"elements":[{"from":[7.083543,4.9676285,7.1408215],"to":[8.916457,8.175228,8.859179],"rotation":{"angle":0.0,"axis":"y","origin":[8.179926,7.7931767,6.4534783]},"faces":{"east":{"uv":[4.375,0.625,4.4375,0.8125],"rotation":0,"texture":"#0","tintindex":0},"south":{"uv":[4.625,0.625,4.75,0.8125],"rotation":0,"texture":"#0","tintindex":0},"north":{"uv":[4.4375,0.625,4.5625,0.8125],"rotation":0,"texture":"#0","tintindex":0},"west":{"uv":[4.5625,0.625,4.625,0.8125],"rotation":0,"texture":"#0","tintindex":0},"up":{"uv":[4.5625,0.625,4.4375,0.5625],"rotation":0,"texture":"#0","tintindex":0},"down":{"uv":[4.6875,0.5625,4.5625,0.625],"rotation":0,"texture":"#0","tintindex":0}}}],"textures":{"0":"modelengine:entity/raidrobot1"},"display":{"head":{"translation":[0.0,-6.4,0.0],"scale":[4.0,4.0,4.0]}}}