{"elements":[{"from":[7.369257,4.9676285,7.1408215],"to":[9.202171,8.175228,8.859179],"rotation":{"angle":0.0,"axis":"y","origin":[8.105788,7.9256973,6.4534783]},"faces":{"east":{"uv":[5.25,1.875,5.3125,2.0625],"rotation":0,"texture":"#0","tintindex":0},"south":{"uv":[5.5,1.875,5.625,2.0625],"rotation":0,"texture":"#0","tintindex":0},"north":{"uv":[5.3125,1.875,5.4375,2.0625],"rotation":0,"texture":"#0","tintindex":0},"west":{"uv":[5.4375,1.875,5.5,2.0625],"rotation":0,"texture":"#0","tintindex":0},"up":{"uv":[5.4375,1.875,5.3125,1.8125],"rotation":0,"texture":"#0","tintindex":0},"down":{"uv":[5.5625,1.8125,5.4375,1.875],"rotation":0,"texture":"#0","tintindex":0}}}],"textures":{"0":"modelengine:entity/raidrobot1"},"display":{"head":{"translation":[0.0,-6.4,0.0],"scale":[4.0,4.0,4.0]}}}