{"textures":{"0":"modelengine:entity/raidrobot1"},"elements":[{"from":[8.815048,5.1564155,7.2406855],"to":[10.647963,7.905787,8.729929],"rotation":{"angle":-45.0,"axis":"z","origin":[9.911431,9.947398,6.2096715]},"faces":{"east":{"uv":[4.5,0.0625,4.5625,0.25],"rotation":0,"texture":"#0","tintindex":0},"south":{"uv":[4.75,0.0625,4.875,0.25],"rotation":0,"texture":"#0","tintindex":0},"north":{"uv":[4.5625,0.0625,4.6875,0.25],"rotation":0,"texture":"#0","tintindex":0},"west":{"uv":[4.6875,0.0625,4.75,0.25],"rotation":0,"texture":"#0","tintindex":0},"up":{"uv":[4.6875,0.0625,4.5625,0.0],"rotation":0,"texture":"#0","tintindex":0},"down":{"uv":[4.8125,0.0,4.6875,0.0625],"rotation":0,"texture":"#0","tintindex":0}}}],"display":{"head":{"translation":[0.0,-6.4,0.0],"scale":[4.0,4.0,4.0]}}}