{"textures":{"0":"modelengine:entity/raidrobot1"},"elements":[{"from":[3.896202,2.5942993,6.596675],"to":[7.1038017,7.405699,9.403325],"faces":{"east":{"uv":[5.25,3.0,5.3125,3.1875],"tintindex":0,"rotation":0,"texture":"#0"},"south":{"uv":[5.5,3.0,5.625,3.1875],"tintindex":0,"rotation":0,"texture":"#0"},"north":{"uv":[5.3125,3.0,5.4375,3.1875],"tintindex":0,"rotation":0,"texture":"#0"},"west":{"uv":[5.4375,3.0,5.5,3.1875],"tintindex":0,"rotation":0,"texture":"#0"},"up":{"uv":[5.4375,3.0,5.3125,2.9375],"tintindex":0,"rotation":0,"texture":"#0"},"down":{"uv":[5.5625,2.9375,5.4375,3.0],"tintindex":0,"rotation":0,"texture":"#0"}},"rotation":{"origin":[5.185131,10.978519,7.7995253],"angle":45.0,"axis":"z"}}],"display":{"gui":{"rotation":[30,225,0]}}}