{"textures":{"0":"modelengine:entity/raidrobot1"},"elements":[{"from":[8.896198,2.5943012,6.596675],"to":[12.103802,7.4057007,9.403325],"faces":{"east":{"uv":[0.0,4.9375,0.0625,5.125],"tintindex":0,"rotation":0,"texture":"#0"},"south":{"uv":[0.25,4.9375,0.375,5.125],"tintindex":0,"rotation":0,"texture":"#0"},"north":{"uv":[0.0625,4.9375,0.1875,5.125],"tintindex":0,"rotation":0,"texture":"#0"},"west":{"uv":[0.1875,4.9375,0.25,5.125],"tintindex":0,"rotation":0,"texture":"#0"},"up":{"uv":[0.1875,4.9375,0.0625,4.875],"tintindex":0,"rotation":0,"texture":"#0"},"down":{"uv":[0.3125,4.875,0.1875,4.9375],"tintindex":0,"rotation":0,"texture":"#0"}},"rotation":{"origin":[10.814869,10.978521,7.7995253],"angle":-45.0,"axis":"z"}}],"display":{"gui":{"rotation":[30,225,0]}}}