{"elements":[{"from":[5.654971,4.9110284,7.2553787],"to":[7.4878855,7.6604,8.744621],"rotation":{"angle":45.0,"axis":"z","origin":[6.3915024,9.702011,6.2243643]},"faces":{"east":{"uv":[5.25,2.125,5.3125,2.3125],"rotation":0,"texture":"#0","tintindex":0},"south":{"uv":[5.5,2.125,5.625,2.3125],"rotation":0,"texture":"#0","tintindex":0},"north":{"uv":[5.3125,2.125,5.4375,2.3125],"rotation":0,"texture":"#0","tintindex":0},"west":{"uv":[5.4375,2.125,5.5,2.3125],"rotation":0,"texture":"#0","tintindex":0},"up":{"uv":[5.4375,2.125,5.3125,2.0625],"rotation":0,"texture":"#0","tintindex":0},"down":{"uv":[5.5625,2.0625,5.4375,2.125],"rotation":0,"texture":"#0","tintindex":0}}}],"textures":{"0":"modelengine:entity/raidrobot1"},"display":{"head":{"translation":[0.0,-6.4,0.0],"scale":[4.0,4.0,4.0]}}}