{"elements":[{"from":[6.7978287,4.9676285,7.083543],"to":[8.630743,8.175228,8.916457],"rotation":{"angle":0.0,"axis":"y","origin":[7.894212,5.5020337,4.3341713]},"faces":{"east":{"uv":[2.3125,1.5,2.4375,1.6875],"rotation":0,"texture":"#0","tintindex":0},"south":{"uv":[2.6875,1.5,2.8125,1.6875],"rotation":0,"texture":"#0","tintindex":0},"north":{"uv":[2.4375,1.5,2.5625,1.6875],"rotation":0,"texture":"#0","tintindex":0},"west":{"uv":[2.5625,1.5,2.6875,1.6875],"rotation":0,"texture":"#0","tintindex":0},"up":{"uv":[2.5625,1.5,2.4375,1.375],"rotation":0,"texture":"#0","tintindex":0},"down":{"uv":[2.6875,1.375,2.5625,1.5],"rotation":0,"texture":"#0","tintindex":0}}}],"textures":{"0":"modelengine:entity/raidrobot1"},"display":{"head":{"translation":[0.0,-6.4,0.0],"scale":[4.0,4.0,4.0]}}}