{"elements":[{"from":[5.369257,4.9110284,7.2553787],"to":[7.2021713,7.6604,8.744621],"rotation":{"angle":45.0,"axis":"z","origin":[6.105788,9.702011,9.546521]},"faces":{"east":{"uv":[5.375,3.3125,5.4375,3.5],"rotation":0,"texture":"#0","tintindex":0},"south":{"uv":[5.625,3.3125,5.75,3.5],"rotation":0,"texture":"#0","tintindex":0},"north":{"uv":[5.4375,3.3125,5.5625,3.5],"rotation":0,"texture":"#0","tintindex":0},"west":{"uv":[5.5625,3.3125,5.625,3.5],"rotation":0,"texture":"#0","tintindex":0},"up":{"uv":[5.5625,3.3125,5.4375,3.25],"rotation":0,"texture":"#0","tintindex":0},"down":{"uv":[5.6875,3.25,5.5625,3.3125],"rotation":0,"texture":"#0","tintindex":0}}}],"textures":{"0":"modelengine:entity/raidrobot1"},"display":{"head":{"translation":[0.0,-6.4,0.0],"scale":[4.0,4.0,4.0]}}}