{"textures":{"0":"modelengine:entity/raidrobot1"},"elements":[{"from":[3.396202,2.5942993,6.696913],"to":[6.6038017,7.405699,9.303087],"faces":{"east":{"uv":[5.375,3.3125,5.4375,3.5],"tintindex":0,"rotation":0,"texture":"#0"},"south":{"uv":[5.625,3.3125,5.75,3.5],"tintindex":0,"rotation":0,"texture":"#0"},"north":{"uv":[5.4375,3.3125,5.5625,3.5],"tintindex":0,"rotation":0,"texture":"#0"},"west":{"uv":[5.5625,3.3125,5.625,3.5],"tintindex":0,"rotation":0,"texture":"#0"},"up":{"uv":[5.5625,3.3125,5.4375,3.25],"tintindex":0,"rotation":0,"texture":"#0"},"down":{"uv":[5.6875,3.25,5.5625,3.3125],"tintindex":0,"rotation":0,"texture":"#0"}},"rotation":{"origin":[4.685131,10.978519,10.706412],"angle":45.0,"axis":"z"}}],"display":{"gui":{"rotation":[30,225,0]}}}