{"textures":{"0":"modelengine:entity/raidrobot1"},"elements":[{"from":[8.512115,4.9110284,7.1981],"to":[10.345029,7.6604,8.8019],"rotation":{"angle":-45.0,"axis":"z","origin":[9.608498,9.702011,7.8854427]},"faces":{"east":{"uv":[0.0,4.9375,0.0625,5.125],"rotation":0,"texture":"#0","tintindex":0},"south":{"uv":[0.25,4.9375,0.375,5.125],"rotation":0,"texture":"#0","tintindex":0},"north":{"uv":[0.0625,4.9375,0.1875,5.125],"rotation":0,"texture":"#0","tintindex":0},"west":{"uv":[0.1875,4.9375,0.25,5.125],"rotation":0,"texture":"#0","tintindex":0},"up":{"uv":[0.1875,4.9375,0.0625,4.875],"rotation":0,"texture":"#0","tintindex":0},"down":{"uv":[0.3125,4.875,0.1875,4.9375],"rotation":0,"texture":"#0","tintindex":0}}}],"display":{"head":{"translation":[0.0,-6.4,0.0],"scale":[4.0,4.0,4.0]}}}