{"file_name":"finger_top4","texture_size":[64,64],"textures":{"fe698ccc-469f-c3d0-cb1e-d5e55767e57b":"modelengine:entity/raidrobot1","b66cf744-1fb8-4cbb-47fc-41028e1b0f5b":"modelengine:entity/raidrobot2"},"elements":[{"name":"cube","from":[4.3777776,-9.101742,7.29329],"to":[6.3023376,-6.214902,8.856995],"rotation":{"angle":45.0,"axis":"z","origin":[5.151135,-4.071209,9.69899]},"faces":{"down":{"uv":[5.6875,3.25,5.5625,3.3125],"rotation":0,"texture":"#fe698ccc-469f-c3d0-cb1e-d5e55767e57b","tintindex":0},"east":{"uv":[5.375,3.3125,5.4375,3.5],"rotation":0,"texture":"#fe698ccc-469f-c3d0-cb1e-d5e55767e57b","tintindex":0},"north":{"uv":[5.4375,3.3125,5.5625,3.5],"rotation":0,"texture":"#fe698ccc-469f-c3d0-cb1e-d5e55767e57b","tintindex":0},"south":{"uv":[5.625,3.3125,5.75,3.5],"rotation":0,"texture":"#fe698ccc-469f-c3d0-cb1e-d5e55767e57b","tintindex":0},"up":{"uv":[5.5625,3.3125,5.4375,3.25],"rotation":0,"texture":"#fe698ccc-469f-c3d0-cb1e-d5e55767e57b","tintindex":0},"west":{"uv":[5.5625,3.3125,5.625,3.5],"rotation":0,"texture":"#fe698ccc-469f-c3d0-cb1e-d5e55767e57b","tintindex":0}}}],"display":{"head":{"translation":[0.0,-6.4,0.0],"rotation":[0.0,0.0,0.0],"scale":[3.8095,3.8095,3.8095]},"gui":{"translation":[0.0,0.0,0.0],"rotation":[35.0,225.0,0.0],"scale":[0.625,0.625,0.625]}}}