{"textures":{"0":"modelengine:entity/raidrobot1"},"elements":[{"from":[6.896202,2.693348,6.4964375],"to":[10.103802,8.306648,9.503563],"faces":{"east":{"uv":[5.25,1.875,5.3125,2.0625],"tintindex":0,"rotation":0,"texture":"#0"},"south":{"uv":[5.5,1.875,5.625,2.0625],"tintindex":0,"rotation":0,"texture":"#0"},"north":{"uv":[5.3125,1.875,5.4375,2.0625],"tintindex":0,"rotation":0,"texture":"#0"},"west":{"uv":[5.4375,1.875,5.5,2.0625],"tintindex":0,"rotation":0,"texture":"#0"},"up":{"uv":[5.4375,1.875,5.3125,1.8125],"tintindex":0,"rotation":0,"texture":"#0"},"down":{"uv":[5.5625,1.8125,5.4375,1.875],"tintindex":0,"rotation":0,"texture":"#0"}}}],"display":{"gui":{"rotation":[30,225,0]}}}