{"textures":{"0":"modelengine:entity/raidrobot1"},"elements":[{"from":[3.896202,2.5942993,6.696913],"to":[7.1038017,7.405699,9.303087],"faces":{"east":{"uv":[5.25,2.125,5.3125,2.3125],"tintindex":0,"rotation":0,"texture":"#0"},"south":{"uv":[5.5,2.125,5.625,2.3125],"tintindex":0,"rotation":0,"texture":"#0"},"north":{"uv":[5.3125,2.125,5.4375,2.3125],"tintindex":0,"rotation":0,"texture":"#0"},"west":{"uv":[5.4375,2.125,5.5,2.3125],"tintindex":0,"rotation":0,"texture":"#0"},"up":{"uv":[5.4375,2.125,5.3125,2.0625],"tintindex":0,"rotation":0,"texture":"#0"},"down":{"uv":[5.5625,2.0625,5.4375,2.125],"tintindex":0,"rotation":0,"texture":"#0"}},"rotation":{"origin":[5.185131,10.978519,4.8926377],"angle":45.0,"axis":"z"}}],"display":{"gui":{"rotation":[30,225,0]}}}