{"textures":{"1":"modelengine:entity/raidrobot2"},"elements":[{"from":[4.180257,4.5805073,0.5640001],"to":[11.970143,8.246336,7.4374285],"rotation":{"angle":0.0,"axis":"y","origin":[24.57143,5.214107,9.728572]},"faces":{"east":{"uv":[6.25,6.75,7.25,7.25],"rotation":0,"texture":"#1","tintindex":0},"south":{"uv":[6.375,4.75,7.5,5.25],"rotation":0,"texture":"#1","tintindex":0},"north":{"uv":[6.375,3.25,7.5,3.75],"rotation":0,"texture":"#1","tintindex":0},"west":{"uv":[6.75,5.75,7.75,6.25],"rotation":0,"texture":"#1","tintindex":0},"up":{"uv":[3.375,4.0,2.25,3.0],"rotation":0,"texture":"#1","tintindex":0},"down":{"uv":[2.25,3.0,1.125,4.0],"rotation":0,"texture":"#1","tintindex":0}}},{"from":[5.0374002,4.5805073,-5.721715],"to":[11.113,7.3177643,0.58028555],"rotation":{"angle":0.0,"axis":"y","origin":[24.57143,5.214107,9.728572]},"faces":{"east":{"uv":[7.25,10.375,8.625,11.0],"rotation":0,"texture":"#1","tintindex":0},"south":{"uv":[4.5,11.875,5.875,12.5],"rotation":0,"texture":"#1","tintindex":0},"north":{"uv":[7.25,9.75,8.625,10.375],"rotation":0,"texture":"#1","tintindex":0},"west":{"uv":[7.25,11.0,8.625,11.625],"rotation":0,"texture":"#1","tintindex":0},"up":{"uv":[5.875,9.125,7.25,10.5],"rotation":0,"texture":"#1","tintindex":0},"down":{"uv":[5.875,10.5,7.25,11.875],"rotation":0,"texture":"#1","tintindex":0}}},{"from":[5.5549426,4.5805073,7.4374285],"to":[10.595457,8.246336,13.3944],"rotation":{"angle":0.0,"axis":"y","origin":[24.57143,5.214107,9.728572]},"faces":{"east":{"uv":[7.0,2.0,7.875,2.5],"rotation":0,"texture":"#1","tintindex":0},"south":{"uv":[7.25,6.75,8.0,7.25],"rotation":0,"texture":"#1","tintindex":0},"north":{"uv":[0.5,7.25,1.25,7.75],"rotation":0,"texture":"#1","tintindex":0},"west":{"uv":[3.875,7.0,4.75,7.5],"rotation":0,"texture":"#1","tintindex":0},"up":{"uv":[7.0,1.625,6.25,0.75],"rotation":0,"texture":"#1","tintindex":0},"down":{"uv":[6.75,5.875,6.0,6.75],"rotation":0,"texture":"#1","tintindex":0}}},{"from":[6.3790855,4.5805073,13.3944],"to":[9.753457,7.3716497,17.06023],"rotation":{"angle":0.0,"axis":"y","origin":[24.57143,5.214107,9.728572]},"faces":{"east":{"uv":[6.0,13.25,6.75,13.875],"rotation":0,"texture":"#1","tintindex":0},"south":{"uv":[5.25,13.25,6.0,13.875],"rotation":0,"texture":"#1","tintindex":0},"north":{"uv":[8.625,9.75,9.375,10.375],"rotation":0,"texture":"#1","tintindex":0},"west":{"uv":[7.5,12.875,8.25,13.5],"rotation":0,"texture":"#1","tintindex":0},"up":{"uv":[5.25,12.5,6.0,13.25],"rotation":0,"texture":"#1","tintindex":0},"down":{"uv":[6.0,12.5,6.75,13.25],"rotation":0,"texture":"#1","tintindex":0}}}],"display":{"head":{"translation":[0.0,-6.4,0.0],"scale":[4.0,4.0,4.0]}}}