{"elements":[{"from":[2.8449287,4.803224,3.11691],"to":[13.155071,15.113367,7.2409673],"rotation":{"angle":0.0,"axis":"y","origin":[8.0,9.675439,5.178939]},"faces":{"east":{"uv":[0.0,4.1875,0.25,4.875],"rotation":0,"texture":"#0","tintindex":0},"south":{"uv":[1.1875,4.1875,1.875,4.875],"rotation":0,"texture":"#0","tintindex":0},"north":{"uv":[0.25,4.1875,0.9375,4.875],"rotation":0,"texture":"#0","tintindex":0},"west":{"uv":[0.9375,4.1875,1.1875,4.875],"rotation":0,"texture":"#0","tintindex":0},"up":{"uv":[0.9375,4.1875,0.25,3.9375],"rotation":0,"texture":"#0","tintindex":0},"down":{"uv":[1.625,3.9375,0.9375,4.1875],"rotation":0,"texture":"#0","tintindex":0}}},{"from":[2.8449287,5.212469,1.0349712],"to":[13.155071,14.743624,4.975737],"rotation":{"angle":22.5,"axis":"x","origin":[8.0,9.695189,3.005354]},"faces":{"east":{"uv":[1.875,4.3125,2.125,4.9375],"rotation":0,"texture":"#0","tintindex":0},"south":{"uv":[3.0625,4.3125,3.75,4.9375],"rotation":0,"texture":"#0","tintindex":0},"north":{"uv":[2.125,4.3125,2.8125,4.9375],"rotation":0,"texture":"#0","tintindex":0},"west":{"uv":[2.8125,4.3125,3.0625,4.9375],"rotation":0,"texture":"#0","tintindex":0},"up":{"uv":[2.8125,4.3125,2.125,4.0625],"rotation":0,"texture":"#0","tintindex":0},"down":{"uv":[3.5,4.0625,2.8125,4.3125],"rotation":0,"texture":"#0","tintindex":0}}},{"from":[2.8449287,5.212469,5.38214],"to":[13.155071,14.743624,9.3229065],"rotation":{"angle":-22.5,"axis":"x","origin":[8.0,9.695189,7.352523]},"faces":{"east":{"uv":[3.75,4.375,4.0,5.0],"rotation":0,"texture":"#0","tintindex":0},"south":{"uv":[4.9375,4.375,5.625,5.0],"rotation":0,"texture":"#0","tintindex":0},"north":{"uv":[4.0,4.375,4.6875,5.0],"rotation":0,"texture":"#0","tintindex":0},"west":{"uv":[4.6875,4.375,4.9375,5.0],"rotation":0,"texture":"#0","tintindex":0},"up":{"uv":[4.6875,4.375,4.0,4.125],"rotation":0,"texture":"#0","tintindex":0},"down":{"uv":[5.375,4.125,4.6875,4.375],"rotation":0,"texture":"#0","tintindex":0}}}],"textures":{"0":"modelengine:entity/raidrobot1"},"display":{"head":{"translation":[0.0,-6.4,0.0],"scale":[4.0,4.0,4.0]}}}