{"textures":{"0":"modelengine:entity/raidrobot1"},"elements":[{"from":[-1.0213747,3.1218185,-4.1888],"to":[17.021376,19.801346,2.7075405],"faces":{"east":{"uv":[1.875,4.3125,2.125,4.9375],"tintindex":0,"rotation":0,"texture":"#0"},"south":{"uv":[3.0625,4.3125,3.75,4.9375],"tintindex":0,"rotation":0,"texture":"#0"},"north":{"uv":[2.125,4.3125,2.8125,4.9375],"tintindex":0,"rotation":0,"texture":"#0"},"west":{"uv":[2.8125,4.3125,3.0625,4.9375],"tintindex":0,"rotation":0,"texture":"#0"},"up":{"uv":[2.8125,4.3125,2.125,4.0625],"tintindex":0,"rotation":0,"texture":"#0"},"down":{"uv":[3.5,4.0625,2.8125,4.3125],"tintindex":0,"rotation":0,"texture":"#0"}},"rotation":{"origin":[8.0,10.966583,-0.74063015],"angle":22.5,"axis":"x"}},{"from":[-1.0213747,2.4056473,-0.5454073],"to":[17.021376,20.448395,6.671693],"faces":{"east":{"uv":[0.0,4.1875,0.25,4.875],"tintindex":0,"rotation":0,"texture":"#0"},"south":{"uv":[1.1875,4.1875,1.875,4.875],"tintindex":0,"rotation":0,"texture":"#0"},"north":{"uv":[0.25,4.1875,0.9375,4.875],"tintindex":0,"rotation":0,"texture":"#0"},"west":{"uv":[0.9375,4.1875,1.1875,4.875],"tintindex":0,"rotation":0,"texture":"#0"},"up":{"uv":[0.9375,4.1875,0.25,3.9375],"tintindex":0,"rotation":0,"texture":"#0"},"down":{"uv":[1.625,3.9375,0.9375,4.1875],"tintindex":0,"rotation":0,"texture":"#0"}}},{"from":[-1.0213747,3.1218185,3.418745],"to":[17.021376,19.801346,10.315085],"faces":{"east":{"uv":[3.75,4.375,4.0,5.0],"tintindex":0,"rotation":0,"texture":"#0"},"south":{"uv":[4.9375,4.375,5.625,5.0],"tintindex":0,"rotation":0,"texture":"#0"},"north":{"uv":[4.0,4.375,4.6875,5.0],"tintindex":0,"rotation":0,"texture":"#0"},"west":{"uv":[4.6875,4.375,4.9375,5.0],"tintindex":0,"rotation":0,"texture":"#0"},"up":{"uv":[4.6875,4.375,4.0,4.125],"tintindex":0,"rotation":0,"texture":"#0"},"down":{"uv":[5.375,4.125,4.6875,4.375],"tintindex":0,"rotation":0,"texture":"#0"}},"rotation":{"origin":[8.0,10.966583,6.8669157],"angle":-22.5,"axis":"x"}}],"display":{"gui":{"rotation":[30,225,0]}}}