{"textures":{"0":"modelengine:entity/raidrobot1"},"elements":[{"from":[3.6271725,-11.456556,5.8084626],"to":[7.636673,-1.0318565,9.817963],"faces":{"east":{"uv":[4.625,5.3125,4.9375,6.125],"tintindex":0,"rotation":0,"texture":"#0"},"south":{"uv":[5.5625,5.3125,5.875,6.125],"tintindex":0,"rotation":0,"texture":"#0"},"north":{"uv":[4.9375,5.3125,5.25,6.125],"tintindex":0,"rotation":0,"texture":"#0"},"west":{"uv":[5.25,5.3125,5.5625,6.125],"tintindex":0,"rotation":0,"texture":"#0"},"up":{"uv":[5.25,5.3125,4.9375,5.0],"tintindex":0,"rotation":0,"texture":"#0"},"down":{"uv":[5.5625,5.0,5.25,5.3125],"tintindex":0,"rotation":0,"texture":"#0"}},"rotation":{"origin":[24.376335,4.6847763,0.1951623],"angle":-22.5,"axis":"z"}},{"from":[-9.5295105,1.4805584,4.6056128],"to":[-3.1143103,6.291958,11.020813],"faces":{"east":{"uv":[2.0,3.6875,2.5,4.0625],"tintindex":0,"rotation":0,"texture":"#0"},"south":{"uv":[3.5,3.6875,4.0,4.0625],"tintindex":0,"rotation":0,"texture":"#0"},"north":{"uv":[2.5,3.6875,3.0,4.0625],"tintindex":0,"rotation":0,"texture":"#0"},"west":{"uv":[3.0,3.6875,3.5,4.0625],"tintindex":0,"rotation":0,"texture":"#0"},"up":{"uv":[3.0,3.6875,2.5,3.1875],"tintindex":0,"rotation":0,"texture":"#0"},"down":{"uv":[3.5,3.1875,3.0,3.6875],"tintindex":0,"rotation":0,"texture":"#0"}},"rotation":{"origin":[8.012053,-23.27501,0.9970627],"angle":-22.5,"axis":"z"}},{"from":[-0.37708855,9.598732,5.4075127],"to":[4.6347866,12.806332,10.218912],"faces":{"east":{"uv":[0.0,6.1875,0.375,6.4375],"tintindex":0,"rotation":0,"texture":"#0"},"south":{"uv":[1.125,6.1875,1.5,6.4375],"tintindex":0,"rotation":0,"texture":"#0"},"north":{"uv":[0.375,6.1875,0.75,6.4375],"tintindex":0,"rotation":0,"texture":"#0"},"west":{"uv":[0.75,6.1875,1.125,6.4375],"tintindex":0,"rotation":0,"texture":"#0"},"up":{"uv":[0.75,6.1875,0.375,5.8125],"tintindex":0,"rotation":0,"texture":"#0"},"down":{"uv":[1.125,5.8125,0.75,6.1875],"tintindex":0,"rotation":0,"texture":"#0"}},"rotation":{"origin":[0.0050764084,11.890938,7.8132124],"angle":-45.0,"axis":"z"}}],"display":{"gui":{"rotation":[30,225,0]}}}