{"textures":{"0":"modelengine:entity/raidrobot1","1":"modelengine:entity/raidrobot2","2":"modelengine:entity/raidrobot_sword"},"elements":[{"name":"cube","from":[-13.035413,0.17666984,3.926735],"to":[-5.3371725,5.9503493,11.624975],"rotation":{"angle":-22.5,"axis":"z","origin":[8.014462,-29.53001,-0.4035251]},"faces":{"down":{"uv":[3.5,3.1875,3.0,3.6875],"rotation":0,"texture":"#0","tintindex":0},"east":{"uv":[2.0,3.6875,2.5,4.0625],"rotation":0,"texture":"#0","tintindex":0},"north":{"uv":[2.5,3.6875,3.0,4.0625],"rotation":0,"texture":"#0","tintindex":0},"south":{"uv":[3.5,3.6875,4.0,4.0625],"rotation":0,"texture":"#0","tintindex":0},"up":{"uv":[3.0,3.6875,2.5,3.1875],"rotation":0,"texture":"#0","tintindex":0},"west":{"uv":[3.0,3.6875,3.5,4.0625],"rotation":0,"texture":"#0","tintindex":0}}},{"name":"cube","from":[-2.0525064,9.918478,4.889015],"to":[3.9617438,13.767598,10.662695],"rotation":{"angle":-45.0,"axis":"z","origin":[-1.5939088,12.669126,7.775855]},"faces":{"down":{"uv":[1.125,5.8125,0.75,6.1875],"rotation":0,"texture":"#0","tintindex":0},"east":{"uv":[0.0,6.1875,0.375,6.4375],"rotation":0,"texture":"#0","tintindex":0},"north":{"uv":[0.375,6.1875,0.75,6.4375],"rotation":0,"texture":"#0","tintindex":0},"south":{"uv":[1.125,6.1875,1.5,6.4375],"rotation":0,"texture":"#0","tintindex":0},"up":{"uv":[0.75,6.1875,0.375,5.8125],"rotation":0,"texture":"#0","tintindex":0},"west":{"uv":[0.75,6.1875,1.125,6.4375],"rotation":0,"texture":"#0","tintindex":0}}},{"name":"cube","from":[2.7526069,-15.347869,5.3701553],"to":[7.5640078,-2.8382282,10.181555],"rotation":{"angle":-22.5,"axis":"z","origin":[27.651604,4.0217314,-1.3658056]},"faces":{"down":{"uv":[5.5625,5.0,5.25,5.3125],"rotation":0,"texture":"#0","tintindex":0},"east":{"uv":[4.625,5.3125,4.9375,6.125],"rotation":0,"texture":"#0","tintindex":0},"north":{"uv":[4.9375,5.3125,5.25,6.125],"rotation":0,"texture":"#0","tintindex":0},"south":{"uv":[5.5625,5.3125,5.875,6.125],"rotation":0,"texture":"#0","tintindex":0},"up":{"uv":[5.25,5.3125,4.9375,5.0],"rotation":0,"texture":"#0","tintindex":0},"west":{"uv":[5.25,5.3125,5.5625,6.125],"rotation":0,"texture":"#0","tintindex":0}}}],"display":{"head":{"translation":[0.0,-6.4,0.0],"rotation":[0.0,0.0,0.0],"scale":[3.8095,3.8095,3.8095]}}}