{"file_name":"l_arm_bottom","texture_size":[256,256],"textures":{"fe698ccc-469f-c3d0-cb1e-d5e55767e57b":"modelengine:entity/raidrobot1","b66cf744-1fb8-4cbb-47fc-41028e1b0f5b":"modelengine:entity/raidrobot2","bbb80463-07cb-07c1-9b8a-9adfa462a1d7":"modelengine:entity/raidrobot_sword"},"elements":[{"name":"cube","from":[11.050848,-4.452638,5.189015],"to":[16.824528,-1.5657988,10.962695],"rotation":{"angle":-22.5,"axis":"z","origin":[36.430984,17.803802,-1.0658054]},"faces":{"down":{"uv":[6.6875,4.625,6.3125,5.0],"rotation":0,"texture":"#fe698ccc-469f-c3d0-cb1e-d5e55767e57b","tintindex":0},"east":{"uv":[5.5625,5.0,5.9375,5.25],"rotation":0,"texture":"#fe698ccc-469f-c3d0-cb1e-d5e55767e57b","tintindex":0},"north":{"uv":[5.9375,5.0,6.3125,5.25],"rotation":0,"texture":"#fe698ccc-469f-c3d0-cb1e-d5e55767e57b","tintindex":0},"south":{"uv":[6.6875,5.0,7.0625,5.25],"rotation":0,"texture":"#fe698ccc-469f-c3d0-cb1e-d5e55767e57b","tintindex":0},"up":{"uv":[6.3125,5.0,5.9375,4.625],"rotation":0,"texture":"#fe698ccc-469f-c3d0-cb1e-d5e55767e57b","tintindex":0},"west":{"uv":[6.3125,5.0,6.6875,5.25],"rotation":0,"texture":"#fe698ccc-469f-c3d0-cb1e-d5e55767e57b","tintindex":0}}},{"name":"cube","from":[10.088568,-13.113158,4.226735],"to":[17.786808,-4.452638,11.924975],"rotation":{"angle":-22.5,"axis":"z","origin":[36.430984,17.803802,-1.0658054]},"faces":{"down":{"uv":[4.375,0.875,3.875,1.375],"rotation":0,"texture":"#fe698ccc-469f-c3d0-cb1e-d5e55767e57b","tintindex":0},"east":{"uv":[2.875,1.375,3.375,1.875],"rotation":0,"texture":"#fe698ccc-469f-c3d0-cb1e-d5e55767e57b","tintindex":0},"north":{"uv":[3.375,1.375,3.875,1.875],"rotation":0,"texture":"#fe698ccc-469f-c3d0-cb1e-d5e55767e57b","tintindex":0},"south":{"uv":[4.375,1.375,4.875,1.875],"rotation":0,"texture":"#fe698ccc-469f-c3d0-cb1e-d5e55767e57b","tintindex":0},"up":{"uv":[3.875,1.375,3.375,0.875],"rotation":0,"texture":"#fe698ccc-469f-c3d0-cb1e-d5e55767e57b","tintindex":0},"west":{"uv":[3.875,1.375,4.375,1.875],"rotation":0,"texture":"#fe698ccc-469f-c3d0-cb1e-d5e55767e57b","tintindex":0}}},{"name":"cube","from":[11.050848,-16.0,5.189015],"to":[16.824528,-13.113158,10.962695],"rotation":{"angle":-22.5,"axis":"z","origin":[36.430984,17.803802,-1.0658054]},"faces":{"down":{"uv":[7.25,2.9375,6.875,3.3125],"rotation":0,"texture":"#fe698ccc-469f-c3d0-cb1e-d5e55767e57b","tintindex":0},"east":{"uv":[6.125,3.3125,6.5,3.5],"rotation":0,"texture":"#fe698ccc-469f-c3d0-cb1e-d5e55767e57b","tintindex":0},"north":{"uv":[6.5,3.3125,6.875,3.5],"rotation":0,"texture":"#fe698ccc-469f-c3d0-cb1e-d5e55767e57b","tintindex":0},"south":{"uv":[7.25,3.3125,7.625,3.5],"rotation":0,"texture":"#fe698ccc-469f-c3d0-cb1e-d5e55767e57b","tintindex":0},"up":{"uv":[6.875,3.3125,6.5,2.9375],"rotation":0,"texture":"#fe698ccc-469f-c3d0-cb1e-d5e55767e57b","tintindex":0},"west":{"uv":[6.875,3.3125,7.25,3.5],"rotation":0,"texture":"#fe698ccc-469f-c3d0-cb1e-d5e55767e57b","tintindex":0}}}],"display":{"head":{"translation":[0.0,-7.5578794,0.0],"rotation":[0.0,0.0,0.0],"scale":[3.8095,3.8095,3.8095]},"gui":{"translation":[0.0,0.0,0.0],"rotation":[35.0,225.0,0.0],"scale":[0.625,0.625,0.625]}}}