{"textures":{"0":"modelengine:entity/raidrobot1"},"elements":[{"from":[10.542373,-12.258453,5.6575127],"to":[15.353773,-9.852753,10.468912],"faces":{"east":{"uv":[6.125,3.3125,6.5,3.5],"tintindex":0,"rotation":0,"texture":"#0"},"south":{"uv":[7.25,3.3125,7.625,3.5],"tintindex":0,"rotation":0,"texture":"#0"},"north":{"uv":[6.5,3.3125,6.875,3.5],"tintindex":0,"rotation":0,"texture":"#0"},"west":{"uv":[6.875,3.3125,7.25,3.5],"tintindex":0,"rotation":0,"texture":"#0"},"up":{"uv":[6.875,3.3125,6.5,2.9375],"tintindex":0,"rotation":0,"texture":"#0"},"down":{"uv":[7.25,2.9375,6.875,3.3125],"tintindex":0,"rotation":0,"texture":"#0"}},"rotation":{"origin":[31.692486,15.911379,0.4451623],"angle":-22.5,"axis":"z"}},{"from":[9.740473,-9.852753,4.8556128],"to":[16.155672,-2.6356535,11.270813],"faces":{"east":{"uv":[2.875,1.375,3.375,1.875],"tintindex":0,"rotation":0,"texture":"#0"},"south":{"uv":[4.375,1.375,4.875,1.875],"tintindex":0,"rotation":0,"texture":"#0"},"north":{"uv":[3.375,1.375,3.875,1.875],"tintindex":0,"rotation":0,"texture":"#0"},"west":{"uv":[3.875,1.375,4.375,1.875],"tintindex":0,"rotation":0,"texture":"#0"},"up":{"uv":[3.875,1.375,3.375,0.875],"tintindex":0,"rotation":0,"texture":"#0"},"down":{"uv":[4.375,0.875,3.875,1.375],"tintindex":0,"rotation":0,"texture":"#0"}},"rotation":{"origin":[31.692486,15.911379,0.4451623],"angle":-22.5,"axis":"z"}},{"from":[10.542373,-2.6356535,5.6575127],"to":[15.353773,-0.22995377,10.468912],"faces":{"east":{"uv":[5.5625,5.0,5.9375,5.25],"tintindex":0,"rotation":0,"texture":"#0"},"south":{"uv":[6.6875,5.0,7.0625,5.25],"tintindex":0,"rotation":0,"texture":"#0"},"north":{"uv":[5.9375,5.0,6.3125,5.25],"tintindex":0,"rotation":0,"texture":"#0"},"west":{"uv":[6.3125,5.0,6.6875,5.25],"tintindex":0,"rotation":0,"texture":"#0"},"up":{"uv":[6.3125,5.0,5.9375,4.625],"tintindex":0,"rotation":0,"texture":"#0"},"down":{"uv":[6.6875,4.625,6.3125,5.0],"tintindex":0,"rotation":0,"texture":"#0"}},"rotation":{"origin":[31.692486,15.911379,0.4451623],"angle":-22.5,"axis":"z"}}],"display":{"gui":{"rotation":[30,225,0]}}}