{"file_name":"l_leg_bottom","texture_size":[64,64],"textures":{"fe698ccc-469f-c3d0-cb1e-d5e55767e57b":"modelengine:entity/raidrobot1","b66cf744-1fb8-4cbb-47fc-41028e1b0f5b":"modelengine:entity/raidrobot2"},"elements":[{"name":"cube","from":[-12.20788,16.414387,9.087793],"to":[-6.4342003,22.188065,17.748314],"rotation":{"angle":45.0,"axis":"x","origin":[8.0,30.551586,4.7575326]},"faces":{"down":{"uv":[5.25,5.125,4.5,6.25],"rotation":0,"texture":"#b66cf744-1fb8-4cbb-47fc-41028e1b0f5b","tintindex":0},"east":{"uv":[2.25,5.0,3.375,5.75],"rotation":0,"texture":"#b66cf744-1fb8-4cbb-47fc-41028e1b0f5b","tintindex":0},"north":{"uv":[4.0,6.25,4.75,7.0],"rotation":0,"texture":"#b66cf744-1fb8-4cbb-47fc-41028e1b0f5b","tintindex":0},"south":{"uv":[6.375,2.5,7.125,3.25],"rotation":0,"texture":"#b66cf744-1fb8-4cbb-47fc-41028e1b0f5b","tintindex":0},"up":{"uv":[5.75,5.125,5.0,4.0],"rotation":0,"texture":"#b66cf744-1fb8-4cbb-47fc-41028e1b0f5b","tintindex":0},"west":{"uv":[3.375,5.0,4.5,5.75],"rotation":0,"texture":"#b66cf744-1fb8-4cbb-47fc-41028e1b0f5b","tintindex":0}}},{"name":"cube","from":[-11.245601,10.896373,5.6092997],"to":[-7.3964815,14.745494,9.45842],"rotation":{"angle":-22.5,"axis":"x","origin":[8.0,8.674812,8.014999]},"faces":{"down":{"uv":[8.0,4.75,7.5,5.25],"rotation":0,"texture":"#b66cf744-1fb8-4cbb-47fc-41028e1b0f5b","tintindex":0},"east":{"uv":[3.5,7.5,4.0,8.0],"rotation":0,"texture":"#b66cf744-1fb8-4cbb-47fc-41028e1b0f5b","tintindex":0},"north":{"uv":[7.5,3.25,8.0,3.75],"rotation":0,"texture":"#b66cf744-1fb8-4cbb-47fc-41028e1b0f5b","tintindex":0},"south":{"uv":[7.5,3.75,8.0,4.25],"rotation":0,"texture":"#b66cf744-1fb8-4cbb-47fc-41028e1b0f5b","tintindex":0},"up":{"uv":[8.0,4.75,7.5,4.25],"rotation":0,"texture":"#b66cf744-1fb8-4cbb-47fc-41028e1b0f5b","tintindex":0},"west":{"uv":[4.0,7.5,4.5,8.0],"rotation":0,"texture":"#b66cf744-1fb8-4cbb-47fc-41028e1b0f5b","tintindex":0}}}],"display":{"head":{"translation":[0.0,-6.4,0.0],"rotation":[0.0,0.0,0.0],"scale":[3.8095,3.8095,3.8095]},"gui":{"translation":[0.0,0.0,0.0],"rotation":[35.0,225.0,0.0],"scale":[0.625,0.625,0.625]}}}