{"textures":{"0":"modelengine:entity/raidrobot1"},"elements":[{"from":[3.7923994,7.9905014,4.7924004],"to":[10.2076,16.009499,11.207601],"faces":{"east":{"uv":[7.3125,1.0,7.5625,1.3125],"tintindex":0,"rotation":0,"texture":"#0"},"south":{"uv":[8.0625,1.0,8.3125,1.3125],"tintindex":0,"rotation":0,"texture":"#0"},"north":{"uv":[7.5625,1.0,7.8125,1.3125],"tintindex":0,"rotation":0,"texture":"#0"},"west":{"uv":[7.8125,1.0,8.0625,1.3125],"tintindex":0,"rotation":0,"texture":"#0"},"up":{"uv":[7.8125,1.0,7.5625,0.75],"tintindex":0,"rotation":0,"texture":"#0"},"down":{"uv":[8.0625,0.75,7.8125,1.0],"tintindex":0,"rotation":0,"texture":"#0"}},"rotation":{"origin":[7.819847,10.32962,6.5966754],"angle":22.5,"axis":"z"}}],"display":{"gui":{"rotation":[30,225,0]}}}