{"textures":{"0":"modelengine:entity/raidrobot1"},"elements":[{"from":[0.9833746,8.227692,3.8150253],"to":[9.002375,19.454285,11.834024],"faces":{"east":{"uv":[6.1875,6.625,6.5,7.0625],"tintindex":0,"rotation":0,"texture":"#0"},"south":{"uv":[7.125,6.625,7.4375,7.0625],"tintindex":0,"rotation":0,"texture":"#0"},"north":{"uv":[6.5,6.625,6.8125,7.0625],"tintindex":0,"rotation":0,"texture":"#0"},"west":{"uv":[6.8125,6.625,7.125,7.0625],"tintindex":0,"rotation":0,"texture":"#0"},"up":{"uv":[6.8125,6.625,6.5,6.3125],"tintindex":0,"rotation":0,"texture":"#0"},"down":{"uv":[7.125,6.3125,6.8125,6.625],"tintindex":0,"rotation":0,"texture":"#0"}},"rotation":{"origin":[9.403325,16.453354,7.62405],"angle":22.5,"axis":"z"}}],"display":{"gui":{"rotation":[30,225,0]}}}