{"file_name":"l_sword_body","texture_size":[64,64],"textures":{"fe698ccc-469f-c3d0-cb1e-d5e55767e57b":"modelengine:entity/raidrobot1","b66cf744-1fb8-4cbb-47fc-41028e1b0f5b":"modelengine:entity/raidrobot2"},"elements":[{"name":"cube","from":[7.3556156,5.418941,29.719757],"to":[8.214794,7.1372976,31.352196],"rotation":{"angle":22.5,"axis":"x","origin":[7.527452,-3.986414,16.660244]},"faces":{"down":{"uv":[2.625,5.5625,2.5625,5.6875],"rotation":0,"texture":"#fe698ccc-469f-c3d0-cb1e-d5e55767e57b","tintindex":0},"east":{"uv":[2.375,5.6875,2.5,5.8125],"rotation":0,"texture":"#fe698ccc-469f-c3d0-cb1e-d5e55767e57b","tintindex":0},"north":{"uv":[2.5,5.6875,2.5625,5.8125],"rotation":0,"texture":"#fe698ccc-469f-c3d0-cb1e-d5e55767e57b","tintindex":0},"south":{"uv":[2.6875,5.6875,2.75,5.8125],"rotation":0,"texture":"#fe698ccc-469f-c3d0-cb1e-d5e55767e57b","tintindex":0},"up":{"uv":[2.5625,5.6875,2.5,5.5625],"rotation":0,"texture":"#fe698ccc-469f-c3d0-cb1e-d5e55767e57b","tintindex":0},"west":{"uv":[2.5625,5.6875,2.6875,5.8125],"rotation":0,"texture":"#fe698ccc-469f-c3d0-cb1e-d5e55767e57b","tintindex":0}}},{"name":"cube","from":[7.1837807,-11.012552,29.594307],"to":[8.38663,-8.778687,32.0],"rotation":{"angle":-45.0,"axis":"x","origin":[7.527452,-3.8357592,21.002518]},"faces":{"down":{"uv":[0.3125,2.1875,0.25,2.375],"rotation":0,"texture":"#fe698ccc-469f-c3d0-cb1e-d5e55767e57b","tintindex":0},"east":{"uv":[0.0,2.375,0.1875,2.5625],"rotation":0,"texture":"#fe698ccc-469f-c3d0-cb1e-d5e55767e57b","tintindex":0},"north":{"uv":[0.1875,2.375,0.25,2.5625],"rotation":0,"texture":"#fe698ccc-469f-c3d0-cb1e-d5e55767e57b","tintindex":0},"south":{"uv":[0.4375,2.375,0.5,2.5625],"rotation":0,"texture":"#fe698ccc-469f-c3d0-cb1e-d5e55767e57b","tintindex":0},"up":{"uv":[0.25,2.375,0.1875,2.1875],"rotation":0,"texture":"#fe698ccc-469f-c3d0-cb1e-d5e55767e57b","tintindex":0},"west":{"uv":[0.25,2.375,0.4375,2.5625],"rotation":0,"texture":"#fe698ccc-469f-c3d0-cb1e-d5e55767e57b","tintindex":0}}},{"name":"cube","from":[7.011945,-5.7087917,26.963219],"to":[8.558466,-2.8735037,29.712593],"rotation":{"angle":-22.5,"axis":"x","origin":[7.6992865,2.2412608,24.299767]},"faces":{"down":{"uv":[2.5,7.8125,2.375,8.0625],"rotation":0,"texture":"#fe698ccc-469f-c3d0-cb1e-d5e55767e57b","tintindex":0},"east":{"uv":[2.0,8.0625,2.25,8.3125],"rotation":0,"texture":"#fe698ccc-469f-c3d0-cb1e-d5e55767e57b","tintindex":0},"north":{"uv":[2.25,8.0625,2.375,8.3125],"rotation":0,"texture":"#fe698ccc-469f-c3d0-cb1e-d5e55767e57b","tintindex":0},"south":{"uv":[2.625,8.0625,2.75,8.3125],"rotation":0,"texture":"#fe698ccc-469f-c3d0-cb1e-d5e55767e57b","tintindex":0},"up":{"uv":[2.375,8.0625,2.25,7.8125],"rotation":0,"texture":"#fe698ccc-469f-c3d0-cb1e-d5e55767e57b","tintindex":0},"west":{"uv":[2.375,8.0625,2.625,8.3125],"rotation":0,"texture":"#fe698ccc-469f-c3d0-cb1e-d5e55767e57b","tintindex":0}}},{"name":"cube","from":[6.9260273,-2.9999695,23.230682],"to":[8.644384,-0.59426975,25.980057],"rotation":{"angle":-22.5,"axis":"x","origin":[6.9260273,6.152934,31.04921]},"faces":{"down":{"uv":[8.5,5.875,8.375,6.125],"rotation":0,"texture":"#fe698ccc-469f-c3d0-cb1e-d5e55767e57b","tintindex":0},"east":{"uv":[8.0,6.125,8.25,6.3125],"rotation":0,"texture":"#fe698ccc-469f-c3d0-cb1e-d5e55767e57b","tintindex":0},"north":{"uv":[8.25,6.125,8.375,6.3125],"rotation":0,"texture":"#fe698ccc-469f-c3d0-cb1e-d5e55767e57b","tintindex":0},"south":{"uv":[8.625,6.125,8.75,6.3125],"rotation":0,"texture":"#fe698ccc-469f-c3d0-cb1e-d5e55767e57b","tintindex":0},"up":{"uv":[8.375,6.125,8.25,5.875],"rotation":0,"texture":"#fe698ccc-469f-c3d0-cb1e-d5e55767e57b","tintindex":0},"west":{"uv":[8.375,6.125,8.625,6.3125],"rotation":0,"texture":"#fe698ccc-469f-c3d0-cb1e-d5e55767e57b","tintindex":0}}},{"name":"cube","from":[6.668274,-5.4509535,23.887047],"to":[8.902138,-3.2170897,27.409683],"rotation":{"angle":0.0,"axis":"x","origin":[6.9260273,9.372528,33.50985]},"faces":{"down":{"uv":[8.3125,7.625,8.125,7.9375],"rotation":0,"texture":"#fe698ccc-469f-c3d0-cb1e-d5e55767e57b","tintindex":0},"east":{"uv":[7.625,7.9375,7.9375,8.125],"rotation":0,"texture":"#fe698ccc-469f-c3d0-cb1e-d5e55767e57b","tintindex":0},"north":{"uv":[7.9375,7.9375,8.125,8.125],"rotation":0,"texture":"#fe698ccc-469f-c3d0-cb1e-d5e55767e57b","tintindex":0},"south":{"uv":[8.4375,7.9375,8.625,8.125],"rotation":0,"texture":"#fe698ccc-469f-c3d0-cb1e-d5e55767e57b","tintindex":0},"up":{"uv":[8.125,7.9375,7.9375,7.625],"rotation":0,"texture":"#fe698ccc-469f-c3d0-cb1e-d5e55767e57b","tintindex":0},"west":{"uv":[8.125,7.9375,8.4375,8.125],"rotation":0,"texture":"#fe698ccc-469f-c3d0-cb1e-d5e55767e57b","tintindex":0}}},{"name":"cube","from":[6.496437,-9.19503,27.969063],"to":[9.073974,-6.7893305,31.663528],"rotation":{"angle":22.5,"axis":"x","origin":[7.0978622,11.986374,36.818596]},"faces":{"down":{"uv":[7.3125,7.625,7.125,7.9375],"rotation":0,"texture":"#fe698ccc-469f-c3d0-cb1e-d5e55767e57b","tintindex":0},"east":{"uv":[6.625,7.9375,6.9375,8.125],"rotation":0,"texture":"#fe698ccc-469f-c3d0-cb1e-d5e55767e57b","tintindex":0},"north":{"uv":[6.9375,7.9375,7.125,8.125],"rotation":0,"texture":"#fe698ccc-469f-c3d0-cb1e-d5e55767e57b","tintindex":0},"south":{"uv":[7.4375,7.9375,7.625,8.125],"rotation":0,"texture":"#fe698ccc-469f-c3d0-cb1e-d5e55767e57b","tintindex":0},"up":{"uv":[7.125,7.9375,6.9375,7.625],"rotation":0,"texture":"#fe698ccc-469f-c3d0-cb1e-d5e55767e57b","tintindex":0},"west":{"uv":[7.125,7.9375,7.4375,8.125],"rotation":0,"texture":"#fe698ccc-469f-c3d0-cb1e-d5e55767e57b","tintindex":0}}},{"name":"cube","from":[6.324601,-16.0,22.028343],"to":[9.245809,-13.078793,28.300346],"rotation":{"angle":45.0,"axis":"x","origin":[7.269698,-0.7469282,38.438652]},"faces":{"down":{"uv":[5.9375,1.0,5.6875,1.5625],"rotation":0,"texture":"#fe698ccc-469f-c3d0-cb1e-d5e55767e57b","tintindex":0},"east":{"uv":[4.875,1.5625,5.4375,1.8125],"rotation":0,"texture":"#fe698ccc-469f-c3d0-cb1e-d5e55767e57b","tintindex":0},"north":{"uv":[5.4375,1.5625,5.6875,1.8125],"rotation":0,"texture":"#fe698ccc-469f-c3d0-cb1e-d5e55767e57b","tintindex":0},"south":{"uv":[6.25,1.5625,6.5,1.8125],"rotation":0,"texture":"#fe698ccc-469f-c3d0-cb1e-d5e55767e57b","tintindex":0},"up":{"uv":[5.6875,1.5625,5.4375,1.0],"rotation":0,"texture":"#fe698ccc-469f-c3d0-cb1e-d5e55767e57b","tintindex":0},"west":{"uv":[5.6875,1.5625,6.25,1.8125],"rotation":0,"texture":"#fe698ccc-469f-c3d0-cb1e-d5e55767e57b","tintindex":0}}},{"name":"cube","from":[6.5823545,0.91018534,14.5283165],"to":[8.988054,3.4018028,17.62136],"rotation":{"angle":22.5,"axis":"x","origin":[7.269698,1.8107839,14.337984]},"faces":{"down":{"uv":[5.875,7.125,5.6875,7.375],"rotation":0,"texture":"#fe698ccc-469f-c3d0-cb1e-d5e55767e57b","tintindex":0},"east":{"uv":[5.25,7.375,5.5,7.5625],"rotation":0,"texture":"#fe698ccc-469f-c3d0-cb1e-d5e55767e57b","tintindex":0},"north":{"uv":[5.5,7.375,5.6875,7.5625],"rotation":0,"texture":"#fe698ccc-469f-c3d0-cb1e-d5e55767e57b","tintindex":0},"south":{"uv":[5.9375,7.375,6.125,7.5625],"rotation":0,"texture":"#fe698ccc-469f-c3d0-cb1e-d5e55767e57b","tintindex":0},"up":{"uv":[5.6875,7.375,5.5,7.125],"rotation":0,"texture":"#fe698ccc-469f-c3d0-cb1e-d5e55767e57b","tintindex":0},"west":{"uv":[5.6875,7.375,5.9375,7.5625],"rotation":0,"texture":"#fe698ccc-469f-c3d0-cb1e-d5e55767e57b","tintindex":0}}},{"name":"cube","from":[6.754191,0.7290368,10.759977],"to":[8.81622,3.0488188,15.090237],"rotation":{"angle":0.0,"axis":"x","origin":[7.269698,3.6057463,15.587246]},"faces":{"down":{"uv":[5.25,7.25,5.0625,7.625],"rotation":0,"texture":"#fe698ccc-469f-c3d0-cb1e-d5e55767e57b","tintindex":0},"east":{"uv":[4.5,7.625,4.875,7.8125],"rotation":0,"texture":"#fe698ccc-469f-c3d0-cb1e-d5e55767e57b","tintindex":0},"north":{"uv":[4.875,7.625,5.0625,7.8125],"rotation":0,"texture":"#fe698ccc-469f-c3d0-cb1e-d5e55767e57b","tintindex":0},"south":{"uv":[5.4375,7.625,5.625,7.8125],"rotation":0,"texture":"#fe698ccc-469f-c3d0-cb1e-d5e55767e57b","tintindex":0},"up":{"uv":[5.0625,7.625,4.875,7.25],