{"elements":[{"from":[5.595657,7.994571,6.1670856],"to":[9.261486,12.576857,9.832914],"rotation":{"angle":22.5,"axis":"z","origin":[7.8970556,9.331213,7.1981]},"faces":{"east":{"uv":[7.3125,1.0,7.5625,1.3125],"rotation":0,"texture":"#0","tintindex":0},"south":{"uv":[8.0625,1.0,8.3125,1.3125],"rotation":0,"texture":"#0","tintindex":0},"north":{"uv":[7.5625,1.0,7.8125,1.3125],"rotation":0,"texture":"#0","tintindex":0},"west":{"uv":[7.8125,1.0,8.0625,1.3125],"rotation":0,"texture":"#0","tintindex":0},"up":{"uv":[7.8125,1.0,7.5625,0.75],"rotation":0,"texture":"#0","tintindex":0},"down":{"uv":[8.0625,0.75,7.8125,1.0],"rotation":0,"texture":"#0","tintindex":0}}}],"textures":{"0":"modelengine:entity/raidrobot1"},"display":{"head":{"translation":[0.0,-6.4,0.0],"scale":[4.0,4.0,4.0]}}}