{"textures":{"0":"modelengine:entity/raidrobot1"},"elements":[{"from":[3.9905,8.130107,5.6085854],"to":[8.572785,14.545307,10.190871],"rotation":{"angle":22.5,"axis":"z","origin":[8.8019,12.830486,7.7851715]},"faces":{"east":{"uv":[6.1875,6.625,6.5,7.0625],"rotation":0,"texture":"#0","tintindex":0},"south":{"uv":[7.125,6.625,7.4375,7.0625],"rotation":0,"texture":"#0","tintindex":0},"north":{"uv":[6.5,6.625,6.8125,7.0625],"rotation":0,"texture":"#0","tintindex":0},"west":{"uv":[6.8125,6.625,7.125,7.0625],"rotation":0,"texture":"#0","tintindex":0},"up":{"uv":[6.8125,6.625,6.5,6.3125],"rotation":0,"texture":"#0","tintindex":0},"down":{"uv":[7.125,6.3125,6.8125,6.625],"rotation":0,"texture":"#0","tintindex":0}}}],"display":{"head":{"translation":[0.0,-6.4,0.0],"scale":[4.0,4.0,4.0]}}}