{"elements":[{"from":[1.5200257,4.6577234,5.322871],"to":[7.018769,7.521652,10.821614],"rotation":{"angle":22.5,"axis":"z","origin":[5.071297,16.804317,-0.6341009]},"faces":{"east":{"uv":[5.375,4.125,5.75,4.375],"rotation":0,"texture":"#0","tintindex":0},"south":{"uv":[6.5,4.125,6.875,4.375],"rotation":0,"texture":"#0","tintindex":0},"north":{"uv":[5.75,4.125,6.125,4.375],"rotation":0,"texture":"#0","tintindex":0},"west":{"uv":[6.125,4.125,6.5,4.375],"rotation":0,"texture":"#0","tintindex":0},"up":{"uv":[6.125,4.125,5.75,3.75],"rotation":0,"texture":"#0","tintindex":0},"down":{"uv":[6.5,3.75,6.125,4.125],"rotation":0,"texture":"#0","tintindex":0}}},{"from":[2.436483,-6.110649,5.322871],"to":[7.935226,-3.3612766,10.821614],"rotation":{"angle":22.5,"axis":"z","origin":[5.9877543,14.971403,-0.6341009]},"faces":{"east":{"uv":[6.125,0.4375,6.5,0.625],"rotation":0,"texture":"#0","tintindex":0},"south":{"uv":[7.25,0.4375,7.625,0.625],"rotation":0,"texture":"#0","tintindex":0},"north":{"uv":[6.5,0.4375,6.875,0.625],"rotation":0,"texture":"#0","tintindex":0},"west":{"uv":[6.875,0.4375,7.25,0.625],"rotation":0,"texture":"#0","tintindex":0},"up":{"uv":[6.875,0.4375,6.5,0.0625],"rotation":0,"texture":"#0","tintindex":0},"down":{"uv":[7.25,0.0625,6.875,0.4375],"rotation":0,"texture":"#0","tintindex":0}}},{"from":[1.0617967,-3.475834,4.406414],"to":[8.393455,4.7722807,11.738071],"rotation":{"angle":22.5,"axis":"z","origin":[5.5295258,15.887859,-0.6341009]},"faces":{"east":{"uv":[2.25,2.6875,2.75,3.1875],"rotation":0,"texture":"#0","tintindex":0},"south":{"uv":[3.75,2.6875,4.25,3.1875],"rotation":0,"texture":"#0","tintindex":0},"north":{"uv":[2.75,2.6875,3.25,3.1875],"rotation":0,"texture":"#0","tintindex":0},"west":{"uv":[3.25,2.6875,3.75,3.1875],"rotation":0,"texture":"#0","tintindex":0},"up":{"uv":[3.25,2.6875,2.75,2.1875],"rotation":0,"texture":"#0","tintindex":0},"down":{"uv":[3.75,2.1875,3.25,2.6875],"rotation":0,"texture":"#0","tintindex":0}}}],"textures":{"0":"modelengine:entity/raidrobot1"},"display":{"head":{"translation":[0.0,-6.4,0.0],"scale":[4.0,4.0,4.0]}}}