{"textures":{"0":"modelengine:entity/raidrobot1"},"elements":[{"from":[12.58352,8.461803,5.9075127],"to":[17.595394,11.669403,10.718912],"faces":{"east":{"uv":[1.25,5.9375,1.625,6.1875],"tintindex":0,"rotation":0,"texture":"#0"},"south":{"uv":[2.375,5.9375,2.75,6.1875],"tintindex":0,"rotation":0,"texture":"#0"},"north":{"uv":[1.625,5.9375,2.0,6.1875],"tintindex":0,"rotation":0,"texture":"#0"},"west":{"uv":[2.0,5.9375,2.375,6.1875],"tintindex":0,"rotation":0,"texture":"#0"},"up":{"uv":[2.0,5.9375,1.625,5.5625],"tintindex":0,"rotation":0,"texture":"#0"},"down":{"uv":[2.375,5.5625,2.0,5.9375],"tintindex":0,"rotation":0,"texture":"#0"}},"rotation":{"origin":[15.231684,9.851849,8.313212],"angle":45.0,"axis":"z"}},{"from":[19.21529,-4.6404057,5.1056128],"to":[25.63049,0.1709938,11.520813],"faces":{"east":{"uv":[0.0,3.5625,0.5,3.9375],"tintindex":0,"rotation":0,"texture":"#0"},"south":{"uv":[1.5,3.5625,2.0,3.9375],"tintindex":0,"rotation":0,"texture":"#0"},"north":{"uv":[0.5,3.5625,1.0,3.9375],"tintindex":0,"rotation":0,"texture":"#0"},"west":{"uv":[1.0,3.5625,1.5,3.9375],"tintindex":0,"rotation":0,"texture":"#0"},"up":{"uv":[1.0,3.5625,0.5,3.0625],"tintindex":0,"rotation":0,"texture":"#0"},"down":{"uv":[1.5,3.0625,1.0,3.5625],"tintindex":0,"rotation":0,"texture":"#0"}},"rotation":{"origin":[-7.3476467,-26.589325,0.6951623],"angle":22.5,"axis":"z"}},{"from":[9.943322,-3.4375553,6.3084626],"to":[13.952823,6.9871445,10.317963],"faces":{"east":{"uv":[3.375,5.3125,3.6875,6.125],"tintindex":0,"rotation":0,"texture":"#0"},"south":{"uv":[4.3125,5.3125,4.625,6.125],"tintindex":0,"rotation":0,"texture":"#0"},"north":{"uv":[3.6875,5.3125,4.0,6.125],"tintindex":0,"rotation":0,"texture":"#0"},"west":{"uv":[4.0,5.3125,4.3125,6.125],"tintindex":0,"rotation":0,"texture":"#0"},"up":{"uv":[4.0,5.3125,3.6875,5.0],"tintindex":0,"rotation":0,"texture":"#0"},"down":{"uv":[4.3125,5.0,4.0,5.3125],"tintindex":0,"rotation":0,"texture":"#0"}},"rotation":{"origin":[12.6497345,4.6847763,0.6951623],"angle":22.5,"axis":"z"}}],"display":{"gui":{"rotation":[30,225,0]}}}