{"elements":[{"from":[20.817476,-6.4461765,4.692128],"to":[28.149134,-0.9474335,12.023787],"rotation":{"angle":22.5,"axis":"z","origin":[-9.540167,-31.530655,-0.34838676]},"faces":{"east":{"uv":[0.0,3.5625,0.5,3.9375],"rotation":0,"texture":"#0","tintindex":0},"south":{"uv":[1.5,3.5625,2.0,3.9375],"rotation":0,"texture":"#0","tintindex":0},"north":{"uv":[0.5,3.5625,1.0,3.9375],"rotation":0,"texture":"#0","tintindex":0},"west":{"uv":[1.0,3.5625,1.5,3.9375],"rotation":0,"texture":"#0","tintindex":0},"up":{"uv":[1.0,3.5625,0.5,3.0625],"rotation":0,"texture":"#0","tintindex":0},"down":{"uv":[1.5,3.0625,1.0,3.5625],"rotation":0,"texture":"#0","tintindex":0}}},{"from":[13.238309,8.527778,5.6085854],"to":[18.966167,12.193606,11.107328],"rotation":{"angle":45.0,"axis":"z","origin":[16.264782,10.116402,8.357957]},"faces":{"east":{"uv":[1.25,5.9375,1.625,6.1875],"rotation":0,"texture":"#0","tintindex":0},"south":{"uv":[2.375,5.9375,2.75,6.1875],"rotation":0,"texture":"#0","tintindex":0},"north":{"uv":[1.625,5.9375,2.0,6.1875],"rotation":0,"texture":"#0","tintindex":0},"west":{"uv":[2.0,5.9375,2.375,6.1875],"rotation":0,"texture":"#0","tintindex":0},"up":{"uv":[2.0,5.9375,1.625,5.5625],"rotation":0,"texture":"#0","tintindex":0},"down":{"uv":[2.375,5.5625,2.0,5.9375],"rotation":0,"texture":"#0","tintindex":0}}},{"from":[10.22094,-5.0714912,6.0668144],"to":[14.803226,6.842452,10.6491],"rotation":{"angle":22.5,"axis":"z","origin":[13.313983,4.2111735,-0.34838676]},"faces":{"east":{"uv":[3.375,5.3125,3.6875,6.125],"rotation":0,"texture":"#0","tintindex":0},"south":{"uv":[4.3125,5.3125,4.625,6.125],"rotation":0,"texture":"#0","tintindex":0},"north":{"uv":[3.6875,5.3125,4.0,6.125],"rotation":0,"texture":"#0","tintindex":0},"west":{"uv":[4.0,5.3125,4.3125,6.125],"rotation":0,"texture":"#0","tintindex":0},"up":{"uv":[4.0,5.3125,3.6875,5.0],"rotation":0,"texture":"#0","tintindex":0},"down":{"uv":[4.3125,5.0,4.0,5.3125],"rotation":0,"texture":"#0","tintindex":0}}}],"textures":{"0":"modelengine:entity/raidrobot1"},"display":{"head":{"translation":[0.0,-6.4,0.0],"scale":[4.0,4.0,4.0]}}}