{"textures":{"0":"modelengine:entity/raidrobot1"},"elements":[{"from":[3.1319227,-4.346818,5.6575127],"to":[7.943322,-1.9411182,10.468912],"faces":{"east":{"uv":[6.125,0.4375,6.5,0.625],"tintindex":0,"rotation":0,"texture":"#0"},"south":{"uv":[7.25,0.4375,7.625,0.625],"tintindex":0,"rotation":0,"texture":"#0"},"north":{"uv":[6.5,0.4375,6.875,0.625],"tintindex":0,"rotation":0,"texture":"#0"},"west":{"uv":[6.875,0.4375,7.25,0.625],"tintindex":0,"rotation":0,"texture":"#0"},"up":{"uv":[6.875,0.4375,6.5,0.0625],"tintindex":0,"rotation":0,"texture":"#0"},"down":{"uv":[7.25,0.0625,6.875,0.4375],"tintindex":0,"rotation":0,"texture":"#0"}},"rotation":{"origin":[6.2392845,14.099976,0.4451623],"angle":22.5,"axis":"z"}},{"from":[2.3300228,5.075508,5.6575127],"to":[7.1414223,7.5814457,10.468912],"faces":{"east":{"uv":[5.375,4.125,5.75,4.375],"tintindex":0,"rotation":0,"texture":"#0"},"south":{"uv":[6.5,4.125,6.875,4.375],"tintindex":0,"rotation":0,"texture":"#0"},"north":{"uv":[5.75,4.125,6.125,4.375],"tintindex":0,"rotation":0,"texture":"#0"},"west":{"uv":[6.125,4.125,6.5,4.375],"tintindex":0,"rotation":0,"texture":"#0"},"up":{"uv":[6.125,4.125,5.75,3.75],"tintindex":0,"rotation":0,"texture":"#0"},"down":{"uv":[6.5,3.75,6.125,4.125],"tintindex":0,"rotation":0,"texture":"#0"}},"rotation":{"origin":[5.4373846,15.703777,0.4451623],"angle":22.5,"axis":"z"}},{"from":[1.9290724,-2.0413551,4.8556128],"to":[8.344273,5.175745,11.270813],"faces":{"east":{"uv":[2.25,2.6875,2.75,3.1875],"tintindex":0,"rotation":0,"texture":"#0"},"south":{"uv":[3.75,2.6875,4.25,3.1875],"tintindex":0,"rotation":0,"texture":"#0"},"north":{"uv":[2.75,2.6875,3.25,3.1875],"tintindex":0,"rotation":0,"texture":"#0"},"west":{"uv":[3.25,2.6875,3.75,3.1875],"tintindex":0,"rotation":0,"texture":"#0"},"up":{"uv":[3.25,2.6875,2.75,2.1875],"tintindex":0,"rotation":0,"texture":"#0"},"down":{"uv":[3.75,2.1875,3.25,2.6875],"tintindex":0,"rotation":0,"texture":"#0"}},"rotation":{"origin":[5.838335,14.901875,0.4451623],"angle":22.5,"axis":"z"}}],"display":{"gui":{"rotation":[30,225,0]}}}