{"textures":{"0":"modelengine:entity/raidrobot1"},"elements":[{"from":[4.746439,7.4457264,6.79715],"to":[7.753563,11.0542755,9.20285],"faces":{"east":{"uv":[0.3125,1.625,0.375,1.75],"tintindex":0,"rotation":0,"texture":"#0"},"south":{"uv":[0.5,1.625,0.5625,1.75],"tintindex":0,"rotation":0,"texture":"#0"},"north":{"uv":[0.375,1.625,0.4375,1.75],"tintindex":0,"rotation":0,"texture":"#0"},"west":{"uv":[0.4375,1.625,0.5,1.75],"tintindex":0,"rotation":0,"texture":"#0"},"up":{"uv":[0.4375,1.625,0.375,1.5625],"tintindex":0,"rotation":0,"texture":"#0"},"down":{"uv":[0.5,1.5625,0.4375,1.625],"tintindex":0,"rotation":0,"texture":"#0"}},"rotation":{"origin":[16.939453,15.028023,10.606174],"angle":22.5,"axis":"z"}}],"display":{"gui":{"rotation":[30,225,0]}}}