{"textures":{"1":"modelengine:entity/raidrobot2"},"elements":[{"from":[3.9945712,4.562366,0.18405819],"to":[11.784457,8.228195,7.057487],"rotation":{"angle":0.0,"axis":"y","origin":[7.431286,5.195966,9.34863]},"faces":{"east":{"uv":[7.0,0.5,8.0,1.0],"rotation":0,"texture":"#1","tintindex":0},"south":{"uv":[6.625,0.0,7.75,0.5],"rotation":0,"texture":"#1","tintindex":0},"north":{"uv":[6.375,5.25,7.5,5.75],"rotation":0,"texture":"#1","tintindex":0},"west":{"uv":[6.75,6.25,7.75,6.75],"rotation":0,"texture":"#1","tintindex":0},"up":{"uv":[1.125,4.0,0.0,3.0],"rotation":0,"texture":"#1","tintindex":0},"down":{"uv":[4.5,3.0,3.375,4.0],"rotation":0,"texture":"#1","tintindex":0}}},{"from":[5.369257,4.562366,7.057487],"to":[10.409772,8.228195,13.014459],"rotation":{"angle":0.0,"axis":"y","origin":[7.431286,5.195966,9.34863]},"faces":{"east":{"uv":[7.0,1.0,7.875,1.5],"rotation":0,"texture":"#1","tintindex":0},"south":{"uv":[1.25,7.25,2.0,7.75],"rotation":0,"texture":"#1","tintindex":0},"north":{"uv":[6.25,7.25,7.0,7.75],"rotation":0,"texture":"#1","tintindex":0},"west":{"uv":[7.0,1.5,7.875,2.0],"rotation":0,"texture":"#1","tintindex":0},"up":{"uv":[6.0,6.75,5.25,5.875],"rotation":0,"texture":"#1","tintindex":0},"down":{"uv":[7.0,1.625,6.25,2.5],"rotation":0,"texture":"#1","tintindex":0}}},{"from":[4.8258286,4.562366,-6.101657],"to":[10.901428,7.2996235,0.20034361],"rotation":{"angle":0.0,"axis":"y","origin":[7.502714,5.195966,13.634344]},"faces":{"east":{"uv":[7.25,11.625,8.625,12.25],"rotation":0,"texture":"#1","tintindex":0},"south":{"uv":[5.875,11.875,7.25,12.5],"rotation":0,"texture":"#1","tintindex":0},"north":{"uv":[7.25,9.125,8.625,9.75],"rotation":0,"texture":"#1","tintindex":0},"west":{"uv":[7.25,12.25,8.625,12.875],"rotation":0,"texture":"#1","tintindex":0},"up":{"uv":[4.5,10.5,5.875,11.875],"rotation":0,"texture":"#1","tintindex":0},"down":{"uv":[4.5,9.125,5.875,10.5],"rotation":0,"texture":"#1","tintindex":0}}},{"from":[6.211257,4.562366,13.014459],"to":[9.567772,7.317795,16.680286],"rotation":{"angle":0.0,"axis":"y","origin":[7.431286,5.195966,9.34863]},"faces":{"east":{"uv":[8.25,12.875,9.0,13.5],"rotation":0,"texture":"#1","tintindex":0},"south":{"uv":[4.5,13.25,5.25,13.875],"rotation":0,"texture":"#1","tintindex":0},"north":{"uv":[8.625,10.375,9.375,11.0],"rotation":0,"texture":"#1","tintindex":0},"west":{"uv":[8.625,9.125,9.375,9.75],"rotation":0,"texture":"#1","tintindex":0},"up":{"uv":[4.5,12.5,5.25,13.25],"rotation":0,"texture":"#1","tintindex":0},"down":{"uv":[6.75,12.875,7.5,13.625],"rotation":0,"texture":"#1","tintindex":0}}}],"display":{"head":{"translation":[0.0,-6.4,0.0],"scale":[4.0,4.0,4.0]}}}