{"file_name":"r_leg_bottom","texture_size":[256,256],"textures":{"fe698ccc-469f-c3d0-cb1e-d5e55767e57b":"modelengine:entity/raidrobot1","b66cf744-1fb8-4cbb-47fc-41028e1b0f5b":"modelengine:entity/raidrobot2","bbb80463-07cb-07c1-9b8a-9adfa462a1d7":"modelengine:entity/raidrobot_sword"},"elements":[{"name":"cube","from":[4.9943,4.114386,17.787792],"to":[10.76798,9.888065,26.448315],"rotation":{"angle":45.0,"axis":"x","origin":[7.4,18.251587,13.457533]},"faces":{"down":{"uv":[6.25,1.875,5.5,3.0],"rotation":0,"texture":"#b66cf744-1fb8-4cbb-47fc-41028e1b0f5b","tintindex":0},"east":{"uv":[5.25,5.125,6.375,5.875],"rotation":0,"texture":"#b66cf744-1fb8-4cbb-47fc-41028e1b0f5b","tintindex":0},"north":{"uv":[0.0,6.5,0.75,7.25],"rotation":0,"texture":"#b66cf744-1fb8-4cbb-47fc-41028e1b0f5b","tintindex":0},"south":{"uv":[0.75,6.5,1.5,7.25],"rotation":0,"texture":"#b66cf744-1fb8-4cbb-47fc-41028e1b0f5b","tintindex":0},"up":{"uv":[6.25,1.875,5.5,0.75],"rotation":0,"texture":"#b66cf744-1fb8-4cbb-47fc-41028e1b0f5b","tintindex":0},"west":{"uv":[5.5,0.0,6.625,0.75],"rotation":0,"texture":"#b66cf744-1fb8-4cbb-47fc-41028e1b0f5b","tintindex":0}}},{"name":"cube","from":[5.95658,-1.4036279,14.309299],"to":[9.8057,2.4454925,18.15842],"rotation":{"angle":-22.5,"axis":"x","origin":[7.4,-3.6251884,16.715]},"faces":{"down":{"uv":[8.0,7.625,7.5,8.125],"rotation":0,"texture":"#b66cf744-1fb8-4cbb-47fc-41028e1b0f5b","tintindex":0},"east":{"uv":[7.625,2.5,8.125,3.0],"rotation":0,"texture":"#b66cf744-1fb8-4cbb-47fc-41028e1b0f5b","tintindex":0},"north":{"uv":[7.5,5.25,8.0,5.75],"rotation":0,"texture":"#b66cf744-1fb8-4cbb-47fc-41028e1b0f5b","tintindex":0},"south":{"uv":[5.25,7.625,5.75,8.125],"rotation":0,"texture":"#b66cf744-1fb8-4cbb-47fc-41028e1b0f5b","tintindex":0},"up":{"uv":[7.5,8.125,7.0,7.625],"rotation":0,"texture":"#b66cf744-1fb8-4cbb-47fc-41028e1b0f5b","tintindex":0},"west":{"uv":[5.75,7.625,6.25,8.125],"rotation":0,"texture":"#b66cf744-1fb8-4cbb-47fc-41028e1b0f5b","tintindex":0}}}],"display":{"head":{"translation":[0.0,-6.4,0.0],"rotation":[0.0,0.0,0.0],"scale":[3.8095,3.8095,3.8095]},"gui":{"translation":[0.0,0.0,0.0],"rotation":[35.0,225.0,0.0],"scale":[0.625,0.625,0.625]}}}