{"textures":{"0":"modelengine:entity/raidrobot1"},"elements":[{"from":[7.7544317,8.196999,3.9312868],"to":[15.773432,19.4236,11.950287],"faces":{"east":{"uv":[6.5,1.8125,6.8125,2.25],"tintindex":0,"rotation":0,"texture":"#0"},"south":{"uv":[7.4375,1.8125,7.75,2.25],"tintindex":0,"rotation":0,"texture":"#0"},"north":{"uv":[6.8125,1.8125,7.125,2.25],"tintindex":0,"rotation":0,"texture":"#0"},"west":{"uv":[7.125,1.8125,7.4375,2.25],"tintindex":0,"rotation":0,"texture":"#0"},"up":{"uv":[7.125,1.8125,6.8125,1.5],"tintindex":0,"rotation":0,"texture":"#0"},"down":{"uv":[7.4375,1.5,7.125,1.8125],"tintindex":0,"rotation":0,"texture":"#0"}},"rotation":{"origin":[8.155382,18.828362,7.940787],"angle":-22.5,"axis":"z"}}],"display":{"gui":{"rotation":[30,225,0]}}}