{"elements":[{"from":[7.8596754,8.112574,5.675021],"to":[12.441961,14.527774,10.257307],"rotation":{"angle":-22.5,"axis":"z","origin":[8.08879,14.187638,7.9661636]},"faces":{"east":{"uv":[6.5,1.8125,6.8125,2.25],"rotation":0,"texture":"#0","tintindex":0},"south":{"uv":[7.4375,1.8125,7.75,2.25],"rotation":0,"texture":"#0","tintindex":0},"north":{"uv":[6.8125,1.8125,7.125,2.25],"rotation":0,"texture":"#0","tintindex":0},"west":{"uv":[7.125,1.8125,7.4375,2.25],"rotation":0,"texture":"#0","tintindex":0},"up":{"uv":[7.125,1.8125,6.8125,1.5],"rotation":0,"texture":"#0","tintindex":0},"down":{"uv":[7.4375,1.5,7.125,1.8125],"rotation":0,"texture":"#0","tintindex":0}}}],"textures":{"0":"modelengine:entity/raidrobot1"},"display":{"head":{"translation":[0.0,-6.4,0.0],"scale":[4.0,4.0,4.0]}}}