{"textures":{"0":"modelengine:entity/raidrobot1"},"elements":[{"from":[4.2923994,9.490501,4.7924],"to":[10.7076,17.509506,11.2076],"faces":{"east":{"uv":[7.375,3.875,7.625,4.1875],"tintindex":0,"rotation":0,"texture":"#0"},"south":{"uv":[8.125,3.875,8.375,4.1875],"tintindex":0,"rotation":0,"texture":"#0"},"north":{"uv":[7.625,3.875,7.875,4.1875],"tintindex":0,"rotation":0,"texture":"#0"},"west":{"uv":[7.875,3.875,8.125,4.1875],"tintindex":0,"rotation":0,"texture":"#0"},"up":{"uv":[7.875,3.875,7.625,3.625],"tintindex":0,"rotation":0,"texture":"#0"},"down":{"uv":[8.125,3.625,7.875,3.875],"tintindex":0,"rotation":0,"texture":"#0"}},"rotation":{"origin":[4.69335,7.704788,6.7971497],"angle":-22.5,"axis":"z"}}],"display":{"gui":{"rotation":[30,225,0]}}}