{"textures":{"0":"modelengine:entity/raidrobot1"},"elements":[{"from":[5.8813715,8.851714,6.1670856],"to":[9.5472,13.434,9.832914],"rotation":{"angle":-22.5,"axis":"z","origin":[6.1104856,7.831307,7.3126574]},"faces":{"east":{"uv":[7.375,3.875,7.625,4.1875],"rotation":0,"texture":"#0","tintindex":0},"south":{"uv":[8.125,3.875,8.375,4.1875],"rotation":0,"texture":"#0","tintindex":0},"north":{"uv":[7.625,3.875,7.875,4.1875],"rotation":0,"texture":"#0","tintindex":0},"west":{"uv":[7.875,3.875,8.125,4.1875],"rotation":0,"texture":"#0","tintindex":0},"up":{"uv":[7.875,3.875,7.625,3.625],"rotation":0,"texture":"#0","tintindex":0},"down":{"uv":[8.125,3.625,7.875,3.875],"rotation":0,"texture":"#0","tintindex":0}}}],"display":{"head":{"translation":[0.0,-6.4,0.0],"scale":[4.0,4.0,4.0]}}}