{"textures":{"2":"modelengine:entity/raidrobot_sword"},"elements":[{"from":[7.665913,7.5735054,17.439999],"to":[8.625913,9.173506,24.96],"rotation":{"angle":0.0,"axis":"y","origin":[8.145913,8.373506,21.36]},"faces":{"east":{"uv":[3.375,2.625,4.875,2.9375],"rotation":0,"texture":"#2","tintindex":0},"south":{"uv":[2.875,6.0625,3.0625,6.375],"rotation":0,"texture":"#2","tintindex":0},"north":{"uv":[2.6875,6.0625,2.875,6.375],"rotation":0,"texture":"#2","tintindex":0},"west":{"uv":[3.625,3.5625,5.125,3.875],"rotation":0,"texture":"#2","tintindex":0},"up":{"uv":[1.75,6.375,1.5625,4.875],"rotation":0,"texture":"#2","tintindex":0},"down":{"uv":[1.9375,4.875,1.75,6.375],"rotation":0,"texture":"#2","tintindex":0}}},{"from":[7.345913,7.253505,24.96],"to":[8.945913,9.4935055,27.439999],"rotation":{"angle":0.0,"axis":"y","origin":[8.145913,8.373506,21.36]},"faces":{"east":{"uv":[5.4375,4.4375,5.9375,4.875],"rotation":0,"texture":"#2","tintindex":0},"south":{"uv":[3.25,5.9375,3.5625,6.375],"rotation":0,"texture":"#2","tintindex":0},"north":{"uv":[5.9375,3.0625,6.25,3.5],"rotation":0,"texture":"#2","tintindex":0},"west":{"uv":[5.5,3.8125,6.0,4.25],"rotation":0,"texture":"#2","tintindex":0},"up":{"uv":[3.9375,6.25,3.625,5.75],"rotation":0,"texture":"#2","tintindex":0},"down":{"uv":[2.25,5.8125,1.9375,6.3125],"rotation":0,"texture":"#2","tintindex":0}}},{"from":[7.185913,7.4135056,13.279999],"to":[8.785913,9.333506,17.439999],"rotation":{"angle":0.0,"axis":"y","origin":[8.145913,8.373506,15.039999]},"faces":{"east":{"uv":[4.875,0.5625,5.6875,0.9375],"rotation":0,"texture":"#2","tintindex":0},"south":{"uv":[5.9375,5.5,6.25,5.875],"rotation":0,"texture":"#2","tintindex":0},"north":{"uv":[5.5,5.9375,5.8125,6.3125],"rotation":0,"texture":"#2","tintindex":0},"west":{"uv":[4.875,0.9375,5.6875,1.3125],"rotation":0,"texture":"#2","tintindex":0},"up":{"uv":[5.4375,5.25,5.125,4.4375],"rotation":0,"texture":"#2","tintindex":0},"down":{"uv":[5.5625,2.625,5.25,3.4375],"rotation":0,"texture":"#2","tintindex":0}}},{"from":[7.0259132,6.973505,11.199999],"to":[8.945913,9.653505,13.279999],"rotation":{"angle":0.0,"axis":"y","origin":[8.145913,8.533505,15.039999]},"faces":{"east":{"uv":[4.625,5.5,5.0625,6.0],"rotation":0,"texture":"#2","tintindex":0},"south":{"uv":[5.5625,3.0625,5.9375,3.5625],"rotation":0,"texture":"#2","tintindex":0},"north":{"uv":[3.25,5.4375,3.625,5.9375],"rotation":0,"texture":"#2","tintindex":0},"west":{"uv":[5.0625,5.5,5.5,6.0],"rotation":0,"texture":"#2","tintindex":0},"up":{"uv":[6.0625,0.875,5.6875,0.4375],"rotation":0,"texture":"#2","tintindex":0},"down":{"uv":[6.0625,0.875,5.6875,1.3125],"rotation":0,"texture":"#2","tintindex":0}}},{"from":[7.465913,9.071739,15.224121],"to":[8.505913,10.431739,16.50412],"rotation":{"angle":45.0,"axis":"x","origin":[8.145913,10.351739,15.06412]},"faces":{"east":{"uv":[6.0625,1.0625,6.3125,1.3125],"rotation":0,"texture":"#2","tintindex":0},"south":{"uv":[6.125,5.0625,6.3125,5.3125],"rotation":0,"texture":"#2","tintindex":0},"north":{"uv":[6.125,3.5,6.3125,3.75],"rotation":0,"texture":"#2","tintindex":0},"west":{"uv":[2.4375,6.0625,2.6875,6.3125],"rotation":0,"texture":"#2","tintindex":0},"up":{"uv":[6.0,6.375,5.8125,6.125],"rotation":0,"texture":"#2","tintindex":0},"down":{"uv":[6.1875,6.125,6.0,6.375],"rotation":0,"texture":"#2","tintindex":0}}},{"from":[7.585913,9.318602,13.297258],"to":[8.385913,10.238602,15.177258],"rotation":{"angle":0.0,"axis":"y","origin":[8.145913,11.998602,13.417257]},"faces":{"east":{"uv":[4.875,1.9375,5.25,2.125],"rotation":0,"texture":"#2","tintindex":0},"south":{"uv":[6.25,3.3125,6.4375,3.5],"rotation":0,"texture":"#2","tintindex":0},"north":{"uv":[5.25,1.9375,5.4375,2.125],"rotation":0,"texture":"#2","tintindex":0},"west":{"uv":[5.5,4.25,5.875,4.4375],"rotation":0,"texture":"#2","tintindex":0},"up":{"uv":[6.25,1.0625,6.0625,0.6875],"rotation":0,"texture":"#2","tintindex":0},"down":{"uv":[6.25,1.75,6.0625,2.125],"rotation":0,"texture":"#2","tintindex":0}}},{"from":[7.705913,9.416827,10.951068],"to":[8.265913,10.656827,13.3910675],"rotation":{"angle":-22.5,"axis":"x","origin":[8.145913,10.036827,13.411068]},"faces":{"east":{"uv":[5.9375,4.25,6.4375,4.5],"rotation":0,"texture":"#2","tintindex":0},"south":{"uv":[3.5625,6.25,3.6875,6.5],"rotation":0,"texture":"#2","tintindex":0},"north":{"uv":[5.375,6.0,5.5,6.25],"rotation":0,"texture":"#2","tintindex":0},"west":{"uv":[5.9375,4.5,6.4375,4.75],"rotation":0,"texture":"#2","tintindex":0},"up":{"uv":[3.625,5.375,3.5,4.875],"rotation":0,"texture":"#2","tintindex":0},"down":{"uv":[5.125,4.4375,5.0,4.9375],"rotation":0,"texture":"#2","tintindex":0}}},{"from":[7.785913,4.616827,10.951068],"to":[8.185913,6.176827,11.791068],"rotation":{"angle":45.0,"axis":"x","origin":[7.9859133,4.7568274,12.171068]},"faces":{"east":{"uv":[3.0625,6.0625,3.25,6.375],"rotation":0,"texture":"#2","tintindex":0},"south":{"uv":[3.8125,6.25,3.875,6.5625],"rotation":0,"texture":"#2","tintindex":0},"north":{"uv":[3.5625,5.9375,3.625,6.25],"rotation":0,"texture":"#2","tintindex":0},"west":{"uv":[6.0625,4.75,6.25,5.0625],"rotation":0,"texture":"#2","tintindex":0},"up":{"uv":[2.5,6.0,2.4375,5.8125],"rotation":0,"texture":"#2","tintindex":0},"down":{"uv":[5.9375,4.25,5.875,4.4375],"rotation":0,"texture":"#2","tintindex":0}}},{"from":[7.545913,10.171682,9.378949],"to":[8.425913,11.331682,14.61895],"rotation":{"angle":-22.5,"axis":"x","origin":[8.145913,10.951683,11.998949]},"faces":{"east":{"uv":[5.125,3.5625,6.125,3.8125],"rotation":0,"texture":"#2","tintindex":0},"south":{"uv":[6.25,0.6875,6.4375,0.9375],"rotation":0,"texture":"#2","tintindex":0},"north":{"uv":[6.1875,6.125,6.375,6.375],"rotation":0,"texture":"#2","tintindex":0},"west":{"uv":[5.125,5.25,6.125,5.5],"rotation":0,"texture":"#2","tintindex":0},"up":{"uv":[4.1875,6.6875,4.0,5.6875],"rotation":0,"texture":"#2","tintindex":0},"down":{"uv":[4.375,5.6875,4.1875,6.6875],"rotation":0,"texture":"#2","tintindex":0}}},{"from":[7.465913,8.905893,15.39608],"to":[8.505913,10.041893,18.71608],"rotation":{"angle":45.0,"axis":"x","origin":[8.785913,14.685894,9.61608]},"faces":{"east":{"uv":[5.4375,1.875,6.0625,2.125],"rotation":0,"texture":"#2","tintindex":0},"south":{"uv":[6.25,3.0625,6.4375,3.3125],"rotation":0,"texture":"#2","tintindex":0},"north":{"uv":[6.25,1.75,6.4375,2.0],"rotation":0,"texture":"#2","tintindex":0},"west":{"uv":[5.4375,4.875,6.0625,5.125],"rotation":0,"texture":"#2","tintindex":0},"up":{"uv":[4.5625,6.3125,4.375,5.6875],"rotation":0,"texture":"#2","tintindex":0},"down":{"uv":[2.4375,5.8125,2.25,6.4375],"rotation":0,"texture":"#2","tintindex":0}}},{"from":[7.585913,6.0135055,11.199999],"to":[8.385913,8.533505,14.08],"rotation":{"angle":0.0,"axis":"y","origin":[8.145913,8.373506,15.039999]},"faces":{"east":{"uv":[4.875,1.4375,5.4375,1.9375],"rotation":0,"texture":"#2","tintindex":0},"south":{"uv":[5.1875,6.0,5.375,6.5],"rotation":0,"texture":"#2","tintindex":0},"north":{"uv":[5.0,6.0,5.1875,6.5],"rotation":0,"texture":"#2","tintindex":0},"west":{"uv":[1.9375,4.875,2.5,5.375],"rotation":0,"texture":"#2","tintindex":0},"up":{"uv":[4.8125,6.5625,4.625,6.0],"rotation":0,"texture":"#2","tintindex":0},"down":{"uv":[5.0,6.0,4.8125,6.5625],"rotation":0,"texture":"#2","tintindex":0}}},{"from":[7.825913,5.4352713,15.704121],"to":[8.145913,6.0752716,17.46412],"rotation":{"angle":-45.0,"axis":"x","origin":[8.145913,6.3952713,15.06412]},"faces":{"east":{"uv":[5.4375,5.125,5.8125,5.25],"rotation":0,"texture":"#2","tintindex":0},"south":{"uv":[5.5,3.4375,5.5625,3.5625],"rotation":0,"texture":"#2","tintindex":0},"north":{"uv":[5.4375,3.4375,5.5,3.5625],"rotation":0,"texture":"#2","tintindex":0},"west":{"uv":[6.125,5.3125,6.5,5.4375],"rotation":0,"texture":"#2","tintindex":0},"up":{"uv":[3.75,6.625,3.6875,6.25],"rotation":0,"texture":"#2","tintindex":0},"down":{"uv":[3.8125,6.25,3.75,6.625],"rotation":0,"texture":"#2","tintindex":0}}},{"from":[7.865913,6.1789975,14.075491],"to":[8.105913,6.6089973,16.195492],"rotation":{"angle":0.0,