{"file_name":"r_sword_handle","texture_size":[64,64],"textures":{"fe698ccc-469f-c3d0-cb1e-d5e55767e57b":"modelengine:entity/raidrobot1","b66cf744-1fb8-4cbb-47fc-41028e1b0f5b":"modelengine:entity/raidrobot2"},"elements":[{"name":"cube","from":[7.5790014,6.408125,-1.4088907],"to":[10.345556,8.93411,2.6807997],"rotation":{"angle":-22.5,"axis":"x","origin":[8.902138,7.3139753,9.537045]},"faces":{"down":{"uv":[6.9375,7.0625,6.8125,7.3125],"rotation":0,"texture":"#fe698ccc-469f-c3d0-cb1e-d5e55767e57b","tintindex":0},"east":{"uv":[6.4375,7.3125,6.6875,7.4375],"rotation":0,"texture":"#fe698ccc-469f-c3d0-cb1e-d5e55767e57b","tintindex":0},"north":{"uv":[6.6875,7.3125,6.8125,7.4375],"rotation":0,"texture":"#fe698ccc-469f-c3d0-cb1e-d5e55767e57b","tintindex":0},"south":{"uv":[7.0625,7.3125,7.1875,7.4375],"rotation":0,"texture":"#fe698ccc-469f-c3d0-cb1e-d5e55767e57b","tintindex":0},"up":{"uv":[6.8125,7.3125,6.6875,7.0625],"rotation":0,"texture":"#fe698ccc-469f-c3d0-cb1e-d5e55767e57b","tintindex":0},"west":{"uv":[6.8125,7.3125,7.0625,7.4375],"rotation":0,"texture":"#fe698ccc-469f-c3d0-cb1e-d5e55767e57b","tintindex":0}}},{"name":"cube","from":[7.8195724,6.648696,2.6807997],"to":[10.104988,8.693541,4.8459296],"rotation":{"angle":-22.5,"axis":"x","origin":[8.902138,7.3139753,9.537045]},"faces":{"down":{"uv":[0.375,3.3125,0.25,3.4375],"rotation":0,"texture":"#fe698ccc-469f-c3d0-cb1e-d5e55767e57b","tintindex":0},"east":{"uv":[0.0,3.4375,0.125,3.5625],"rotation":0,"texture":"#fe698ccc-469f-c3d0-cb1e-d5e55767e57b","tintindex":0},"north":{"uv":[0.125,3.4375,0.25,3.5625],"rotation":0,"texture":"#fe698ccc-469f-c3d0-cb1e-d5e55767e57b","tintindex":0},"south":{"uv":[0.375,3.4375,0.5,3.5625],"rotation":0,"texture":"#fe698ccc-469f-c3d0-cb1e-d5e55767e57b","tintindex":0},"up":{"uv":[0.25,3.4375,0.125,3.3125],"rotation":0,"texture":"#fe698ccc-469f-c3d0-cb1e-d5e55767e57b","tintindex":0},"west":{"uv":[0.25,3.4375,0.375,3.5625],"rotation":0,"texture":"#fe698ccc-469f-c3d0-cb1e-d5e55767e57b","tintindex":0}}},{"name":"cube","from":[7.9398565,4.7802343,4.8347707],"to":[9.864416,6.704794,12.7735815],"rotation":{"angle":0.0,"axis":"x","origin":[8.902138,5.4455147,8.323036]},"faces":{"down":{"uv":[7.8125,4.5,7.6875,5.0],"rotation":0,"texture":"#fe698ccc-469f-c3d0-cb1e-d5e55767e57b","tintindex":0},"east":{"uv":[7.0625,5.0,7.5625,5.125],"rotation":0,"texture":"#fe698ccc-469f-c3d0-cb1e-d5e55767e57b","tintindex":0},"north":{"uv":[7.5625,5.0,7.6875,5.125],"rotation":0,"texture":"#fe698ccc-469f-c3d0-cb1e-d5e55767e57b","tintindex":0},"south":{"uv":[8.1875,5.0,8.3125,5.125],"rotation":0,"texture":"#fe698ccc-469f-c3d0-cb1e-d5e55767e57b","tintindex":0},"up":{"uv":[7.6875,5.0,7.5625,4.5],"rotation":0,"texture":"#fe698ccc-469f-c3d0-cb1e-d5e55767e57b","tintindex":0},"west":{"uv":[7.6875,5.0,8.1875,5.125],"rotation":0,"texture":"#fe698ccc-469f-c3d0-cb1e-d5e55767e57b","tintindex":0}}},{"name":"cube","from":[8.060141,8.20909,13.396682],"to":[9.744133,10.013365,16.042952],"rotation":{"angle":45.0,"axis":"x","origin":[8.902138,8.874369,8.9461355]},"faces":{"down":{"uv":[3.0,0.3125,2.9375,0.4375],"rotation":0,"texture":"#fe698ccc-469f-c3d0-cb1e-d5e55767e57b","tintindex":0},"east":{"uv":[2.75,0.4375,2.875,0.5],"rotation":0,"texture":"#fe698ccc-469f-c3d0-cb1e-d5e55767e57b","tintindex":0},"north":{"uv":[2.875,0.4375,2.9375,0.5],"rotation":0,"texture":"#fe698ccc-469f-c3d0-cb1e-d5e55767e57b","tintindex":0},"south":{"uv":[3.0625,0.4375,3.125,0.5],"rotation":0,"texture":"#fe698ccc-469f-c3d0-cb1e-d5e55767e57b","tintindex":0},"up":{"uv":[2.9375,0.4375,2.875,0.3125],"rotation":0,"texture":"#fe698ccc-469f-c3d0-cb1e-d5e55767e57b","tintindex":0},"west":{"uv":[2.9375,0.4375,3.0625,0.5],"rotation":0,"texture":"#fe698ccc-469f-c3d0-cb1e-d5e55767e57b","tintindex":0}}},{"name":"cube","from":[8.180428,1.8617039,12.755447],"to":[9.623846,4.7485437,14.439437],"rotation":{"angle":0.0,"axis":"x","origin":[8.902138,9.86437,7.944047]},"faces":{"down":{"uv":[0.1875,0.0,0.125,0.0625],"rotation":0,"texture":"#fe698ccc-469f-c3d0-cb1e-d5e55767e57b","tintindex":0},"east":{"uv":[0.0,0.0625,0.0625,0.25],"rotation":0,"texture":"#fe698ccc-469f-c3d0-cb1e-d5e55767e57b","tintindex":0},"north":{"uv":[0.0625,0.0625,0.125,0.25],"rotation":0,"texture":"#fe698ccc-469f-c3d0-cb1e-d5e55767e57b","tintindex":0},"south":{"uv":[0.1875,0.0625,0.25,0.25],"rotation":0,"texture":"#fe698ccc-469f-c3d0-cb1e-d5e55767e57b","tintindex":0},"up":{"uv":[0.125,0.0625,0.0625,0.0],"rotation":0,"texture":"#fe698ccc-469f-c3d0-cb1e-d5e55767e57b","tintindex":0},"west":{"uv":[0.125,0.0625,0.1875,0.25],"rotation":0,"texture":"#fe698ccc-469f-c3d0-cb1e-d5e55767e57b","tintindex":0}}},{"name":"cube","from":[7.9398565,2.2348661,13.854547],"to":[9.864416,5.001422,16.079819],"rotation":{"angle":22.5,"axis":"x","origin":[8.902138,6.9898367,7.599726]},"faces":{"down":{"uv":[0.375,3.0625,0.25,3.1875],"rotation":0,"texture":"#fe698ccc-469f-c3d0-cb1e-d5e55767e57b","tintindex":0},"east":{"uv":[0.0,3.1875,0.125,3.3125],"rotation":0,"texture":"#fe698ccc-469f-c3d0-cb1e-d5e55767e57b","tintindex":0},"north":{"uv":[0.125,3.1875,0.25,3.3125],"rotation":0,"texture":"#fe698ccc-469f-c3d0-cb1e-d5e55767e57b","tintindex":0},"south":{"uv":[0.375,3.1875,0.5,3.3125],"rotation":0,"texture":"#fe698ccc-469f-c3d0-cb1e-d5e55767e57b","tintindex":0},"up":{"uv":[0.25,3.1875,0.125,3.0625],"rotation":0,"texture":"#fe698ccc-469f-c3d0-cb1e-d5e55767e57b","tintindex":0},"west":{"uv":[0.25,3.1875,0.375,3.3125],"rotation":0,"texture":"#fe698ccc-469f-c3d0-cb1e-d5e55767e57b","tintindex":0}}},{"name":"cube","from":[7.8195724,-1.6276407,2.1210346],"to":[9.984701,1.1389141,4.9477324],"rotation":{"angle":-45.0,"axis":"x","origin":[8.902138,8.9010105,8.014999]},"faces":{"down":{"uv":[2.6875,1.6875,2.5625,1.8125],"rotation":0,"texture":"#fe698ccc-469f-c3d0-cb1e-d5e55767e57b","tintindex":0},"east":{"uv":[2.3125,1.8125,2.4375,1.9375],"rotation":0,"texture":"#fe698ccc-469f-c3d0-cb1e-d5e55767e57b","tintindex":0},"north":{"uv":[2.4375,1.8125,2.5625,1.9375],"rotation":0,"texture":"#fe698ccc-469f-c3d0-cb1e-d5e55767e57b","tintindex":0},"south":{"uv":[2.6875,1.8125,2.8125,1.9375],"rotation":0,"texture":"#fe698ccc-469f-c3d0-cb1e-d5e55767e57b","tintindex":0},"up":{"uv":[2.5625,1.8125,2.4375,1.6875],"rotation":0,"texture":"#fe698ccc-469f-c3d0-cb1e-d5e55767e57b","tintindex":0},"west":{"uv":[2.5625,1.8125,2.6875,1.9375],"rotation":0,"texture":"#fe698ccc-469f-c3d0-cb1e-d5e55767e57b","tintindex":0}}},{"name":"cube","from":[7.5790014,-2.2843256,2.2007778],"to":[10.225271,1.3242254,11.9198065],"rotation":{"angle":0.0,"axis":"x","origin":[8.902138,7.7631845,10.5004425]},"faces":{"down":{"uv":[6.125,2.9375,6.0,3.5625],"rotation":0,"texture":"#fe698ccc-469f-c3d0-cb1e-d5e55767e57b","tintindex":0},"east":{"uv":[5.25,3.5625,5.875,3.75],"rotation":0,"texture":"#fe698ccc-469f-c3d0-cb1e-d5e55767e57b","tintindex":0},"north":{"uv":[5.875,3.5625,6.0,3.75],"rotation":0,"texture":"#fe698ccc-469f-c3d0-cb1e-d5e55767e57b","tintindex":0},"south":{"uv":[6.625,3.5625,6.75,3.75],"rotation":0,"texture":"#fe698ccc-469f-c3d0-cb1e-d5e55767e57b","tintindex":0},"up":{"uv":[6.0,3.5625,5.875,2.9375],"rotation":0,"texture":"#fe698ccc-469f-c3d0-cb1e-d5e55767e57b","tintindex":0},"west":{"uv":[6.0,3.5625,6.625,3.75],"rotation":0,"texture":"#fe698ccc-469f-c3d0-cb1e-d5e55767e57b","tintindex":0}}},{"name":"cube","from":[7.2181463,-16.0,4.1015587],"to":[10.586126,-14.3160095,11.799799],"rotation":{"angle":45.0,"axis":"x","origin":[9.623846,1.2646112,26.594856]},"faces":{"down":{"uv":[7.75,5.5625,7.5625,6.0625],"rotation":0,"texture":"#fe698ccc-469f-c3d0-cb1e-d5e55767e57b","tintindex":0},"east":{"uv":[6.875,6.0625,7.375,6.125],"rotation":0,"texture":"#fe698ccc-469f-c3d0-cb1e-d5e55767e57b","tintindex":0},"north":{"uv":[7.375,6.0625,7.5625,6.125],"rotation":0,"texture":"#fe698ccc-469f-c3d0-cb1e-d5e55767e57b","tintindex":0},"south":{"uv":[8.0625,6.0625,8.25,6.125],"rotation":0,"texture":"#fe698ccc-469f-c3d0-cb1e-d5e55767e57b","tintindex":0},"up":{"uv":[7.5625,6.0625,7.375,5.5625],