{"file_name":"r_sword_body","texture_size":[64,64],"textures":{"fe698ccc-469f-c3d0-cb1e-d5e55767e57b":"modelengine:entity/raidrobot1","b66cf744-1fb8-4cbb-47fc-41028e1b0f5b":"modelengine:entity/raidrobot2"},"elements":[{"name":"cube","from":[7.6992865,5.418938,29.719757],"to":[8.558465,7.1372967,31.352196],"rotation":{"angle":22.5,"axis":"x","origin":[8.38663,-3.986415,16.660244]},"faces":{"down":{"uv":[0.25,5.125,0.1875,5.25],"rotation":0,"texture":"#fe698ccc-469f-c3d0-cb1e-d5e55767e57b","tintindex":0},"east":{"uv":[0.0,5.25,0.125,5.375],"rotation":0,"texture":"#fe698ccc-469f-c3d0-cb1e-d5e55767e57b","tintindex":0},"north":{"uv":[0.125,5.25,0.1875,5.375],"rotation":0,"texture":"#fe698ccc-469f-c3d0-cb1e-d5e55767e57b","tintindex":0},"south":{"uv":[0.3125,5.25,0.375,5.375],"rotation":0,"texture":"#fe698ccc-469f-c3d0-cb1e-d5e55767e57b","tintindex":0},"up":{"uv":[0.1875,5.25,0.125,5.125],"rotation":0,"texture":"#fe698ccc-469f-c3d0-cb1e-d5e55767e57b","tintindex":0},"west":{"uv":[0.1875,5.25,0.3125,5.375],"rotation":0,"texture":"#fe698ccc-469f-c3d0-cb1e-d5e55767e57b","tintindex":0}}},{"name":"cube","from":[7.5274506,-11.012552,29.594307],"to":[8.730301,-8.778688,32.0],"rotation":{"angle":-45.0,"axis":"x","origin":[8.38663,-3.83576,21.002518]},"faces":{"down":{"uv":[0.3125,1.5625,0.25,1.75],"rotation":0,"texture":"#fe698ccc-469f-c3d0-cb1e-d5e55767e57b","tintindex":0},"east":{"uv":[0.0,1.75,0.1875,1.9375],"rotation":0,"texture":"#fe698ccc-469f-c3d0-cb1e-d5e55767e57b","tintindex":0},"north":{"uv":[0.1875,1.75,0.25,1.9375],"rotation":0,"texture":"#fe698ccc-469f-c3d0-cb1e-d5e55767e57b","tintindex":0},"south":{"uv":[0.4375,1.75,0.5,1.9375],"rotation":0,"texture":"#fe698ccc-469f-c3d0-cb1e-d5e55767e57b","tintindex":0},"up":{"uv":[0.25,1.75,0.1875,1.5625],"rotation":0,"texture":"#fe698ccc-469f-c3d0-cb1e-d5e55767e57b","tintindex":0},"west":{"uv":[0.25,1.75,0.4375,1.9375],"rotation":0,"texture":"#fe698ccc-469f-c3d0-cb1e-d5e55767e57b","tintindex":0}}},{"name":"cube","from":[7.3556156,-5.7087946,26.963219],"to":[8.902136,-2.8735056,29.712593],"rotation":{"angle":-22.5,"axis":"x","origin":[8.214794,2.2412589,24.299767]},"faces":{"down":{"uv":[8.25,3.0,8.125,3.25],"rotation":0,"texture":"#fe698ccc-469f-c3d0-cb1e-d5e55767e57b","tintindex":0},"east":{"uv":[7.75,3.25,8.0,3.5],"rotation":0,"texture":"#fe698ccc-469f-c3d0-cb1e-d5e55767e57b","tintindex":0},"north":{"uv":[8.0,3.25,8.125,3.5],"rotation":0,"texture":"#fe698ccc-469f-c3d0-cb1e-d5e55767e57b","tintindex":0},"south":{"uv":[8.375,3.25,8.5,3.5],"rotation":0,"texture":"#fe698ccc-469f-c3d0-cb1e-d5e55767e57b","tintindex":0},"up":{"uv":[8.125,3.25,8.0,3.0],"rotation":0,"texture":"#fe698ccc-469f-c3d0-cb1e-d5e55767e57b","tintindex":0},"west":{"uv":[8.125,3.25,8.375,3.5],"rotation":0,"texture":"#fe698ccc-469f-c3d0-cb1e-d5e55767e57b","tintindex":0}}},{"name":"cube","from":[7.2696967,-2.9999714,23.230682],"to":[8.988054,-0.5942707,25.980057],"rotation":{"angle":-22.5,"axis":"x","origin":[8.988054,6.1529326,31.04921]},"faces":{"down":{"uv":[3.25,7.9375,3.125,8.1875],"rotation":0,"texture":"#fe698ccc-469f-c3d0-cb1e-d5e55767e57b","tintindex":0},"east":{"uv":[2.75,8.1875,3.0,8.375],"rotation":0,"texture":"#fe698ccc-469f-c3d0-cb1e-d5e55767e57b","tintindex":0},"north":{"uv":[3.0,8.1875,3.125,8.375],"rotation":0,"texture":"#fe698ccc-469f-c3d0-cb1e-d5e55767e57b","tintindex":0},"south":{"uv":[3.375,8.1875,3.5,8.375],"rotation":0,"texture":"#fe698ccc-469f-c3d0-cb1e-d5e55767e57b","tintindex":0},"up":{"uv":[3.125,8.1875,3.0,7.9375],"rotation":0,"texture":"#fe698ccc-469f-c3d0-cb1e-d5e55767e57b","tintindex":0},"west":{"uv":[3.125,8.1875,3.375,8.375],"rotation":0,"texture":"#fe698ccc-469f-c3d0-cb1e-d5e55767e57b","tintindex":0}}},{"name":"cube","from":[7.011943,-5.4509544,23.887047],"to":[9.245809,-3.2170906,27.409683],"rotation":{"angle":0.0,"axis":"x","origin":[8.988054,9.372527,33.50985]},"faces":{"down":{"uv":[4.25,7.625,4.0625,7.9375],"rotation":0,"texture":"#fe698ccc-469f-c3d0-cb1e-d5e55767e57b","tintindex":0},"east":{"uv":[3.5625,7.9375,3.875,8.125],"rotation":0,"texture":"#fe698ccc-469f-c3d0-cb1e-d5e55767e57b","tintindex":0},"north":{"uv":[3.875,7.9375,4.0625,8.125],"rotation":0,"texture":"#fe698ccc-469f-c3d0-cb1e-d5e55767e57b","tintindex":0},"south":{"uv":[4.375,7.9375,4.5625,8.125],"rotation":0,"texture":"#fe698ccc-469f-c3d0-cb1e-d5e55767e57b","tintindex":0},"up":{"uv":[4.0625,7.9375,3.875,7.625],"rotation":0,"texture":"#fe698ccc-469f-c3d0-cb1e-d5e55767e57b","tintindex":0},"west":{"uv":[4.0625,7.9375,4.375,8.125],"rotation":0,"texture":"#fe698ccc-469f-c3d0-cb1e-d5e55767e57b","tintindex":0}}},{"name":"cube","from":[6.8401084,-9.195031,27.969063],"to":[9.417643,-6.7893314,31.663528],"rotation":{"angle":22.5,"axis":"x","origin":[8.816218,11.986372,36.818596]},"faces":{"down":{"uv":[8.3125,2.5,8.125,2.8125],"rotation":0,"texture":"#fe698ccc-469f-c3d0-cb1e-d5e55767e57b","tintindex":0},"east":{"uv":[7.625,2.8125,7.9375,3.0],"rotation":0,"texture":"#fe698ccc-469f-c3d0-cb1e-d5e55767e57b","tintindex":0},"north":{"uv":[7.9375,2.8125,8.125,3.0],"rotation":0,"texture":"#fe698ccc-469f-c3d0-cb1e-d5e55767e57b","tintindex":0},"south":{"uv":[8.4375,2.8125,8.625,3.0],"rotation":0,"texture":"#fe698ccc-469f-c3d0-cb1e-d5e55767e57b","tintindex":0},"up":{"uv":[8.125,2.8125,7.9375,2.5],"rotation":0,"texture":"#fe698ccc-469f-c3d0-cb1e-d5e55767e57b","tintindex":0},"west":{"uv":[8.125,2.8125,8.4375,3.0],"rotation":0,"texture":"#fe698ccc-469f-c3d0-cb1e-d5e55767e57b","tintindex":0}}},{"name":"cube","from":[6.668272,-16.0,22.028343],"to":[9.589479,-13.0787945,28.300346],"rotation":{"angle":45.0,"axis":"x","origin":[8.644382,-0.7469301,38.438652]},"faces":{"down":{"uv":[1.0625,4.875,0.8125,5.4375],"rotation":0,"texture":"#fe698ccc-469f-c3d0-cb1e-d5e55767e57b","tintindex":0},"east":{"uv":[0.0,5.4375,0.5625,5.6875],"rotation":0,"texture":"#fe698ccc-469f-c3d0-cb1e-d5e55767e57b","tintindex":0},"north":{"uv":[0.5625,5.4375,0.8125,5.6875],"rotation":0,"texture":"#fe698ccc-469f-c3d0-cb1e-d5e55767e57b","tintindex":0},"south":{"uv":[1.375,5.4375,1.625,5.6875],"rotation":0,"texture":"#fe698ccc-469f-c3d0-cb1e-d5e55767e57b","tintindex":0},"up":{"uv":[0.8125,5.4375,0.5625,4.875],"rotation":0,"texture":"#fe698ccc-469f-c3d0-cb1e-d5e55767e57b","tintindex":0},"west":{"uv":[0.8125,5.4375,1.375,5.6875],"rotation":0,"texture":"#fe698ccc-469f-c3d0-cb1e-d5e55767e57b","tintindex":0}}},{"name":"cube","from":[6.9260254,0.9101834,14.5283165],"to":[9.331726,3.4018018,17.62136],"rotation":{"angle":22.5,"axis":"x","origin":[8.644382,1.8107829,14.337984]},"faces":{"down":{"uv":[7.125,3.5,6.9375,3.75],"rotation":0,"texture":"#fe698ccc-469f-c3d0-cb1e-d5e55767e57b","tintindex":0},"east":{"uv":[6.5,3.75,6.75,3.9375],"rotation":0,"texture":"#fe698ccc-469f-c3d0-cb1e-d5e55767e57b","tintindex":0},"north":{"uv":[6.75,3.75,6.9375,3.9375],"rotation":0,"texture":"#fe698ccc-469f-c3d0-cb1e-d5e55767e57b","tintindex":0},"south":{"uv":[7.1875,3.75,7.375,3.9375],"rotation":0,"texture":"#fe698ccc-469f-c3d0-cb1e-d5e55767e57b","tintindex":0},"up":{"uv":[6.9375,3.75,6.75,3.5],"rotation":0,"texture":"#fe698ccc-469f-c3d0-cb1e-d5e55767e57b","tintindex":0},"west":{"uv":[6.9375,3.75,7.1875,3.9375],"rotation":0,"texture":"#fe698ccc-469f-c3d0-cb1e-d5e55767e57b","tintindex":0}}},{"name":"cube","from":[7.0978622,0.7290349,10.759977],"to":[9.159889,3.0488176,15.090237],"rotation":{"angle":0.0,"axis":"x","origin":[8.644382,3.6057444,15.587246]},"faces":{"down":{"uv":[2.5,7.25,2.3125,7.625],"rotation":0,"texture":"#fe698ccc-469f-c3d0-cb1e-d5e55767e57b","tintindex":0},"east":{"uv":[1.75,7.625,2.125,7.8125],"rotation":0,"texture":"#fe698ccc-469f-c3d0-cb1e-d5e55767e57b","tintindex":0},"north":{"uv":[2.125,7.625,2.3125,7.8125],"rotation":0,"texture":"#fe698ccc-469f-c3d0-cb1e-d5e55767e57b","tintindex":0},"south":{"uv":[2.6875,7.625,2.875,7.8125],"rotation":0,"texture":"#fe698ccc-469f-c3d0-cb1e-d5e55767e57b","tintindex":0},"up":{"uv":[2.3125,7.625,2.125,7.25],"rotation":0,"texture":"#fe698ccc-469f-c3d0-cb1e-d5e55767e57b",