{"textures":{"3":"modelengine:entity/b9d713fb53cc327a"},"elements":[{"from":[7.884857,5.108576,6.0654373],"to":[9.512857,5.108576,8.15858],"rotation":{"angle":0.0,"axis":"y","origin":[27.769714,17.783718,7.1120086]},"faces":{"east":{"uv":[11.25,8.0,10.5,9.0],"rotation":0,"texture":"#3","tintindex":0},"south":{"uv":[11.25,8.0,10.5,9.0],"rotation":0,"texture":"#3","tintindex":0},"north":{"uv":[11.25,8.0,10.5,9.0],"rotation":0,"texture":"#3","tintindex":0},"west":{"uv":[11.25,8.0,10.5,9.0],"rotation":0,"texture":"#3","tintindex":0},"up":{"uv":[11.25,8.0,10.5,9.0],"rotation":0,"texture":"#3","tintindex":0},"down":{"uv":[11.25,8.0,10.5,9.0],"rotation":0,"texture":"#3","tintindex":0}}},{"from":[7.884857,5.108576,8.15858],"to":[9.512857,8.015718,8.15858],"rotation":{"angle":0.0,"axis":"y","origin":[27.769714,17.783718,7.1120086]},"faces":{"east":{"uv":[13.5,10.5,12.75,12.0],"rotation":0,"texture":"#3","tintindex":0},"south":{"uv":[13.5,10.5,12.75,12.0],"rotation":0,"texture":"#3","tintindex":0},"north":{"uv":[12.75,10.5,13.5,12.0],"rotation":0,"texture":"#3","tintindex":0},"west":{"uv":[13.5,10.5,12.75,12.0],"rotation":0,"texture":"#3","tintindex":0},"up":{"uv":[13.5,10.5,12.75,12.0],"rotation":0,"texture":"#3","tintindex":0},"down":{"uv":[13.5,10.5,12.75,12.0],"rotation":0,"texture":"#3","tintindex":0}}},{"from":[9.512857,5.108576,6.0654373],"to":[9.512857,8.015718,8.15858],"rotation":{"angle":0.0,"axis":"y","origin":[27.769714,17.783718,7.1120086]},"faces":{"east":{"uv":[12.75,10.5,11.75,12.0],"rotation":0,"texture":"#3","tintindex":0},"south":{"uv":[12.75,10.5,11.75,12.0],"rotation":0,"texture":"#3","tintindex":0},"north":{"uv":[12.75,10.5,11.75,12.0],"rotation":0,"texture":"#3","tintindex":0},"west":{"uv":[12.75,10.5,11.75,12.0],"rotation":0,"texture":"#3","tintindex":0},"up":{"uv":[12.75,10.5,11.75,12.0],"rotation":0,"texture":"#3","tintindex":0},"down":{"uv":[12.75,10.5,11.75,12.0],"rotation":0,"texture":"#3","tintindex":0}}},{"from":[8.0011425,5.224861,6.181723],"to":[9.396571,8.015718,8.0422945],"rotation":{"angle":0.0,"axis":"y","origin":[27.769714,17.783718,7.1120086]},"faces":{"east":{"uv":[13.0,6.5,12.0,8.0],"rotation":0,"texture":"#3","tintindex":0},"south":{"uv":[13.5,6.5,12.75,8.0],"rotation":0,"texture":"#3","tintindex":0},"north":{"uv":[11.75,6.5,11.0,8.0],"rotation":0,"texture":"#3","tintindex":0},"west":{"uv":[11.0,6.5,10.0,8.0],"rotation":0,"texture":"#3","tintindex":0},"up":{"uv":[10.75,6.5,10.0,6.75],"rotation":0,"texture":"#3","tintindex":0},"down":{"uv":[12.5,4.0,11.75,5.0],"rotation":180,"texture":"#3","tintindex":0}}},{"from":[7.884857,5.108576,6.0654373],"to":[9.512857,8.015718,6.0654373],"rotation":{"angle":0.0,"axis":"y","origin":[27.769714,17.783718,7.1120086]},"faces":{"east":{"uv":[11.75,10.5,11.0,12.0],"rotation":0,"texture":"#3","tintindex":0},"south":{"uv":[11.0,10.5,11.75,12.0],"rotation":0,"texture":"#3","tintindex":0},"north":{"uv":[11.75,10.5,11.0,12.0],"rotation":0,"texture":"#3","tintindex":0},"west":{"uv":[11.75,10.5,11.0,12.0],"rotation":0,"texture":"#3","tintindex":0},"up":{"uv":[11.75,10.5,11.0,12.0],"rotation":0,"texture":"#3","tintindex":0},"down":{"uv":[11.75,10.5,11.0,12.0],"rotation":0,"texture":"#3","tintindex":0}}},{"from":[7.884857,5.108576,6.0654373],"to":[7.884857,8.015718,8.15858],"rotation":{"angle":0.0,"axis":"y","origin":[27.769714,17.783718,7.1120086]},"faces":{"east":{"uv":[11.0,10.5,10.0,12.0],"rotation":0,"texture":"#3","tintindex":0},"south":{"uv":[11.0,10.5,10.0,12.0],"rotation":0,"texture":"#3","tintindex":0},"north":{"uv":[11.0,10.5,10.0,12.0],"rotation":0,"texture":"#3","tintindex":0},"west":{"uv":[11.0,10.5,10.0,12.0],"rotation":0,"texture":"#3","tintindex":0},"up":{"uv":[11.0,10.5,10.0,12.0],"rotation":0,"texture":"#3","tintindex":0},"down":{"uv":[11.0,10.5,10.0,12.0],"rotation":0,"texture":"#3","tintindex":0}}}],"display":{"head":{"translation":[0.0,-6.4,0.0],"scale":[4.0,4.0,4.0]}}}