{"textures":{"8":"minecraft:man10/common/grayscale"},"elements":[{"from":[6.357077,-13.844454,0.68347454],"to":[6.64694,-13.773024,0.9800463],"rotation":{"angle":45.0,"axis":"y","origin":[5.9554076,-9.074226,1.241683]},"faces":{"east":{"uv":[4.625,1.625,4.5,1.5],"rotation":270,"texture":"#8","tintindex":0},"south":{"uv":[4.625,1.625,4.5,1.5],"rotation":180,"texture":"#8","tintindex":0},"north":{"uv":[4.625,1.625,4.5,1.5],"rotation":0,"texture":"#8","tintindex":0},"west":{"uv":[4.625,1.625,4.5,1.5],"rotation":90,"texture":"#8","tintindex":0},"up":{"uv":[4.5,1.5,4.625,1.625],"rotation":0,"texture":"#8","tintindex":0},"down":{"uv":[4.5,1.5,4.625,1.625],"rotation":180,"texture":"#8","tintindex":0}}},{"from":[6.357077,-13.715879,0.68347454],"to":[6.64694,-13.644451,0.9800463],"rotation":{"angle":45.0,"axis":"y","origin":[5.9554076,-9.074226,1.241683]},"faces":{"east":{"uv":[4.625,1.625,4.5,1.5],"rotation":270,"texture":"#8","tintindex":0},"south":{"uv":[4.625,1.625,4.5,1.5],"rotation":180,"texture":"#8","tintindex":0},"north":{"uv":[4.625,1.625,4.5,1.5],"rotation":0,"texture":"#8","tintindex":0},"west":{"uv":[4.625,1.625,4.5,1.5],"rotation":90,"texture":"#8","tintindex":0},"up":{"uv":[4.5,1.5,4.625,1.625],"rotation":0,"texture":"#8","tintindex":0},"down":{"uv":[4.5,1.5,4.625,1.625],"rotation":180,"texture":"#8","tintindex":0}}},{"from":[6.357077,-14.530169,0.68347454],"to":[6.64694,-13.930166,0.9800463],"rotation":{"angle":45.0,"axis":"y","origin":[5.9554076,-9.074226,1.241683]},"faces":{"east":{"uv":[4.625,1.625,4.5,1.5],"rotation":270,"texture":"#8","tintindex":0},"south":{"uv":[4.625,1.625,4.5,1.5],"rotation":180,"texture":"#8","tintindex":0},"north":{"uv":[4.625,1.625,4.5,1.5],"rotation":0,"texture":"#8","tintindex":0},"west":{"uv":[4.625,1.625,4.5,1.5],"rotation":90,"texture":"#8","tintindex":0},"up":{"uv":[4.5,1.5,4.625,1.625],"rotation":0,"texture":"#8","tintindex":0},"down":{"uv":[4.5,1.5,4.625,1.625],"rotation":180,"texture":"#8","tintindex":0}}},{"from":[6.3999343,-14.215879,0.7263317],"to":[6.604083,-11.630167,0.9371886],"rotation":{"angle":45.0,"axis":"y","origin":[5.9554076,-9.074226,1.241683]},"faces":{"east":{"uv":[4.625,1.625,4.5,1.5],"rotation":270,"texture":"#8","tintindex":0},"south":{"uv":[4.625,1.625,4.5,1.5],"rotation":180,"texture":"#8","tintindex":0},"north":{"uv":[4.625,1.625,4.5,1.5],"rotation":0,"texture":"#8","tintindex":0},"west":{"uv":[4.625,1.625,4.5,1.5],"rotation":90,"texture":"#8","tintindex":0},"up":{"uv":[4.5,1.5,4.625,1.625],"rotation":0,"texture":"#8","tintindex":0},"down":{"uv":[4.5,1.5,4.625,1.625],"rotation":180,"texture":"#8","tintindex":0}}},{"from":[6.353592,-11.773024,0.5032053],"to":[6.4601064,-11.201595,0.5317764],"rotation":{"angle":22.5,"axis":"y","origin":[5.9554076,-9.074226,1.241683]},"faces":{"east":{"uv":[4.625,1.625,4.5,1.5],"rotation":270,"texture":"#8","tintindex":0},"south":{"uv":[4.625,1.625,4.5,1.5],"rotation":180,"texture":"#8","tintindex":0},"north":{"uv":[4.625,1.625,4.5,1.5],"rotation":0,"texture":"#8","tintindex":0},"west":{"uv":[4.625,1.625,4.5,1.5],"rotation":90,"texture":"#8","tintindex":0},"up":{"uv":[4.5,1.5,4.625,1.625],"rotation":0,"texture":"#8","tintindex":0},"down":{"uv":[4.5,1.5,4.625,1.625],"rotation":180,"texture":"#8","tintindex":0}}},{"from":[5.628474,-11.773024,0.42957258],"to":[5.7349887,-11.201595,0.4581442],"rotation":{"angle":-22.5,"axis":"y","origin":[5.9554076,-9.074226,1.241683]},"faces":{"east":{"uv":[4.625,1.625,4.5,1.5],"rotation":180,"texture":"#8","tintindex":0},"south":{"uv":[4.625,1.625,4.5,1.5],"rotation":90,"texture":"#8","tintindex":0},"north":{"uv":[4.625,1.625,4.5,1.5],"rotation":270,"texture":"#8","tintindex":0},"west":{"uv":[4.625,1.625,4.5,1.5],"rotation":0,"texture":"#8","tintindex":0},"up":{"uv":[4.5,1.5,4.625,1.625],"rotation":270,"texture":"#8","tintindex":0},"down":{"uv":[4.5,1.5,4.625,1.625],"rotation":90,"texture":"#8","tintindex":0}}}],"display":{"head":{"translation":[0.0,-6.4,0.0],"scale":[4.0,4.0,4.0]}}}