{"textures":{"5":"minecraft:man10/private/abrams/abrams"},"elements":[{"from":[4.2988567,0.6414552,2.650857],"to":[8.701143,5.07283,4.5114284],"rotation":{"angle":22.5,"axis":"x","origin":[4.5314283,2.8571424,8.0]},"faces":{"east":{"uv":[14.0,13.0,15.0,14.0],"rotation":0,"texture":"#5","tintindex":0},"south":{"uv":[14.0,13.0,15.0,14.0],"rotation":0,"texture":"#5","tintindex":0},"north":{"uv":[14.0,13.0,15.0,14.0],"rotation":0,"texture":"#5","tintindex":0},"west":{"uv":[14.0,13.0,15.0,14.0],"rotation":0,"texture":"#5","tintindex":0},"up":{"uv":[14.0,13.0,15.0,14.0],"rotation":0,"texture":"#5","tintindex":0},"down":{"uv":[14.0,13.0,15.0,14.0],"rotation":0,"texture":"#5","tintindex":0}}},{"from":[4.2988567,-2.4920006,5.7843122],"to":[8.701143,-0.6314287,10.215688],"rotation":{"angle":-22.5,"axis":"x","origin":[4.5314283,2.8571424,8.0]},"faces":{"east":{"uv":[14.0,13.0,15.0,14.0],"rotation":180,"texture":"#5","tintindex":0},"south":{"uv":[14.0,13.0,15.0,14.0],"rotation":180,"texture":"#5","tintindex":0},"north":{"uv":[14.0,13.0,15.0,14.0],"rotation":180,"texture":"#5","tintindex":0},"west":{"uv":[14.0,13.0,15.0,14.0],"rotation":180,"texture":"#5","tintindex":0},"up":{"uv":[14.0,13.0,15.0,14.0],"rotation":180,"texture":"#5","tintindex":0},"down":{"uv":[14.0,13.0,15.0,14.0],"rotation":180,"texture":"#5","tintindex":0}}},{"from":[4.2988567,0.6414552,11.488571],"to":[8.701143,5.07283,13.349143],"rotation":{"angle":22.5,"axis":"x","origin":[4.5314283,2.8571424,8.0]},"faces":{"east":{"uv":[14.0,13.0,15.0,14.0],"rotation":0,"texture":"#5","tintindex":0},"south":{"uv":[14.0,13.0,15.0,14.0],"rotation":0,"texture":"#5","tintindex":0},"north":{"uv":[14.0,13.0,15.0,14.0],"rotation":0,"texture":"#5","tintindex":0},"west":{"uv":[14.0,13.0,15.0,14.0],"rotation":0,"texture":"#5","tintindex":0},"up":{"uv":[14.0,13.0,15.0,14.0],"rotation":0,"texture":"#5","tintindex":0},"down":{"uv":[14.0,13.0,15.0,14.0],"rotation":0,"texture":"#5","tintindex":0}}},{"from":[4.2988567,0.6414552,2.650857],"to":[8.701143,5.07283,4.5114284],"rotation":{"angle":-22.5,"axis":"x","origin":[4.5314283,2.8571424,8.0]},"faces":{"east":{"uv":[14.0,13.0,15.0,14.0],"rotation":180,"texture":"#5","tintindex":0},"south":{"uv":[14.0,13.0,15.0,14.0],"rotation":180,"texture":"#5","tintindex":0},"north":{"uv":[14.0,13.0,15.0,14.0],"rotation":180,"texture":"#5","tintindex":0},"west":{"uv":[14.0,13.0,15.0,14.0],"rotation":180,"texture":"#5","tintindex":0},"up":{"uv":[14.0,13.0,15.0,14.0],"rotation":180,"texture":"#5","tintindex":0},"down":{"uv":[14.0,13.0,15.0,14.0],"rotation":180,"texture":"#5","tintindex":0}}},{"from":[4.2988567,-2.4920006,5.7843122],"to":[8.701143,-0.6314287,10.215688],"rotation":{"angle":22.5,"axis":"x","origin":[4.5314283,2.8571424,8.0]},"faces":{"east":{"uv":[14.0,13.0,15.0,14.0],"rotation":0,"texture":"#5","tintindex":0},"south":{"uv":[14.0,13.0,15.0,14.0],"rotation":0,"texture":"#5","tintindex":0},"north":{"uv":[14.0,13.0,15.0,14.0],"rotation":0,"texture":"#5","tintindex":0},"west":{"uv":[14.0,13.0,15.0,14.0],"rotation":0,"texture":"#5","tintindex":0},"up":{"uv":[14.0,13.0,15.0,14.0],"rotation":0,"texture":"#5","tintindex":0},"down":{"uv":[14.0,13.0,15.0,14.0],"rotation":0,"texture":"#5","tintindex":0}}},{"from":[4.2988567,0.6414552,11.488571],"to":[8.701143,5.07283,13.349143],"rotation":{"angle":-22.5,"axis":"x","origin":[4.5314283,2.8571424,8.0]},"faces":{"east":{"uv":[14.0,13.0,15.0,14.0],"rotation":180,"texture":"#5","tintindex":0},"south":{"uv":[14.0,13.0,15.0,14.0],"rotation":180,"texture":"#5","tintindex":0},"north":{"uv":[14.0,13.0,15.0,14.0],"rotation":180,"texture":"#5","tintindex":0},"west":{"uv":[14.0,13.0,15.0,14.0],"rotation":180,"texture":"#5","tintindex":0},"up":{"uv":[14.0,13.0,15.0,14.0],"rotation":180,"texture":"#5","tintindex":0},"down":{"uv":[14.0,13.0,15.0,14.0],"rotation":180,"texture":"#5","tintindex":0}}},{"from":[4.2988567,6.345714,5.7843122],"to":[8.701143,8.206285,10.215688],"rotation":{"angle":22.5,"axis":"x","origin":[4.5314283,2.8571424,8.0]},"faces":{"east":{"uv":[14.0,13.0,15.0,14.0],"rotation":0,"texture":"#5","tintindex":0},"south":{"uv":[14.0,13.0,15.0,14.0],"rotation":0,"texture":"#5","tintindex":0},"north":{"uv":[14.0,13.0,15.0,14.0],"rotation":0,"texture":"#5","tintindex":0},"west":{"uv":[14.0,13.0,15.0,14.0],"rotation":0,"texture":"#5","tintindex":0},"up":{"uv":[14.0,13.0,15.0,14.0],"rotation":0,"texture":"#5","tintindex":0},"down":{"uv":[14.0,13.0,15.0,14.0],"rotation":0,"texture":"#5","tintindex":0}}},{"from":[4.764,4.7177143,6.843989],"to":[8.236,5.648,9.156011],"rotation":{"angle":-22.5,"axis":"x","origin":[5.4617143,2.8571424,8.0]},"faces":{"east":{"uv":[13.0,5.5,14.0,6.5],"rotation":90,"texture":"#5","tintindex":0},"south":{"uv":[13.0,5.5,14.0,6.5],"rotation":90,"texture":"#5","tintindex":0},"north":{"uv":[13.0,5.5,14.0,6.5],"rotation":90,"texture":"#5","tintindex":0},"west":{"uv":[13.0,5.5,14.0,6.5],"rotation":90,"texture":"#5","tintindex":0},"up":{"uv":[13.0,5.5,14.0,6.5],"rotation":90,"texture":"#5","tintindex":0},"down":{"uv":[13.0,5.5,14.0,6.5],"rotation":90,"texture":"#5","tintindex":0}}},{"from":[4.764,1.7011318,5.2091427],"to":[8.236,4.0131536,6.1394286],"rotation":{"angle":22.5,"axis":"x","origin":[5.4617143,2.8571424,8.0]},"faces":{"east":{"uv":[13.0,5.5,14.0,6.5],"rotation":0,"texture":"#5","tintindex":0},"south":{"uv":[13.0,5.5,14.0,6.5],"rotation":0,"texture":"#5","tintindex":0},"north":{"uv":[13.0,5.5,14.0,6.5],"rotation":0,"texture":"#5","tintindex":0},"west":{"uv":[13.0,5.5,14.0,6.5],"rotation":0,"texture":"#5","tintindex":0},"up":{"uv":[13.0,5.5,14.0,6.5],"rotation":0,"texture":"#5","tintindex":0},"down":{"uv":[13.0,5.5,14.0,6.5],"rotation":0,"texture":"#5","tintindex":0}}},{"from":[4.764,0.06628561,6.843989],"to":[8.236,0.99657154,9.156011],"rotation":{"angle":-22.5,"axis":"x","origin":[5.4617143,2.8571424,8.0]},"faces":{"east":{"uv":[13.0,5.5,14.0,6.5],"rotation":90,"texture":"#5","tintindex":0},"south":{"uv":[13.0,5.5,14.0,6.5],"rotation":90,"texture":"#5","tintindex":0},"north":{"uv":[13.0,5.5,14.0,6.5],"rotation":90,"texture":"#5","tintindex":0},"west":{"uv":[13.0,5.5,14.0,6.5],"rotation":90,"texture":"#5","tintindex":0},"up":{"uv":[13.0,5.5,14.0,6.5],"rotation":90,"texture":"#5","tintindex":0},"down":{"uv":[13.0,5.5,14.0,6.5],"rotation":90,"texture":"#5","tintindex":0}}},{"from":[4.764,1.7011318,9.860572],"to":[8.236,4.0131536,10.790857],"rotation":{"angle":22.5,"axis":"x","origin":[5.4617143,2.8571424,8.0]},"faces":{"east":{"uv":[13.0,5.5,14.0,6.5],"rotation":0,"texture":"#5","tintindex":0},"south":{"uv":[13.0,5.5,14.0,6.5],"rotation":0,"texture":"#5","tintindex":0},"north":{"uv":[13.0,5.5,14.0,6.5],"rotation":0,"texture":"#5","tintindex":0},"west":{"uv":[13.0,5.5,14.0,6.5],"rotation":0,"texture":"#5","tintindex":0},"up":{"uv":[13.0,5.5,14.0,6.5],"rotation":0,"texture":"#5","tintindex":0},"down":{"uv":[13.0,5.5,14.0,6.5],"rotation":0,"texture":"#5","tintindex":0}}},{"from":[4.764,1.7011318,5.2091427],"to":[8.236,4.0131536,6.1394286],"rotation":{"angle":-22.5,"axis":"x","origin":[5.4617143,2.8571424,8.0]},"faces":{"east":{"uv":[13.0,5.5,14.0,6.5],"rotation":90,"texture":"#5","tintindex":0},"south":{"uv":[13.0,5.5,14.0,6.5],"rotation":90,"texture":"#5","tintindex":0},"north":{"uv":[13.0,5.5,14.0,6.5],"rotation":90,"texture":"#5","tintindex":0},"west":{"uv":[13.0,5.5,14.0,6.5],"rotation":90,"texture":"#5","tintindex":0},"up":{"uv":[13.0,5.5,14.0,6.5],"rotation":90,"texture":"#5","tintindex":0},"down":{"uv":[13.0,5.5,14.0,6.5],"rotation":90,"texture":"#5","tintindex":0}}},{"from":[4.5314283,2.6314178,5.4417143],"to":[8.468572,3.0828676,5.906857],"rotation":{"angle":-22.5,"axis":"x","origin":[6.857143,2.8571424,8.0]},"faces":{"east":{"uv":[5.5,13.5,6.5,14.5],"rotation":90,"texture":"#5","tintindex":0},"south":{"uv":[5.5,13.5,6.5,14.5],"rotation":90,"texture":"#5","tintindex":0},"north":{"uv":[5.5,13.5,6.5,14.5],"rotation":90,"texture":"#5","tintindex":0},"west":{"uv":[5.5,13.5,6.5,14.5],"rotation":90,"texture":"#5",