{"textures":{"8":"minecraft:man10/common/grayscale"},"elements":[{"from":[7.9596543,2.3439527,8.171844],"to":[8.2205305,2.4082384,8.438758],"rotation":{"angle":-45.0,"axis":"y","origin":[8.083664,3.3725243,8.311729]},"faces":{"east":{"uv":[4.5,1.5,4.625,1.625],"rotation":90,"texture":"#8","tintindex":0},"south":{"uv":[4.5,1.5,4.625,1.625],"rotation":0,"texture":"#8","tintindex":0},"north":{"uv":[4.5,1.5,4.625,1.625],"rotation":180,"texture":"#8","tintindex":0},"west":{"uv":[4.5,1.5,4.625,1.625],"rotation":270,"texture":"#8","tintindex":0},"up":{"uv":[4.5,1.5,4.625,1.625],"rotation":0,"texture":"#8","tintindex":0},"down":{"uv":[4.5,1.5,4.625,1.625],"rotation":180,"texture":"#8","tintindex":0}}},{"from":[7.9596543,2.4596663,8.171844],"to":[8.2205305,2.523952,8.438758],"rotation":{"angle":-45.0,"axis":"y","origin":[8.083664,3.3725243,8.311729]},"faces":{"east":{"uv":[4.5,1.5,4.625,1.625],"rotation":90,"texture":"#8","tintindex":0},"south":{"uv":[4.5,1.5,4.625,1.625],"rotation":0,"texture":"#8","tintindex":0},"north":{"uv":[4.5,1.5,4.625,1.625],"rotation":180,"texture":"#8","tintindex":0},"west":{"uv":[4.5,1.5,4.625,1.625],"rotation":270,"texture":"#8","tintindex":0},"up":{"uv":[4.5,1.5,4.625,1.625],"rotation":0,"texture":"#8","tintindex":0},"down":{"uv":[4.5,1.5,4.625,1.625],"rotation":180,"texture":"#8","tintindex":0}}},{"from":[7.9596543,1.7268095,8.171844],"to":[8.2205305,2.2668095,8.438758],"rotation":{"angle":-45.0,"axis":"y","origin":[8.083664,3.3725243,8.311729]},"faces":{"east":{"uv":[4.5,1.5,4.625,1.625],"rotation":90,"texture":"#8","tintindex":0},"south":{"uv":[4.5,1.5,4.625,1.625],"rotation":0,"texture":"#8","tintindex":0},"north":{"uv":[4.5,1.5,4.625,1.625],"rotation":180,"texture":"#8","tintindex":0},"west":{"uv":[4.5,1.5,4.625,1.625],"rotation":270,"texture":"#8","tintindex":0},"up":{"uv":[4.5,1.5,4.625,1.625],"rotation":0,"texture":"#8","tintindex":0},"down":{"uv":[4.5,1.5,4.625,1.625],"rotation":180,"texture":"#8","tintindex":0}}},{"from":[7.9982257,2.009667,8.210415],"to":[8.181959,4.3368096,8.400187],"rotation":{"angle":-45.0,"axis":"y","origin":[8.083664,3.3725243,8.311729]},"faces":{"east":{"uv":[4.5,1.5,4.625,1.625],"rotation":90,"texture":"#8","tintindex":0},"south":{"uv":[4.5,1.5,4.625,1.625],"rotation":0,"texture":"#8","tintindex":0},"north":{"uv":[4.5,1.5,4.625,1.625],"rotation":180,"texture":"#8","tintindex":0},"west":{"uv":[4.5,1.5,4.625,1.625],"rotation":270,"texture":"#8","tintindex":0},"up":{"uv":[4.5,1.5,4.625,1.625],"rotation":0,"texture":"#8","tintindex":0},"down":{"uv":[4.5,1.5,4.625,1.625],"rotation":180,"texture":"#8","tintindex":0}}},{"from":[8.0353365,4.208238,8.148695],"to":[8.1312,4.7225237,8.17441],"rotation":{"angle":-22.5,"axis":"y","origin":[8.083268,4.4653807,8.058696]},"faces":{"east":{"uv":[4.5,1.5,4.625,1.625],"rotation":90,"texture":"#8","tintindex":0},"south":{"uv":[4.5,1.5,4.625,1.625],"rotation":0,"texture":"#8","tintindex":0},"north":{"uv":[4.5,1.5,4.625,1.625],"rotation":180,"texture":"#8","tintindex":0},"west":{"uv":[4.5,1.5,4.625,1.625],"rotation":270,"texture":"#8","tintindex":0},"up":{"uv":[4.5,1.5,4.625,1.625],"rotation":0,"texture":"#8","tintindex":0},"down":{"uv":[4.5,1.5,4.625,1.625],"rotation":180,"texture":"#8","tintindex":0}}},{"from":[8.0353365,4.208238,8.148695],"to":[8.1312,4.7225237,8.17441],"rotation":{"angle":22.5,"axis":"y","origin":[8.083268,4.4653807,8.058696]},"faces":{"east":{"uv":[4.5,1.5,4.625,1.625],"rotation":0,"texture":"#8","tintindex":0},"south":{"uv":[4.5,1.5,4.625,1.625],"rotation":270,"texture":"#8","tintindex":0},"north":{"uv":[4.5,1.5,4.625,1.625],"rotation":90,"texture":"#8","tintindex":0},"west":{"uv":[4.5,1.5,4.625,1.625],"rotation":180,"texture":"#8","tintindex":0},"up":{"uv":[4.5,1.5,4.625,1.625],"rotation":270,"texture":"#8","tintindex":0},"down":{"uv":[4.5,1.5,4.625,1.625],"rotation":90,"texture":"#8","tintindex":0}}}],"display":{"head":{"translation":[0.0,-6.4,0.0],"scale":[4.0,4.0,4.0]}}}