{"elements":[{"from":[8.811429,6.365735,5.9727473],"to":[9.954286,9.794307,9.4013195],"rotation":{"angle":45.0,"axis":"x","origin":[7.6685715,8.080021,7.687033]},"faces":{"east":{"uv":[8.625,7.125,8.25,7.5],"rotation":0,"texture":"#0","tintindex":0},"south":{"uv":[1.3125,9.625,1.1875,10.0],"rotation":0,"texture":"#0","tintindex":0},"north":{"uv":[1.1875,9.625,1.0625,10.0],"rotation":0,"texture":"#0","tintindex":0},"west":{"uv":[8.625,6.75,8.25,7.125],"rotation":0,"texture":"#0","tintindex":0},"up":{"uv":[1.3125,10.0,1.4375,9.625],"rotation":0,"texture":"#0","tintindex":0},"down":{"uv":[1.8125,9.625,1.9375,10.0],"rotation":0,"texture":"#0","tintindex":0}}},{"from":[5.3828573,6.365735,5.9727473],"to":[6.5257144,9.794307,9.4013195],"rotation":{"angle":45.0,"axis":"x","origin":[7.6685715,8.080021,7.687033]},"faces":{"east":{"uv":[8.6875,0.375,8.3125,0.75],"rotation":0,"texture":"#0","tintindex":0},"south":{"uv":[3.4375,9.625,3.3125,10.0],"rotation":0,"texture":"#0","tintindex":0},"north":{"uv":[3.3125,9.625,3.1875,10.0],"rotation":0,"texture":"#0","tintindex":0},"west":{"uv":[6.9375,8.3125,6.5625,8.6875],"rotation":0,"texture":"#0","tintindex":0},"up":{"uv":[3.4375,10.0,3.5625,9.625],"rotation":0,"texture":"#0","tintindex":0},"down":{"uv":[5.875,9.625,6.0,10.0],"rotation":0,"texture":"#0","tintindex":0}}},{"from":[5.9542856,4.080021,5.9727473],"to":[9.382857,7.508592,9.4013195],"rotation":{"angle":0.0,"axis":"y","origin":[7.3828573,5.222878,10.544176]},"faces":{"east":{"uv":[8.75,5.8125,8.375,6.1875],"rotation":0,"texture":"#0","tintindex":0},"south":{"uv":[8.75,4.875,8.375,5.25],"rotation":0,"texture":"#0","tintindex":0},"north":{"uv":[8.6875,0.75,8.3125,1.125],"rotation":0,"texture":"#0","tintindex":0},"west":{"uv":[8.75,3.3125,8.375,3.6875],"rotation":0,"texture":"#0","tintindex":0},"up":{"uv":[8.375,8.0,8.75,7.625],"rotation":0,"texture":"#0","tintindex":0},"down":{"uv":[0.875,8.4375,1.25,8.8125],"rotation":0,"texture":"#0","tintindex":0}}},{"from":[6.5257144,1.222878,6.2927475],"to":[8.811429,5.7943068,9.149891],"rotation":{"angle":0.0,"axis":"y","origin":[7.6685715,5.7943068,8.007033]},"faces":{"east":{"uv":[3.125,8.0,2.8125,8.5],"rotation":0,"texture":"#0","tintindex":0},"south":{"uv":[0.875,8.625,0.625,9.125],"rotation":0,"texture":"#0","tintindex":0},"north":{"uv":[0.625,8.625,0.375,9.125],"rotation":0,"texture":"#0","tintindex":0},"west":{"uv":[1.3125,7.9375,1.0,8.4375],"rotation":0,"texture":"#0","tintindex":0},"up":{"uv":[9.0625,5.125,9.3125,4.8125],"rotation":0,"texture":"#0","tintindex":0},"down":{"uv":[9.0625,6.375,9.3125,6.6875],"rotation":0,"texture":"#0","tintindex":0}}},{"from":[8.24,0.6514492,6.841319],"to":[9.382857,3.5085921,8.555605],"rotation":{"angle":0.0,"axis":"y","origin":[7.6685715,5.7943068,7.4127474]},"faces":{"east":{"uv":[9.625,4.25,9.4375,4.5625],"rotation":0,"texture":"#0","tintindex":0},"south":{"uv":[8.75,9.625,8.625,9.9375],"rotation":0,"texture":"#0","tintindex":0},"north":{"uv":[0.5,8.3125,0.375,8.625],"rotation":0,"texture":"#0","tintindex":0},"west":{"uv":[9.625,2.0,9.4375,2.3125],"rotation":0,"texture":"#0","tintindex":0},"up":{"uv":[9.9375,7.6875,10.0625,7.5],"rotation":0,"texture":"#0","tintindex":0},"down":{"uv":[9.9375,7.6875,10.0625,7.875],"rotation":0,"texture":"#0","tintindex":0}}},{"from":[6.5257144,-1.6342659,6.5670333],"to":[8.24,1.222878,8.852748],"rotation":{"angle":0.0,"axis":"y","origin":[7.6685715,8.080021,7.7098904]},"faces":{"east":{"uv":[0.625,9.125,0.375,9.4375],"rotation":0,"texture":"#0","tintindex":0},"south":{"uv":[4.5,9.5,4.3125,9.8125],"rotation":0,"texture":"#0","tintindex":0},"north":{"uv":[3.8125,9.5,3.625,9.8125],"rotation":0,"texture":"#0","tintindex":0},"west":{"uv":[9.3125,7.5,9.0625,7.8125],"rotation":0,"texture":"#0","tintindex":0},"up":{"uv":[2.6875,9.875,2.875,9.625],"rotation":0,"texture":"#0","tintindex":0},"down":{"uv":[2.875,9.625,3.0625,9.875],"rotation":0,"texture":"#0","tintindex":0}}},{"from":[8.24,-1.0628366,7.4127474],"to":[8.811429,1.7943063,7.984176],"rotation":{"angle":0.0,"axis":"y","origin":[7.6685715,8.651449,7.4127474]},"faces":{"east":{"uv":[5.4375,10.0625,5.375,10.375],"rotation":0,"texture":"#0","tintindex":0},"south":{"uv":[5.375,10.0625,5.3125,10.375],"rotation":0,"texture":"#0","tintindex":0},"north":{"uv":[5.25,10.0625,5.1875,10.375],"rotation":0,"texture":"#0","tintindex":0},"west":{"uv":[5.3125,10.0625,5.25,10.375],"rotation":0,"texture":"#0","tintindex":0},"up":{"uv":[10.25,5.4375,10.3125,5.375],"rotation":0,"texture":"#0","tintindex":0},"down":{"uv":[10.25,5.4375,10.3125,5.5],"rotation":0,"texture":"#0","tintindex":0}}},{"from":[9.954286,5.108592,8.82989],"to":[10.525715,7.965735,9.4013195],"rotation":{"angle":0.0,"axis":"y","origin":[11.382857,6.2514496,13.4013195]},"faces":{"east":{"uv":[4.8125,10.0625,4.75,10.375],"rotation":0,"texture":"#0","tintindex":0},"south":{"uv":[4.6875,10.0625,4.625,10.375],"rotation":0,"texture":"#0","tintindex":0},"north":{"uv":[4.5625,10.0625,4.5,10.375],"rotation":0,"texture":"#0","tintindex":0},"west":{"uv":[4.625,10.0625,4.5625,10.375],"rotation":0,"texture":"#0","tintindex":0},"up":{"uv":[10.25,4.6875,10.3125,4.625],"rotation":0,"texture":"#0","tintindex":0},"down":{"uv":[10.25,4.6875,10.3125,4.75],"rotation":0,"texture":"#0","tintindex":0}}},{"from":[8.825787,7.261602,8.82989],"to":[9.397215,8.404459,9.4013195],"rotation":{"angle":45.0,"axis":"z","origin":[9.111501,8.975887,7.687033]},"faces":{"east":{"uv":[8.625,10.25,8.5625,10.375],"rotation":0,"texture":"#0","tintindex":0},"south":{"uv":[8.3125,10.25,8.25,10.375],"rotation":0,"texture":"#0","tintindex":0},"north":{"uv":[8.0625,10.25,8.0,10.375],"rotation":0,"texture":"#0","tintindex":0},"west":{"uv":[8.25,10.25,8.1875,10.375],"rotation":0,"texture":"#0","tintindex":0},"up":{"uv":[10.25,5.3125,10.3125,5.25],"rotation":0,"texture":"#0","tintindex":0},"down":{"uv":[10.25,5.3125,10.3125,5.375],"rotation":0,"texture":"#0","tintindex":0}}},{"from":[9.954286,-0.4789362,6.0420732],"to":[10.525715,2.9496355,6.613502],"rotation":{"angle":45.0,"axis":"x","origin":[11.382857,0.6639209,10.6135025]},"faces":{"east":{"uv":[0.6875,10.0,0.625,10.375],"rotation":0,"texture":"#0","tintindex":0},"south":{"uv":[0.125,10.0,0.0625,10.375],"rotation":0,"texture":"#0","tintindex":0},"north":{"uv":[10.0,8.625,9.9375,9.0],"rotation":0,"texture":"#0","tintindex":0},"west":{"uv":[0.0625,10.0,0.0,10.375],"rotation":0,"texture":"#0","tintindex":0},"up":{"uv":[10.25,4.8125,10.3125,4.75],"rotation":0,"texture":"#0","tintindex":0},"down":{"uv":[10.25,4.8125,10.3125,4.875],"rotation":0,"texture":"#0","tintindex":0}}},{"from":[9.954286,1.8067784,3.756359],"to":[10.525715,2.3782067,6.0420732],"rotation":{"angle":45.0,"axis":"x","origin":[11.382857,1.8067784,7.756359]},"faces":{"east":{"uv":[10.3125,5.5625,10.0625,5.625],"rotation":0,"texture":"#0","tintindex":0},"south":{"uv":[10.3125,4.9375,10.25,5.0],"rotation":0,"texture":"#0","tintindex":0},"north":{"uv":[10.3125,4.875,10.25,4.9375],"rotation":0,"texture":"#0","tintindex":0},"west":{"uv":[10.25,9.4375,10.0,9.5],"rotation":0,"texture":"#0","tintindex":0},"up":{"uv":[10.0625,9.875,10.125,9.625],"rotation":0,"texture":"#0","tintindex":0},"down":{"uv":[0.125,10.125,0.1875,10.375],"rotation":0,"texture":"#0","tintindex":0}}},{"from":[9.954286,1.8067784,3.1849303],"to":[10.525715,4.092492,3.756359],"rotation":{"angle":45.0,"axis":"x","origin":[11.382857,1.8067784,7.756359]},"faces":{"east":{"uv":[2.75,10.125,2.6875,10.375],"rotation":0,"texture":"#0","tintindex":0},"south":{"uv":[1.0,10.125,0.9375,10.375],"rotation":0,"texture":"#0","tintindex":0},"north":{"uv":[0.25,10.125,0.1875,10.375],"rotation":0,"texture":"#0","tintindex":0},"west":{"uv":[0.9375,10.125,0.875,10.375],"rotation":0,"texture":"#0","tintindex":0},"up":{"uv":[10.25,5.0625,10.3125,5.0],"rotation":0,"texture":"#0","tintindex":0},"down":{"uv":[10.25,5.0625,10.3125,5.125],"rotation":0,"texture":"#0","tintindex":0}}},{"from":[9.954286,6.2514496,5.9727473],