{"elements":[{"from":[10.525715,6.068571,6.1397805],"to":[11.668571,10.068571,10.139781],"rotation":{"angle":0.0,"axis":"y","origin":[9.668571,4.925714,11.282639]},"faces":{"east":{"uv":[7.875,5.5625,7.4375,6.0],"rotation":0,"texture":"#0","tintindex":0},"south":{"uv":[5.1875,9.5625,5.0625,10.0],"rotation":0,"texture":"#0","tintindex":0},"north":{"uv":[5.0625,9.5625,4.9375,10.0],"rotation":0,"texture":"#0","tintindex":0},"west":{"uv":[7.875,4.4375,7.4375,4.875],"rotation":0,"texture":"#0","tintindex":0},"up":{"uv":[6.875,10.0,7.0,9.5625],"rotation":0,"texture":"#0","tintindex":0},"down":{"uv":[7.1875,9.5625,7.3125,10.0],"rotation":0,"texture":"#0","tintindex":0}}},{"from":[9.897142,8.174178,6.1090236],"to":[13.897142,10.459892,8.394738],"rotation":{"angle":45.0,"axis":"x","origin":[15.04,7.6027493,6.1090236]},"faces":{"east":{"uv":[9.5,3.8125,9.25,4.0625],"rotation":0,"texture":"#0","tintindex":0},"south":{"uv":[6.9375,8.6875,6.5,8.9375],"rotation":0,"texture":"#0","tintindex":0},"north":{"uv":[6.0625,8.6875,5.625,8.9375],"rotation":0,"texture":"#0","tintindex":0},"west":{"uv":[9.5,1.375,9.25,1.625],"rotation":0,"texture":"#0","tintindex":0},"up":{"uv":[8.6875,0.625,9.125,0.375],"rotation":0,"texture":"#0","tintindex":0},"down":{"uv":[8.6875,0.625,9.125,0.875],"rotation":0,"texture":"#0","tintindex":0}}},{"from":[8.171429,6.365714,6.391209],"to":[9.885715,9.794286,9.81978],"rotation":{"angle":0.0,"axis":"y","origin":[9.028571,4.651428,11.534066]},"faces":{"east":{"uv":[4.5625,8.3125,4.1875,8.6875],"rotation":0,"texture":"#0","tintindex":0},"south":{"uv":[9.25,9.1875,9.0625,9.5625],"rotation":0,"texture":"#0","tintindex":0},"north":{"uv":[9.0625,9.1875,8.875,9.5625],"rotation":0,"texture":"#0","tintindex":0},"west":{"uv":[0.375,8.3125,0.0,8.6875],"rotation":0,"texture":"#0","tintindex":0},"up":{"uv":[1.8125,9.625,2.0,9.25],"rotation":0,"texture":"#0","tintindex":0},"down":{"uv":[2.6875,9.25,2.875,9.625],"rotation":0,"texture":"#0","tintindex":0}}}],"textures":{"0":"modelengine:entity/enforcer"},"display":{"head":{"translation":[0.0,-6.4,0.0],"scale":[4.0,4.0,4.0]}}}