{"textures":{"0":"modelengine:entity/enforcer"},"elements":[{"name":"cube","from":[4.148,5.9720016,6.04677],"to":[5.3479996,10.172002,10.24677],"rotation":{"angle":0.0,"axis":"x","origin":[6.248,4.7720013,11.44677]},"faces":{"down":{"uv":[7.3125,9.5625,7.1875,10.0],"rotation":0,"texture":"#0","tintindex":0},"east":{"uv":[7.4375,4.4375,7.875,4.875],"rotation":0,"texture":"#0","tintindex":0},"north":{"uv":[4.9375,9.5625,5.0625,10.0],"rotation":0,"texture":"#0","tintindex":0},"south":{"uv":[5.0625,9.5625,5.1875,10.0],"rotation":0,"texture":"#0","tintindex":0},"up":{"uv":[7.0,10.0,6.875,9.5625],"rotation":0,"texture":"#0","tintindex":0},"west":{"uv":[7.4375,5.5625,7.875,6.0],"rotation":0,"texture":"#0","tintindex":0}}},{"name":"cube","from":[1.8079994,8.18289,6.014475],"to":[6.0079994,10.5828905,8.4144745],"rotation":{"angle":45.0,"axis":"x","origin":[0.6079993,7.5828905,6.014475]},"faces":{"down":{"uv":[9.125,0.625,8.6875,0.875],"rotation":0,"texture":"#0","tintindex":0},"east":{"uv":[9.25,1.375,9.5,1.625],"rotation":0,"texture":"#0","tintindex":0},"north":{"uv":[5.625,8.6875,6.0625,8.9375],"rotation":0,"texture":"#0","tintindex":0},"south":{"uv":[6.5,8.6875,6.9375,8.9375],"rotation":0,"texture":"#0","tintindex":0},"up":{"uv":[9.125,0.625,8.6875,0.375],"rotation":0,"texture":"#0","tintindex":0},"west":{"uv":[9.25,3.8125,9.5,4.0625],"rotation":0,"texture":"#0","tintindex":0}}},{"name":"cube","from":[6.0199995,6.2839994,6.3107696],"to":[7.8199997,9.884,9.91077],"rotation":{"angle":0.0,"axis":"x","origin":[6.92,4.4839993,11.71077]},"faces":{"down":{"uv":[2.875,9.25,2.6875,9.625],"rotation":0,"texture":"#0","tintindex":0},"east":{"uv":[0.0,8.3125,0.375,8.6875],"rotation":0,"texture":"#0","tintindex":0},"north":{"uv":[8.875,9.1875,9.0625,9.5625],"rotation":0,"texture":"#0","tintindex":0},"south":{"uv":[9.0625,9.1875,9.25,9.5625],"rotation":0,"texture":"#0","tintindex":0},"up":{"uv":[2.0,9.625,1.8125,9.25],"rotation":0,"texture":"#0","tintindex":0},"west":{"uv":[4.1875,8.3125,4.5625,8.6875],"rotation":0,"texture":"#0","tintindex":0}}}],"display":{"head":{"translation":[0.0,-6.4,0.0],"rotation":[0.0,0.0,0.0],"scale":[3.8095,3.8095,3.8095]}}}