{"textures":{"0":"modelengine:entity/enforcer"},"elements":[{"name":"cube","from":[5.948,6.2840223,5.8713846],"to":[7.148,9.884023,9.471384],"rotation":{"angle":45.0,"axis":"x","origin":[8.348,8.0840225,7.671385]},"faces":{"down":{"uv":[1.9375,9.625,1.8125,10.0],"rotation":0,"texture":"#0","tintindex":0},"east":{"uv":[8.25,6.75,8.625,7.125],"rotation":0,"texture":"#0","tintindex":0},"north":{"uv":[1.0625,9.625,1.1875,10.0],"rotation":0,"texture":"#0","tintindex":0},"south":{"uv":[1.1875,9.625,1.3125,10.0],"rotation":0,"texture":"#0","tintindex":0},"up":{"uv":[1.4375,10.0,1.3125,9.625],"rotation":0,"texture":"#0","tintindex":0},"west":{"uv":[8.25,7.125,8.625,7.5],"rotation":0,"texture":"#0","tintindex":0}}},{"name":"cube","from":[9.548,6.2840223,5.8713846],"to":[10.748001,9.884023,9.471384],"rotation":{"angle":45.0,"axis":"x","origin":[8.348,8.0840225,7.671385]},"faces":{"down":{"uv":[6.0,9.625,5.875,10.0],"rotation":0,"texture":"#0","tintindex":0},"east":{"uv":[6.5625,8.3125,6.9375,8.6875],"rotation":0,"texture":"#0","tintindex":0},"north":{"uv":[3.1875,9.625,3.3125,10.0],"rotation":0,"texture":"#0","tintindex":0},"south":{"uv":[3.3125,9.625,3.4375,10.0],"rotation":0,"texture":"#0","tintindex":0},"up":{"uv":[3.5625,10.0,3.4375,9.625],"rotation":0,"texture":"#0","tintindex":0},"west":{"uv":[8.3125,0.375,8.6875,0.75],"rotation":0,"texture":"#0","tintindex":0}}},{"name":"cube","from":[6.548,3.8840222,5.8713846],"to":[10.148001,7.4840226,9.471384],"rotation":{"angle":0.0,"axis":"x","origin":[8.648,5.0840225,10.671385]},"faces":{"down":{"uv":[1.25,8.4375,0.875,8.8125],"rotation":0,"texture":"#0","tintindex":0},"east":{"uv":[8.375,3.3125,8.75,3.6875],"rotation":0,"texture":"#0","tintindex":0},"north":{"uv":[8.3125,0.75,8.6875,1.125],"rotation":0,"texture":"#0","tintindex":0},"south":{"uv":[8.375,4.875,8.75,5.25],"rotation":0,"texture":"#0","tintindex":0},"up":{"uv":[8.75,8.0,8.375,7.625],"rotation":0,"texture":"#0","tintindex":0},"west":{"uv":[8.375,5.8125,8.75,6.1875],"rotation":0,"texture":"#0","tintindex":0}}},{"name":"cube","from":[7.148,0.88402224,6.207385],"to":[9.548,5.6840224,9.207385],"rotation":{"angle":0.0,"axis":"x","origin":[8.348,5.6840224,8.007385]},"faces":{"down":{"uv":[9.3125,6.375,9.0625,6.6875],"rotation":0,"texture":"#0","tintindex":0},"east":{"uv":[1.0,7.9375,1.3125,8.4375],"rotation":0,"texture":"#0","tintindex":0},"north":{"uv":[0.375,8.625,0.625,9.125],"rotation":0,"texture":"#0","tintindex":0},"south":{"uv":[0.625,8.625,0.875,9.125],"rotation":0,"texture":"#0","tintindex":0},"up":{"uv":[9.3125,5.125,9.0625,4.8125],"rotation":0,"texture":"#0","tintindex":0},"west":{"uv":[2.8125,8.0,3.125,8.5],"rotation":0,"texture":"#0","tintindex":0}}},{"name":"cube","from":[6.548,0.28402233,6.783385],"to":[7.748,3.2840223,8.583385],"rotation":{"angle":0.0,"axis":"x","origin":[8.348,5.6840224,7.3833847]},"faces":{"down":{"uv":[10.0625,7.6875,9.9375,7.875],"rotation":0,"texture":"#0","tintindex":0},"east":{"uv":[9.4375,2.0,9.625,2.3125],"rotation":0,"texture":"#0","tintindex":0},"north":{"uv":[0.375,8.3125,0.5,8.625],"rotation":0,"texture":"#0","tintindex":0},"south":{"uv":[8.625,9.625,8.75,9.9375],"rotation":0,"texture":"#0","tintindex":0},"up":{"uv":[10.0625,7.6875,9.9375,7.5],"rotation":0,"texture":"#0","tintindex":0},"west":{"uv":[9.4375,4.25,9.625,4.5625],"rotation":0,"texture":"#0","tintindex":0}}},{"name":"cube","from":[7.748,-2.1159778,6.495384],"to":[9.548,0.88402224,8.895385],"rotation":{"angle":0.0,"axis":"x","origin":[8.348,8.0840225,7.695385]},"faces":{"down":{"uv":[3.0625,9.625,2.875,9.875],"rotation":0,"texture":"#0","tintindex":0},"east":{"uv":[9.0625,7.5,9.3125,7.8125],"rotation":0,"texture":"#0","tintindex":0},"north":{"uv":[3.625,9.5,3.8125,9.8125],"rotation":0,"texture":"#0","tintindex":0},"south":{"uv":[4.3125,9.5,4.5,9.8125],"rotation":0,"texture":"#0","tintindex":0},"up":{"uv":[2.875,9.875,2.6875,9.625],"rotation":0,"texture":"#0","tintindex":0},"west":{"uv":[0.375,9.125,0.625,9.4375],"rotation":0,"texture":"#0","tintindex":0}}},{"name":"cube","from":[7.148,-1.5159779,7.3833847],"to":[7.748,1.4840223,7.983385],"rotation":{"angle":0.0,"axis":"x","origin":[8.348,8.684023,7.3833847]},"faces":{"down":{"uv":[10.3125,5.4375,10.25,5.5],"rotation":0,"texture":"#0","tintindex":0},"east":{"uv":[5.25,10.0625,5.3125,10.375],"rotation":0,"texture":"#0","tintindex":0},"north":{"uv":[5.1875,10.0625,5.25,10.375],"rotation":0,"texture":"#0","tintindex":0},"south":{"uv":[5.3125,10.0625,5.375,10.375],"rotation":0,"texture":"#0","tintindex":0},"up":{"uv":[10.3125,5.4375,10.25,5.375],"rotation":0,"texture":"#0","tintindex":0},"west":{"uv":[5.375,10.0625,5.4375,10.375],"rotation":0,"texture":"#0","tintindex":0}}},{"name":"cube","from":[5.3479996,4.9640217,8.871386],"to":[5.948,7.964022,9.471384],"rotation":{"angle":0.0,"axis":"x","origin":[4.448,6.164022,13.671386]},"faces":{"down":{"uv":[10.3125,4.6875,10.25,4.75],"rotation":0,"texture":"#0","tintindex":0},"east":{"uv":[4.5625,10.0625,4.625,10.375],"rotation":0,"texture":"#0","tintindex":0},"north":{"uv":[4.5,10.0625,4.5625,10.375],"rotation":0,"texture":"#0","tintindex":0},"south":{"uv":[4.625,10.0625,4.6875,10.375],"rotation":0,"texture":"#0","tintindex":0},"up":{"uv":[10.3125,4.6875,10.25,4.625],"rotation":0,"texture":"#0","tintindex":0},"west":{"uv":[4.75,10.0625,4.8125,10.375],"rotation":0,"texture":"#0","tintindex":0}}},{"name":"cube","from":[6.5329247,7.2246833,8.871386],"to":[7.1329246,8.424684,9.471384],"rotation":{"angle":-45.0,"axis":"z","origin":[6.832925,9.024683,7.671385]},"faces":{"down":{"uv":[10.3125,5.3125,10.25,5.375],"rotation":0,"texture":"#0","tintindex":0},"east":{"uv":[8.1875,10.25,8.25,10.375],"rotation":0,"texture":"#0","tintindex":0},"north":{"uv":[8.0,10.25,8.0625,10.375],"rotation":0,"texture":"#0","tintindex":0},"south":{"uv":[8.25,10.25,8.3125,10.375],"rotation":0,"texture":"#0","tintindex":0},"up":{"uv":[10.3125,5.3125,10.25,5.25],"rotation":0,"texture":"#0","tintindex":0},"west":{"uv":[8.5625,10.25,8.625,10.375],"rotation":0,"texture":"#0","tintindex":0}}},{"name":"cube","from":[5.3479996,-0.9028835,5.9441767],"to":[5.948,2.6971166,6.544177],"rotation":{"angle":45.0,"axis":"x","origin":[4.448,0.29711652,10.744177]},"faces":{"down":{"uv":[10.3125,4.8125,10.25,4.875],"rotation":0,"texture":"#0","tintindex":0},"east":{"uv":[0.0,10.0,0.0625,10.375],"rotation":0,"texture":"#0","tintindex":0},"north":{"uv":[9.9375,8.625,10.0,9.0],"rotation":0,"texture":"#0","tintindex":0},"south":{"uv":[0.0625,10.0,0.125,10.375],"rotation":0,"texture":"#0","tintindex":0},"up":{"uv":[10.3125,4.8125,10.25,4.75],"rotation":0,"texture":"#0","tintindex":0},"west":{"uv":[0.625,10.0,0.6875,10.375],"rotation":0,"texture":"#0","tintindex":0}}},{"name":"cube","from":[5.3479996,1.4971166,3.5441768],"to":[5.948,2.0971165,5.9441767],"rotation":{"angle":45.0,"axis":"x","origin":[4.448,1.4971166,7.744177]},"faces":{"down":{"uv":[0.1875,10.125,0.125,10.375],"rotation":0,"texture":"#0","tintindex":0},"east":{"uv":[10.0,9.4375,10.25,9.5],"rotation":0,"texture":"#0","tintindex":0},"north":{"uv":[10.25,4.875,10.3125,4.9375],"rotation":0,"texture":"#0","tintindex":0},"south":{"uv":[10.25,4.9375,10.3125,5.0],"rotation":0,"texture":"#0","tintindex":0},"up":{"uv":[10.125,9.875,10.0625,9.625],"rotation":0,"texture":"#0","tintindex":0},"west":{"uv":[10.0625,5.5625,10.3125,5.625],"rotation":0,"texture":"#0","tintindex":0}}},{"name":"cube","from":[5.3479996,1.4971166,2.944177],"to":[5.948,3.8971167,3.5441768],"rotation":{"angle":45.0,"axis":"x","origin":[4.448,1.4971166,7.744177]},"faces":{"down":{"uv":[10.3125,5.0625,10.25,5.125],"rotation":0,"texture":"#0","tintindex":0},"east":{"uv":[0.875,10.125,0.9375,10.375],"rotation":0,"texture":"#0","tintindex":0},"north":{"uv":[0.1875,10.125,0.25,10.375],"rotation":0,"texture":"#0","tintindex":0},"south":{"uv":[0.9375,10.125,1.0,10.375],"rotation":0,"texture":"#0","tintindex":0},"up":{"uv":[10.3125,5.0625,10.25,5.0],"rotation":0,"texture":"#0","tintindex":0},