{"textures":{"0":"modelengine:entity/enforcer"},"elements":[{"from":[7.8712363,7.5003185,-13.642855],"to":[8.124436,8.000319,-12.642855],"faces":{"east":{"uv":[10.125,9.5,9.875,9.625],"tintindex":0,"rotation":0,"texture":"#0"},"south":{"uv":[10.3125,1.4375,10.25,1.5625],"tintindex":0,"rotation":0,"texture":"#0"},"north":{"uv":[10.3125,1.3125,10.25,1.4375],"tintindex":0,"rotation":0,"texture":"#0"},"west":{"uv":[10.125,6.625,9.875,6.75],"tintindex":0,"rotation":0,"texture":"#0"},"up":{"uv":[1.375,10.4375,1.4375,10.1875],"tintindex":0,"rotation":0,"texture":"#0"},"down":{"uv":[1.5,10.1875,1.5625,10.4375],"tintindex":0,"rotation":0,"texture":"#0"}}},{"from":[7.6247363,12.708245,2.790165],"to":[8.370636,13.458245,3.790165],"faces":{"east":{"uv":[9.8125,7.125,9.5625,7.3125],"tintindex":0,"rotation":0,"texture":"#0"},"south":{"uv":[9.875,9.4375,9.6875,9.625],"tintindex":0,"rotation":0,"texture":"#0"},"north":{"uv":[9.875,9.25,9.6875,9.4375],"tintindex":0,"rotation":0,"texture":"#0"},"west":{"uv":[9.8125,5.875,9.5625,6.0625],"tintindex":0,"rotation":0,"texture":"#0"},"up":{"uv":[0.125,9.875,0.3125,9.625],"tintindex":0,"rotation":0,"texture":"#0"},"down":{"uv":[0.875,9.625,1.0625,9.875],"tintindex":0,"rotation":0,"texture":"#0"}},"rotation":{"origin":[7.999323,7.622881,-1.1578684],"angle":45.0,"axis":"x"}},{"from":[7.872536,-1.2920017,-9.902708],"to":[8.122836,-0.7920017,-8.4852085],"faces":{"east":{"uv":[10.0,2.0,9.625,2.125],"tintindex":0,"rotation":0,"texture":"#0"},"south":{"uv":[10.3125,1.1875,10.25,1.3125],"tintindex":0,"rotation":0,"texture":"#0"},"north":{"uv":[10.3125,1.0625,10.25,1.1875],"tintindex":0,"rotation":0,"texture":"#0"},"west":{"uv":[9.9375,6.0625,9.5625,6.1875],"tintindex":0,"rotation":0,"texture":"#0"},"up":{"uv":[10.0,7.375,10.0625,7.0],"tintindex":0,"rotation":0,"texture":"#0"},"down":{"uv":[10.0,8.625,10.0625,9.0],"tintindex":0,"rotation":0,"texture":"#0"}},"rotation":{"origin":[7.999323,7.622881,-1.1578684],"angle":45.0,"axis":"x"}},{"from":[7.8726363,8.000319,2.1071453],"to":[8.122637,8.500319,6.1071453],"faces":{"east":{"uv":[9.25,8.125,8.25,8.25],"tintindex":0,"rotation":0,"texture":"#0"},"south":{"uv":[10.25,7.75,10.1875,7.875],"tintindex":0,"rotation":0,"texture":"#0"},"north":{"uv":[10.25,6.75,10.1875,6.875],"tintindex":0,"rotation":0,"texture":"#0"},"west":{"uv":[9.25,8.0,8.25,8.125],"tintindex":0,"rotation":0,"texture":"#0"},"up":{"uv":[7.3125,9.75,7.375,8.75],"tintindex":0,"rotation":0,"texture":"#0"},"down":{"uv":[2.375,8.8125,2.4375,9.8125],"tintindex":0,"rotation":0,"texture":"#0"}}},{"from":[7.8726363,6.5003185,-1.6428547],"to":[8.122637,8.000319,2.1071453],"faces":{"east":{"uv":[6.0,6.25,5.0625,6.625],"tintindex":0,"rotation":0,"texture":"#0"},"south":{"uv":[8.125,10.0,8.0625,10.375],"tintindex":0,"rotation":0,"texture":"#0"},"north":{"uv":[4.0,10.0,3.9375,10.375],"tintindex":0,"rotation":0,"texture":"#0"},"west":{"uv":[2.5,6.25,1.5625,6.625],"tintindex":0,"rotation":0,"texture":"#0"},"up":{"uv":[0.5625,10.375,0.625,9.4375],"tintindex":0,"rotation":0,"texture":"#0"},"down":{"uv":[4.0,9.4375,4.0625,10.375],"tintindex":0,"rotation":0,"texture":"#0"}}},{"from":[7.8726363,6.5003185,2.1071453],"to":[8.122637,8.000319,5.8571453],"faces":{"east":{"uv":[2.5,5.875,1.5625,6.25],"tintindex":0,"rotation":0,"texture":"#0"},"south":{"uv":[10.0,7.0,9.9375,7.375],"tintindex":0,"rotation":0,"texture":"#0"},"north":{"uv":[10.0,5.0625,9.9375,5.4375],"tintindex":0,"rotation":0,"texture":"#0"},"west":{"uv":[2.9375,1.625,2.0,2.0],"tintindex":0,"rotation":0,"texture":"#0"},"up":{"uv":[4.75,10.0625,4.8125,9.125],"tintindex":0,"rotation":0,"texture":"#0"},"down":{"uv":[2.0,9.25,2.0625,10.1875],"tintindex":0,"rotation":0,"texture":"#0"}}},{"from":[7.762636,7.120319,6.4671454],"to":[8.262636,7.870319,10.217146],"faces":{"east":{"uv":[8.375,6.1875,7.4375,6.375],"tintindex":0,"rotation":0,"texture":"#0"},"south":{"uv":[10.0625,6.75,9.9375,6.9375],"tintindex":0,"rotation":0,"texture":"#0"},"north":{"uv":[10.0625,5.4375,9.9375,5.625],"tintindex":0,"rotation":0,"texture":"#0"},"west":{"uv":[8.375,6.0,7.4375,6.1875],"tintindex":0,"rotation":0,"texture":"#0"},"up":{"uv":[4.9375,9.5625,5.0625,8.625],"tintindex":0,"rotation":0,"texture":"#0"},"down":{"uv":[5.0625,8.625,5.1875,9.5625],"tintindex":0,"rotation":0,"texture":"#0"}}},{"from":[7.8726363,6.5003185,-9.142855],"to":[8.122637,8.000319,-5.3928547],"faces":{"east":{"uv":[4.375,6.3125,3.4375,6.6875],"tintindex":0,"rotation":0,"texture":"#0"},"south":{"uv":[10.0625,5.0625,10.0,5.4375],"tintindex":0,"rotation":0,"texture":"#0"},"north":{"uv":[9.9375,10.0,9.875,10.375],"tintindex":0,"rotation":0,"texture":"#0"},"west":{"uv":[3.4375,6.3125,2.5,6.6875],"tintindex":0,"rotation":0,"texture":"#0"},"up":{"uv":[1.75,10.4375,1.8125,9.5],"tintindex":0,"rotation":0,"texture":"#0"},"down":{"uv":[2.25,9.5,2.3125,10.4375],"tintindex":0,"rotation":0,"texture":"#0"}}},{"from":[7.8726363,6.5003185,-12.642855],"to":[8.122637,8.000319,-9.142855],"faces":{"east":{"uv":[7.375,3.6875,6.5,4.0625],"tintindex":0,"rotation":0,"texture":"#0"},"south":{"uv":[9.875,10.0,9.8125,10.375],"tintindex":0,"rotation":0,"texture":"#0"},"north":{"uv":[9.8125,10.0,9.75,10.375],"tintindex":0,"rotation":0,"texture":"#0"},"west":{"uv":[7.1875,1.625,6.3125,2.0],"tintindex":0,"rotation":0,"texture":"#0"},"up":{"uv":[2.5,5.375,2.5625,4.5],"tintindex":0,"rotation":0,"texture":"#0"},"down":{"uv":[2.3125,9.5,2.375,10.375],"tintindex":0,"rotation":0,"texture":"#0"}}},{"from":[7.6326365,6.870319,10.217146],"to":[8.382637,8.120318,10.967146],"faces":{"east":{"uv":[0.5625,9.4375,0.375,9.75],"tintindex":0,"rotation":0,"texture":"#0"},"south":{"uv":[8.375,9.375,8.1875,9.6875],"tintindex":0,"rotation":0,"texture":"#0"},"north":{"uv":[1.6875,9.375,1.5,9.6875],"tintindex":0,"rotation":0,"texture":"#0"},"west":{"uv":[4.3125,9.375,4.125,9.6875],"tintindex":0,"rotation":0,"texture":"#0"},"up":{"uv":[9.75,1.3125,9.9375,1.125],"tintindex":0,"rotation":0,"texture":"#0"},"down":{"uv":[9.75,1.75,9.9375,1.9375],"tintindex":0,"rotation":0,"texture":"#0"}}},{"from":[7.6226363,6.7503185,5.7171454],"to":[8.372637,8.250319,6.4671454],"faces":{"east":{"uv":[7.875,9.1875,7.6875,9.5625],"tintindex":0,"rotation":0,"texture":"#0"},"south":{"uv":[7.0625,9.1875,6.875,9.5625],"tintindex":0,"rotation":0,"texture":"#0"},"north":{"uv":[7.6875,9.125,7.5,9.5],"tintindex":0,"rotation":0,"texture":"#0"},"west":{"uv":[9.3125,5.125,9.125,5.5],"tintindex":0,"rotation":0,"texture":"#0"},"up":{"uv":[0.375,9.9375,0.5625,9.75],"tintindex":0,"rotation":0,"texture":"#0"},"down":{"uv":[9.75,0.9375,9.9375,1.125],"tintindex":0,"rotation":0,"texture":"#0"}}},{"from":[7.8726363,6.5003185,-5.3928547],"to":[8.122637,8.000319,-1.6428547],"faces":{"east":{"uv":[7.1875,5.1875,6.25,5.5625],"tintindex":0,"rotation":0,"texture":"#0"},"south":{"uv":[9.75,10.0,9.6875,10.375],"tintindex":0,"rotation":0,"texture":"#0"},"north":{"uv":[8.1875,10.0,8.125,10.375],"tintindex":0,"rotation":0,"texture":"#0"},"west":{"uv":[6.9375,6.25,6.0,6.625],"tintindex":0,"rotation":0,"texture":"#0"},"up":{"uv":[4.0625,10.375,4.125,9.4375],"tintindex":0,"rotation":0,"texture":"#0"},"down":{"uv":[1.6875,9.5,1.75,10.4375],"tintindex":0,"rotation":0,"texture":"#0"}}},{"from":[7.6226363,8.207425,2.0100389],"to":[8.372637,8.957425,5.7600384],"faces":{"east":{"uv":[8.5625,1.5625,7.625,1.75],"tintindex":0,"rotation":0,"texture":"#0"},"south":{"uv":[9.9375,5.4375,9.75,5.625],"tintindex":0,"rotation":0,"texture":"#0"},"north":{"uv":[9.9375,5.125,9.75,5.3125],"tintindex":0,"rotation":0,"texture":"#0"},"west":{"uv":[8.5625,1.375,7.625,1.5625],"tintindex":0,"rotation":0,"texture":"#0"},"up":{"uv":[6.5625,8.25,6.75,7.3125],"tintindex":0,"rotation":0,"texture":"#0"},"down":{"uv":[5.0,7.6875,5.1875,8.625],"tintindex":0,"rotation":0,"texture":"#0"}}},{"from":[7.8726363,7.0003185,-13.142855],"to":[8.122637,7.5003185,-12.642855],"faces":{"east":{"uv":[10.1875,9.1875,10.0625,9.3125],"tintindex":0,"rotation":0,"texture":"#0"},