{"elements":[{"from":[6.7885714,6.365714,6.3956046],"to":[8.502857,8.08,9.252748],"rotation":{"angle":0.0,"axis":"y","origin":[7.9314284,17.794285,6.9670334]},"faces":{"east":{"uv":[9.375,3.375,9.6875,3.5625],"rotation":0,"texture":"#0","tintindex":0},"south":{"uv":[9.75,7.625,9.9375,7.8125],"rotation":0,"texture":"#0","tintindex":0},"north":{"uv":[9.75,6.75,9.9375,6.9375],"rotation":0,"texture":"#0","tintindex":0},"west":{"uv":[9.375,5.6875,9.6875,5.875],"rotation":0,"texture":"#0","tintindex":0},"up":{"uv":[4.6875,9.8125,4.5,9.5],"rotation":0,"texture":"#0","tintindex":0},"down":{"uv":[5.375,9.5,5.1875,9.8125],"rotation":0,"texture":"#0","tintindex":0}}},{"from":[6.217143,5.222857,6.144176],"to":[7.36,6.937143,9.572747],"rotation":{"angle":0.0,"axis":"y","origin":[7.9314284,17.794285,7.287033]},"faces":{"east":{"uv":[9.125,5.5,9.5,5.6875],"rotation":0,"texture":"#0","tintindex":0},"south":{"uv":[9.9375,8.4375,10.0625,8.625],"rotation":0,"texture":"#0","tintindex":0},"north":{"uv":[9.9375,8.0,10.0625,8.1875],"rotation":0,"texture":"#0","tintindex":0},"west":{"uv":[9.125,6.8125,9.5,7.0],"rotation":0,"texture":"#0","tintindex":0},"up":{"uv":[2.25,10.0,2.125,9.625],"rotation":0,"texture":"#0","tintindex":0},"down":{"uv":[3.1875,9.625,3.0625,10.0],"rotation":0,"texture":"#0","tintindex":0}}},{"from":[6.742857,4.8571424,6.038681],"to":[8.457143,6.5714283,7.198681],"rotation":{"angle":22.5,"axis":"x","origin":[7.6,5.714286,6.6101093]},"faces":{"east":{"uv":[1.1875,10.0,1.3125,10.1875],"rotation":0,"texture":"#0","tintindex":0},"south":{"uv":[9.75,8.8125,9.9375,9.0],"rotation":0,"texture":"#0","tintindex":0},"north":{"uv":[9.75,8.625,9.9375,8.8125],"rotation":0,"texture":"#0","tintindex":0},"west":{"uv":[1.3125,10.0,1.4375,10.1875],"rotation":0,"texture":"#0","tintindex":0},"up":{"uv":[10.125,4.6875,9.9375,4.5625],"rotation":0,"texture":"#0","tintindex":0},"down":{"uv":[10.125,4.8125,9.9375,4.9375],"rotation":0,"texture":"#0","tintindex":0}}},{"from":[7.52,4.651428,7.287033],"to":[8.662857,6.365714,8.447033],"rotation":{"angle":0.0,"axis":"y","origin":[8.091429,17.794285,7.287033]},"faces":{"east":{"uv":[1.8125,10.0,1.9375,10.1875],"rotation":0,"texture":"#0","tintindex":0},"south":{"uv":[2.125,10.0,2.25,10.1875],"rotation":0,"texture":"#0","tintindex":0},"north":{"uv":[1.5,10.0,1.625,10.1875],"rotation":0,"texture":"#0","tintindex":0},"west":{"uv":[2.4375,10.0,2.5625,10.1875],"rotation":0,"texture":"#0","tintindex":0},"up":{"uv":[4.25,10.25,4.125,10.125],"rotation":0,"texture":"#0","tintindex":0},"down":{"uv":[8.3125,10.125,8.1875,10.25],"rotation":0,"texture":"#0","tintindex":0}}},{"from":[6.742857,4.8571424,8.544176],"to":[8.457143,6.5714283,9.687034],"rotation":{"angle":-22.5,"axis":"x","origin":[7.6,5.714286,9.115604]},"faces":{"east":{"uv":[0.6875,10.0,0.8125,10.1875],"rotation":0,"texture":"#0","tintindex":0},"south":{"uv":[9.75,8.4375,9.9375,8.625],"rotation":0,"texture":"#0","tintindex":0},"north":{"uv":[9.75,8.0,9.9375,8.1875],"rotation":0,"texture":"#0","tintindex":0},"west":{"uv":[1.0625,10.0,1.1875,10.1875],"rotation":0,"texture":"#0","tintindex":0},"up":{"uv":[10.125,3.3125,9.9375,3.1875],"rotation":0,"texture":"#0","tintindex":0},"down":{"uv":[10.125,3.8125,9.9375,3.9375],"rotation":0,"texture":"#0","tintindex":0}}}],"textures":{"0":"modelengine:entity/enforcer"},"display":{"head":{"translation":[0.0,-6.4,0.0],"scale":[4.0,4.0,4.0]}}}