{"textures":{"0":"modelengine:entity/enforcer"},"elements":[{"name":"cube","from":[3.5479991,5.6839995,5.710765],"to":[8.348,10.483999,10.510765],"rotation":{"angle":0.0,"axis":"x","origin":[6.247999,4.4839993,11.110765]},"faces":{"down":{"uv":[2.9375,7.0625,2.4375,7.5625],"rotation":0,"texture":"#0","tintindex":0},"east":{"uv":[6.875,2.5625,7.375,3.0625],"rotation":0,"texture":"#0","tintindex":0},"north":{"uv":[6.75,0.875,7.25,1.375],"rotation":0,"texture":"#0","tintindex":0},"south":{"uv":[6.9375,5.875,7.4375,6.375],"rotation":0,"texture":"#0","tintindex":0},"up":{"uv":[0.5,7.5625,0.0,7.0625],"rotation":0,"texture":"#0","tintindex":0},"west":{"uv":[0.5625,7.0,1.0625,7.5],"rotation":0,"texture":"#0","tintindex":0}}},{"name":"cube","from":[4.1463776,8.586029,5.854765],"to":[7.746378,12.186029,12.454765],"rotation":{"angle":-22.5,"axis":"x","origin":[5.6463776,10.986029,10.054766]},"faces":{"down":{"uv":[7.0625,4.0625,6.6875,4.75],"rotation":0,"texture":"#0","tintindex":0},"east":{"uv":[2.4375,6.6875,3.125,7.0625],"rotation":0,"texture":"#0","tintindex":0},"north":{"uv":[4.5625,8.3125,4.9375,8.6875],"rotation":0,"texture":"#0","tintindex":0},"south":{"uv":[5.6875,8.3125,6.0625,8.6875],"rotation":0,"texture":"#0","tintindex":0},"up":{"uv":[4.1875,7.375,3.8125,6.6875],"rotation":0,"texture":"#0","tintindex":0},"west":{"uv":[3.125,6.6875,3.8125,7.0625],"rotation":0,"texture":"#0","tintindex":0}}},{"name":"cube","from":[2.347999,10.249241,6.9107647],"to":[2.9479992,10.84924,9.310765],"rotation":{"angle":0.0,"axis":"x","origin":[2.8161976,7.7431717,8.110765]},"faces":{"down":{"uv":[10.1875,2.3125,10.125,2.5625],"rotation":0,"texture":"#0","tintindex":0},"east":{"uv":[10.0625,6.875,10.3125,6.9375],"rotation":0,"texture":"#0","tintindex":0},"north":{"uv":[10.25,5.5,10.3125,5.5625],"rotation":0,"texture":"#0","tintindex":0},"south":{"uv":[10.25,5.625,10.3125,5.6875],"rotation":0,"texture":"#0","tintindex":0},"up":{"uv":[2.8125,10.375,2.75,10.125],"rotation":0,"texture":"#0","tintindex":0},"west":{"uv":[10.125,1.9375,10.375,2.0],"rotation":0,"texture":"#0","tintindex":0}}},{"name":"cube","from":[2.347999,7.24924,6.3107653],"to":[2.9479992,10.84924,6.9107647],"rotation":{"angle":0.0,"axis":"x","origin":[2.8161976,7.7431717,8.110765]},"faces":{"down":{"uv":[10.3125,6.0,10.25,6.0625],"rotation":0,"texture":"#0","tintindex":0},"east":{"uv":[2.5625,10.0,2.625,10.375],"rotation":0,"texture":"#0","tintindex":0},"north":{"uv":[0.8125,10.0,0.875,10.375],"rotation":0,"texture":"#0","tintindex":0},"south":{"uv":[2.625,10.0,2.6875,10.375],"rotation":0,"texture":"#0","tintindex":0},"up":{"uv":[10.3125,6.0,10.25,5.9375],"rotation":0,"texture":"#0","tintindex":0},"west":{"uv":[2.8125,10.0,2.875,10.375],"rotation":0,"texture":"#0","tintindex":0}}},{"name":"cube","from":[2.347999,7.24924,9.310765],"to":[2.9479992,10.84924,9.910765],"rotation":{"angle":0.0,"axis":"x","origin":[2.8161976,7.7431717,8.110765]},"faces":{"down":{"uv":[10.3125,6.125,10.25,6.1875],"rotation":0,"texture":"#0","tintindex":0},"east":{"uv":[2.9375,10.0,3.0,10.375],"rotation":0,"texture":"#0","tintindex":0},"north":{"uv":[2.875,10.0,2.9375,10.375],"rotation":0,"texture":"#0","tintindex":0},"south":{"uv":[3.0,10.0,3.0625,10.375],"rotation":0,"texture":"#0","tintindex":0},"up":{"uv":[10.3125,6.125,10.25,6.0625],"rotation":0,"texture":"#0","tintindex":0},"west":{"uv":[3.0625,10.0,3.125,10.375],"rotation":0,"texture":"#0","tintindex":0}}},{"name":"cube","from":[2.135868,5.9249754,9.310765],"to":[2.735868,7.7249756,9.910765],"rotation":{"angle":45.0,"axis":"z","origin":[2.8161976,7.7431717,8.110765]},"faces":{"down":{"uv":[10.3125,5.75,10.25,5.8125],"rotation":0,"texture":"#0","tintindex":0},"east":{"uv":[10.1875,3.75,10.25,3.9375],"rotation":0,"texture":"#0","tintindex":0},"north":{"uv":[10.1875,3.5625,10.25,3.75],"rotation":0,"texture":"#0","tintindex":0},"south":{"uv":[10.1875,4.0625,10.25,4.25],"rotation":0,"texture":"#0","tintindex":0},"up":{"uv":[10.3125,5.75,10.25,5.6875],"rotation":0,"texture":"#0","tintindex":0},"west":{"uv":[10.1875,4.25,10.25,4.4375],"rotation":0,"texture":"#0","tintindex":0}}},{"name":"cube","from":[2.9479992,6.884,6.9107647],"to":[8.348,9.284,9.310765],"rotation":{"angle":-45.0,"axis":"x","origin":[5.947999,8.084,8.110765]},"faces":{"down":{"uv":[8.75,4.125,8.1875,4.375],"rotation":0,"texture":"#0","tintindex":0},"east":{"uv":[6.5,9.25,6.75,9.5],"rotation":0,"texture":"#0","tintindex":0},"north":{"uv":[7.875,4.625,8.4375,4.875],"rotation":0,"texture":"#0","tintindex":0},"south":{"uv":[8.0625,1.125,8.625,1.375],"rotation":0,"texture":"#0","tintindex":0},"up":{"uv":[8.6875,4.125,8.125,3.875],"rotation":0,"texture":"#0","tintindex":0},"west":{"uv":[8.375,9.25,8.625,9.5],"rotation":0,"texture":"#0","tintindex":0}}},{"name":"cube","from":[2.135868,5.9249754,6.3107653],"to":[2.735868,7.7249756,6.9107647],"rotation":{"angle":45.0,"axis":"z","origin":[2.8161976,7.7431717,8.110765]},"faces":{"down":{"uv":[10.3125,5.875,10.25,5.9375],"rotation":0,"texture":"#0","tintindex":0},"east":{"uv":[10.1875,4.875,10.25,5.0625],"rotation":0,"texture":"#0","tintindex":0},"north":{"uv":[10.1875,4.6875,10.25,4.875],"rotation":0,"texture":"#0","tintindex":0},"south":{"uv":[10.1875,5.0625,10.25,5.25],"rotation":0,"texture":"#0","tintindex":0},"up":{"uv":[10.3125,5.875,10.25,5.8125],"rotation":0,"texture":"#0","tintindex":0},"west":{"uv":[10.1875,5.25,10.25,5.4375],"rotation":0,"texture":"#0","tintindex":0}}},{"name":"cube","from":[4.1479993,0.2840016,6.3107653],"to":[7.747999,6.884,9.910765],"rotation":{"angle":0.0,"axis":"x","origin":[6.247999,4.4839993,11.110765]},"faces":{"down":{"uv":[8.5625,2.5625,8.1875,2.9375],"rotation":0,"texture":"#0","tintindex":0},"east":{"uv":[5.625,6.625,6.0,7.3125],"rotation":0,"texture":"#0","tintindex":0},"north":{"uv":[5.25,6.625,5.625,7.3125],"rotation":0,"texture":"#0","tintindex":0},"south":{"uv":[6.0,6.625,6.375,7.3125],"rotation":0,"texture":"#0","tintindex":0},"up":{"uv":[8.375,8.0,8.0,7.625],"rotation":0,"texture":"#0","tintindex":0},"west":{"uv":[6.375,6.625,6.75,7.3125],"rotation":0,"texture":"#0","tintindex":0}}},{"name":"cube","from":[4.747999,-2.1159983,6.9107647],"to":[7.1479993,0.88400173,9.310765],"rotation":{"angle":0.0,"axis":"x","origin":[6.247999,-3.9159985,11.110765]},"faces":{"down":{"uv":[9.5,0.0,9.25,0.25],"rotation":0,"texture":"#0","tintindex":0},"east":{"uv":[9.0,1.375,9.25,1.6875],"rotation":0,"texture":"#0","tintindex":0},"north":{"uv":[8.625,9.0,8.875,9.3125],"rotation":0,"texture":"#0","tintindex":0},"south":{"uv":[9.0,3.8125,9.25,4.125],"rotation":0,"texture":"#0","tintindex":0},"up":{"uv":[9.5,9.5,9.25,9.25],"rotation":0,"texture":"#0","tintindex":0},"west":{"uv":[9.0625,3.0625,9.3125,3.375],"rotation":0,"texture":"#0","tintindex":0}}},{"name":"cube","from":[4.1479993,-5.1159983,6.3107653],"to":[7.747999,-1.5159984,9.910765],"rotation":{"angle":0.0,"axis":"x","origin":[6.247999,-3.9159985,11.110765]},"faces":{"down":{"uv":[8.625,6.375,8.25,6.75],"rotation":0,"texture":"#0","tintindex":0},"east":{"uv":[0.5,8.25,0.875,8.625],"rotation":0,"texture":"#0","tintindex":0},"north":{"uv":[8.1875,5.4375,8.5625,5.8125],"rotation":0,"texture":"#0","tintindex":0},"south":{"uv":[1.8125,8.25,2.1875,8.625],"rotation":0,"texture":"#0","tintindex":0},"up":{"uv":[8.625,0.375,8.25,0.0],"rotation":0,"texture":"#0","tintindex":0},"west":{"uv":[8.25,8.25,8.625,8.625],"rotation":0,"texture":"#0","tintindex":0}}},{"name":"cube","from":[2.9479992,-1.7507625,9.304766],"to":[3.5479991,1.8492398,9.904765],"rotation":{"angle":0.0,"axis":"x","origin":[3.467411,-0.5404675,8.104765]},"faces":{"down":{"uv":[10.3125,6.375,10.25,6.4375],"rotation":0,"texture":"#0","tintindex":0},"east":{"uv":[3.1875,10.0,3.25,10.375],"rotation":0,"texture":"#0","tintindex":0},"north":{"uv":[3.125,10.0,3.1875,10.375],"rotation":0,"texture":"#0","tintindex":0},"south":{"uv":[3.25,10.0,3.3125,10.375],"rotation":0,"texture":"#0","tintindex":0},"up":{"uv":[10.3125,6.375,10.25,6.3125],