{"elements":[{"from":[4.3314285,6.068571,6.1397805],"to":[5.4742856,10.068571,10.139781],"rotation":{"angle":0.0,"axis":"y","origin":[6.3314285,4.925714,11.282639]},"faces":{"east":{"uv":[7.4375,4.4375,7.875,4.875],"rotation":0,"texture":"#0","tintindex":0},"south":{"uv":[5.0625,9.5625,5.1875,10.0],"rotation":0,"texture":"#0","tintindex":0},"north":{"uv":[4.9375,9.5625,5.0625,10.0],"rotation":0,"texture":"#0","tintindex":0},"west":{"uv":[7.4375,5.5625,7.875,6.0],"rotation":0,"texture":"#0","tintindex":0},"up":{"uv":[7.0,10.0,6.875,9.5625],"rotation":0,"texture":"#0","tintindex":0},"down":{"uv":[7.3125,9.5625,7.1875,10.0],"rotation":0,"texture":"#0","tintindex":0}}},{"from":[2.102857,8.174178,6.1090236],"to":[6.102857,10.459892,8.394738],"rotation":{"angle":45.0,"axis":"x","origin":[0.96000004,7.6027493,6.1090236]},"faces":{"east":{"uv":[9.25,1.375,9.5,1.625],"rotation":0,"texture":"#0","tintindex":0},"south":{"uv":[6.5,8.6875,6.9375,8.9375],"rotation":0,"texture":"#0","tintindex":0},"north":{"uv":[5.625,8.6875,6.0625,8.9375],"rotation":0,"texture":"#0","tintindex":0},"west":{"uv":[9.25,3.8125,9.5,4.0625],"rotation":0,"texture":"#0","tintindex":0},"up":{"uv":[9.125,0.625,8.6875,0.375],"rotation":0,"texture":"#0","tintindex":0},"down":{"uv":[9.125,0.625,8.6875,0.875],"rotation":0,"texture":"#0","tintindex":0}}},{"from":[6.1142855,6.365714,6.391209],"to":[7.8285713,9.794286,9.81978],"rotation":{"angle":0.0,"axis":"y","origin":[6.9714284,4.651428,11.534066]},"faces":{"east":{"uv":[0.0,8.3125,0.375,8.6875],"rotation":0,"texture":"#0","tintindex":0},"south":{"uv":[9.0625,9.1875,9.25,9.5625],"rotation":0,"texture":"#0","tintindex":0},"north":{"uv":[8.875,9.1875,9.0625,9.5625],"rotation":0,"texture":"#0","tintindex":0},"west":{"uv":[4.1875,8.3125,4.5625,8.6875],"rotation":0,"texture":"#0","tintindex":0},"up":{"uv":[2.0,9.625,1.8125,9.25],"rotation":0,"texture":"#0","tintindex":0},"down":{"uv":[2.875,9.25,2.6875,9.625],"rotation":0,"texture":"#0","tintindex":0}}}],"textures":{"0":"modelengine:entity/enforcer"},"display":{"head":{"translation":[0.0,-6.4,0.0],"scale":[4.0,4.0,4.0]}}}