{"elements":[{"from":[7.6685715,5.794286,5.819776],"to":[12.24,10.365714,10.391205],"rotation":{"angle":0.0,"axis":"y","origin":[9.668571,4.651428,10.962633]},"faces":{"east":{"uv":[1.0625,7.0,0.5625,7.5],"rotation":0,"texture":"#0","tintindex":0},"south":{"uv":[7.4375,5.875,6.9375,6.375],"rotation":0,"texture":"#0","tintindex":0},"north":{"uv":[7.25,0.875,6.75,1.375],"rotation":0,"texture":"#0","tintindex":0},"west":{"uv":[7.375,2.5625,6.875,3.0625],"rotation":0,"texture":"#0","tintindex":0},"up":{"uv":[0.0,7.5625,0.5,7.0625],"rotation":0,"texture":"#0","tintindex":0},"down":{"uv":[2.4375,7.0625,2.9375,7.5625],"rotation":0,"texture":"#0","tintindex":0}}},{"from":[8.241545,8.558123,5.9569187],"to":[11.670116,11.986694,12.242634],"rotation":{"angle":-22.5,"axis":"x","origin":[10.241545,10.843837,9.956919]},"faces":{"east":{"uv":[3.8125,6.6875,3.125,7.0625],"rotation":0,"texture":"#0","tintindex":0},"south":{"uv":[6.0625,8.3125,5.6875,8.6875],"rotation":0,"texture":"#0","tintindex":0},"north":{"uv":[4.9375,8.3125,4.5625,8.6875],"rotation":0,"texture":"#0","tintindex":0},"west":{"uv":[3.125,6.6875,2.4375,7.0625],"rotation":0,"texture":"#0","tintindex":0},"up":{"uv":[3.8125,7.375,4.1875,6.6875],"rotation":0,"texture":"#0","tintindex":0},"down":{"uv":[6.6875,4.0625,7.0625,4.75],"rotation":0,"texture":"#0","tintindex":0}}},{"from":[12.811429,10.14213,6.962633],"to":[13.382857,10.713558,9.248347],"rotation":{"angle":0.0,"axis":"y","origin":[12.9369545,7.7554,8.105491]},"faces":{"east":{"uv":[10.375,1.9375,10.125,2.0],"rotation":0,"texture":"#0","tintindex":0},"south":{"uv":[10.3125,5.625,10.25,5.6875],"rotation":0,"texture":"#0","tintindex":0},"north":{"uv":[10.3125,5.5,10.25,5.5625],"rotation":0,"texture":"#0","tintindex":0},"west":{"uv":[10.3125,6.875,10.0625,6.9375],"rotation":0,"texture":"#0","tintindex":0},"up":{"uv":[2.75,10.375,2.8125,10.125],"rotation":0,"texture":"#0","tintindex":0},"down":{"uv":[10.125,2.3125,10.1875,2.5625],"rotation":0,"texture":"#0","tintindex":0}}},{"from":[12.811429,7.284987,6.391205],"to":[13.382857,10.713558,6.962633],"rotation":{"angle":0.0,"axis":"y","origin":[12.9369545,7.7554,8.105491]},"faces":{"east":{"uv":[2.875,10.0,2.8125,10.375],"rotation":0,"texture":"#0","tintindex":0},"south":{"uv":[2.6875,10.0,2.625,10.375],"rotation":0,"texture":"#0","tintindex":0},"north":{"uv":[0.875,10.0,0.8125,10.375],"rotation":0,"texture":"#0","tintindex":0},"west":{"uv":[2.625,10.0,2.5625,10.375],"rotation":0,"texture":"#0","tintindex":0},"up":{"uv":[10.25,6.0,10.3125,5.9375],"rotation":0,"texture":"#0","tintindex":0},"down":{"uv":[10.25,6.0,10.3125,6.0625],"rotation":0,"texture":"#0","tintindex":0}}},{"from":[12.811429,7.284987,9.248347],"to":[13.382857,10.713558,9.819777],"rotation":{"angle":0.0,"axis":"y","origin":[12.9369545,7.7554,8.105491]},"faces":{"east":{"uv":[3.125,10.0,3.0625,10.375],"rotation":0,"texture":"#0","tintindex":0},"south":{"uv":[3.0625,10.0,3.0,10.375],"rotation":0,"texture":"#0","tintindex":0},"north":{"uv":[2.9375,10.0,2.875,10.375],"rotation":0,"texture":"#0","tintindex":0},"west":{"uv":[3.0,10.0,2.9375,10.375],"rotation":0,"texture":"#0","tintindex":0},"up":{"uv":[10.25,6.125,10.3125,6.0625],"rotation":0,"texture":"#0","tintindex":0},"down":{"uv":[10.25,6.125,10.3125,6.1875],"rotation":0,"texture":"#0","tintindex":0}}},{"from":[13.01346,6.0237827,9.248347],"to":[13.584888,7.7380686,9.819777],"rotation":{"angle":-45.0,"axis":"z","origin":[12.9369545,7.7554,8.105491]},"faces":{"east":{"uv":[10.25,4.25,10.1875,4.4375],"rotation":0,"texture":"#0","tintindex":0},"south":{"uv":[10.25,4.0625,10.1875,4.25],"rotation":0,"texture":"#0","tintindex":0},"north":{"uv":[10.25,3.5625,10.1875,3.75],"rotation":0,"texture":"#0","tintindex":0},"west":{"uv":[10.25,3.75,10.1875,3.9375],"rotation":0,"texture":"#0","tintindex":0},"up":{"uv":[10.25,5.75,10.3125,5.6875],"rotation":0,"texture":"#0","tintindex":0},"down":{"uv":[10.25,5.75,10.3125,5.8125],"rotation":0,"texture":"#0","tintindex":0}}},{"from":[7.6685715,6.937143,6.962633],"to":[12.811429,9.222857,9.248347],"rotation":{"angle":-45.0,"axis":"x","origin":[9.954286,8.08,8.105491]},"faces":{"east":{"uv":[8.625,9.25,8.375,9.5],"rotation":0,"texture":"#0","tintindex":0},"south":{"uv":[8.625,1.125,8.0625,1.375],"rotation":0,"texture":"#0","tintindex":0},"north":{"uv":[8.4375,4.625,7.875,4.875],"rotation":0,"texture":"#0","tintindex":0},"west":{"uv":[6.75,9.25,6.5,9.5],"rotation":0,"texture":"#0","tintindex":0},"up":{"uv":[8.125,4.125,8.6875,3.875],"rotation":0,"texture":"#0","tintindex":0},"down":{"uv":[8.1875,4.125,8.75,4.375],"rotation":0,"texture":"#0","tintindex":0}}},{"from":[13.01346,6.0237827,6.391205],"to":[13.584888,7.7380686,6.962633],"rotation":{"angle":-45.0,"axis":"z","origin":[12.9369545,7.7554,8.105491]},"faces":{"east":{"uv":[10.25,5.25,10.1875,5.4375],"rotation":0,"texture":"#0","tintindex":0},"south":{"uv":[10.25,5.0625,10.1875,5.25],"rotation":0,"texture":"#0","tintindex":0},"north":{"uv":[10.25,4.6875,10.1875,4.875],"rotation":0,"texture":"#0","tintindex":0},"west":{"uv":[10.25,4.875,10.1875,5.0625],"rotation":0,"texture":"#0","tintindex":0},"up":{"uv":[10.25,5.875,10.3125,5.8125],"rotation":0,"texture":"#0","tintindex":0},"down":{"uv":[10.25,5.875,10.3125,5.9375],"rotation":0,"texture":"#0","tintindex":0}}},{"from":[8.24,0.6514282,6.391205],"to":[11.668571,6.937143,9.819777],"rotation":{"angle":0.0,"axis":"y","origin":[9.668571,4.651428,10.962633]},"faces":{"east":{"uv":[6.75,6.625,6.375,7.3125],"rotation":0,"texture":"#0","tintindex":0},"south":{"uv":[6.375,6.625,6.0,7.3125],"rotation":0,"texture":"#0","tintindex":0},"north":{"uv":[5.625,6.625,5.25,7.3125],"rotation":0,"texture":"#0","tintindex":0},"west":{"uv":[6.0,6.625,5.625,7.3125],"rotation":0,"texture":"#0","tintindex":0},"up":{"uv":[8.0,8.0,8.375,7.625],"rotation":0,"texture":"#0","tintindex":0},"down":{"uv":[8.1875,2.5625,8.5625,2.9375],"rotation":0,"texture":"#0","tintindex":0}}},{"from":[8.811429,-1.6342869,6.962633],"to":[11.097143,1.222857,9.248347],"rotation":{"angle":0.0,"axis":"y","origin":[9.668571,-3.3485727,10.962633]},"faces":{"east":{"uv":[9.3125,3.0625,9.0625,3.375],"rotation":0,"texture":"#0","tintindex":0},"south":{"uv":[9.25,3.8125,9.0,4.125],"rotation":0,"texture":"#0","tintindex":0},"north":{"uv":[8.875,9.0,8.625,9.3125],"rotation":0,"texture":"#0","tintindex":0},"west":{"uv":[9.25,1.375,9.0,1.6875],"rotation":0,"texture":"#0","tintindex":0},"up":{"uv":[9.25,9.5,9.5,9.25],"rotation":0,"texture":"#0","tintindex":0},"down":{"uv":[9.25,0.0,9.5,0.25],"rotation":0,"texture":"#0","tintindex":0}}},{"from":[8.24,-4.4914293,6.391205],"to":[11.668571,-1.0628576,9.819777],"rotation":{"angle":0.0,"axis":"y","origin":[9.668571,-3.3485727,10.962633]},"faces":{"east":{"uv":[8.625,8.25,8.25,8.625],"rotation":0,"texture":"#0","tintindex":0},"south":{"uv":[2.1875,8.25,1.8125,8.625],"rotation":0,"texture":"#0","tintindex":0},"north":{"uv":[8.5625,5.4375,8.1875,5.8125],"rotation":0,"texture":"#0","tintindex":0},"west":{"uv":[0.875,8.25,0.5,8.625],"rotation":0,"texture":"#0","tintindex":0},"up":{"uv":[8.25,0.375,8.625,0.0],"rotation":0,"texture":"#0","tintindex":0},"down":{"uv":[8.25,6.375,8.625,6.75],"rotation":0,"texture":"#0","tintindex":0}}},{"from":[12.24,-1.2864418,9.242634],"to":[12.811429,2.1421294,9.814062],"rotation":{"angle":0.0,"axis":"y","origin":[12.3167515,-0.13378048,8.099776]},"faces":{"east":{"uv":[3.375,10.0,3.3125,10.375],"rotation":0,"texture":"#0","tintindex":0},"south":{"uv":[3.3125,10.0,3.25,10.375],"rotation":0,"texture":"#0","tintindex":0},"north":{"uv":[3.1875,10.0,3.125,10.375],"rotation":0,"texture":"#0","tintindex":0},"west":{"uv":[3.25,10.0,3.1875,10.375],"rotation":0,"texture":"#0","tintindex":0},"up":{"uv":[10.25,6.375,10.3125,6.3125],"rotation":0,"texture":"#0","tintindex":0},"down":{"uv":[10.25,6.375,10.3125,6.4375],"rotation":0,"texture":"#0","tintindex":0}}},{"from":[12.24,1.5707006,6.979776],"to":[12.811429,2.1421294,9.242634],"rotation":{"angle":0.0,"axis":"y",