{"textures":{"0":"modelengine:entity/enforcer"},"elements":[{"name":"cube","from":[7.3702335,6.0634036,24.902859],"to":[8.655949,8.20626,26.188572],"rotation":{"angle":0.0,"axis":"x","origin":[7.998839,7.35351,5.402834]},"faces":{"down":{"uv":[9.75,1.75,9.9375,1.9375],"rotation":0,"texture":"#0","tintindex":0},"east":{"uv":[0.5625,9.4375,0.375,9.75],"rotation":0,"texture":"#0","tintindex":0},"north":{"uv":[1.6875,9.375,1.5,9.6875],"rotation":0,"texture":"#0","tintindex":0},"south":{"uv":[8.375,9.375,8.1875,9.6875],"rotation":0,"texture":"#0","tintindex":0},"up":{"uv":[9.75,1.3125,9.9375,1.125],"rotation":0,"texture":"#0","tintindex":0},"west":{"uv":[4.3125,9.375,4.125,9.6875],"rotation":0,"texture":"#0","tintindex":0}}},{"name":"cube","from":[7.59309,6.491975,18.474285],"to":[8.450233,7.777689,24.902859],"rotation":{"angle":0.0,"axis":"x","origin":[7.998839,7.35351,5.402834]},"faces":{"down":{"uv":[5.0625,8.625,5.1875,9.5625],"rotation":0,"texture":"#0","tintindex":0},"east":{"uv":[8.375,6.1875,7.4375,6.375],"rotation":0,"texture":"#0","tintindex":0},"north":{"uv":[10.0625,5.4375,9.9375,5.625],"rotation":0,"texture":"#0","tintindex":0},"south":{"uv":[10.0625,6.75,9.9375,6.9375],"rotation":0,"texture":"#0","tintindex":0},"up":{"uv":[4.9375,9.5625,5.0625,8.625],"rotation":0,"texture":"#0","tintindex":0},"west":{"uv":[8.375,6.0,7.4375,6.1875],"rotation":0,"texture":"#0","tintindex":0}}},{"name":"cube","from":[7.781662,5.429117,-1.8571434],"to":[8.210234,8.0005455,4.5714293],"rotation":{"angle":0.0,"axis":"x","origin":[7.998839,7.35351,5.402834]},"faces":{"down":{"uv":[1.6875,9.5,1.75,10.4375],"rotation":0,"texture":"#0","tintindex":0},"east":{"uv":[7.1875,5.1875,6.25,5.5625],"rotation":0,"texture":"#0","tintindex":0},"north":{"uv":[8.1875,10.0,8.125,10.375],"rotation":0,"texture":"#0","tintindex":0},"south":{"uv":[9.75,10.0,9.6875,10.375],"rotation":0,"texture":"#0","tintindex":0},"up":{"uv":[4.0625,10.375,4.125,9.4375],"rotation":0,"texture":"#0","tintindex":0},"west":{"uv":[6.9375,6.25,6.0,6.625],"rotation":0,"texture":"#0","tintindex":0}}},{"name":"cube","from":[7.781662,5.429117,4.5714293],"to":[8.210234,8.0005455,11.0],"rotation":{"angle":0.0,"axis":"x","origin":[7.998839,7.35351,5.402834]},"faces":{"down":{"uv":[4.0,9.4375,4.0625,10.375],"rotation":0,"texture":"#0","tintindex":0},"east":{"uv":[6.0,6.25,5.0625,6.625],"rotation":0,"texture":"#0","tintindex":0},"north":{"uv":[4.0,10.0,3.9375,10.375],"rotation":0,"texture":"#0","tintindex":0},"south":{"uv":[8.125,10.0,8.0625,10.375],"rotation":0,"texture":"#0","tintindex":0},"up":{"uv":[0.5625,10.375,0.625,9.4375],"rotation":0,"texture":"#0","tintindex":0},"west":{"uv":[2.5,6.25,1.5625,6.625],"rotation":0,"texture":"#0","tintindex":0}}},{"name":"cube","from":[7.781662,5.429117,11.0],"to":[8.210234,8.0005455,17.428572],"rotation":{"angle":0.0,"axis":"x","origin":[7.998839,7.35351,5.402834]},"faces":{"down":{"uv":[2.0,9.25,2.0625,10.1875],"rotation":0,"texture":"#0","tintindex":0},"east":{"uv":[2.5,5.875,1.5625,6.25],"rotation":0,"texture":"#0","tintindex":0},"north":{"uv":[10.0,5.0625,9.9375,5.4375],"rotation":0,"texture":"#0","tintindex":0},"south":{"uv":[10.0,7.0,9.9375,7.375],"rotation":0,"texture":"#0","tintindex":0},"up":{"uv":[4.75,10.0625,4.8125,9.125],"rotation":0,"texture":"#0","tintindex":0},"west":{"uv":[2.9375,1.625,2.0,2.0],"rotation":0,"texture":"#0","tintindex":0}}},{"name":"cube","from":[7.781662,5.429117,-8.285713],"to":[8.210234,8.0005455,-1.8571434],"rotation":{"angle":0.0,"axis":"x","origin":[7.998839,7.35351,5.402834]},"faces":{"down":{"uv":[2.25,9.5,2.3125,10.4375],"rotation":0,"texture":"#0","tintindex":0},"east":{"uv":[4.375,6.3125,3.4375,6.6875],"rotation":0,"texture":"#0","tintindex":0},"north":{"uv":[9.9375,10.0,9.875,10.375],"rotation":0,"texture":"#0","tintindex":0},"south":{"uv":[10.0625,5.0625,10.0,5.4375],"rotation":0,"texture":"#0","tintindex":0},"up":{"uv":[1.75,10.4375,1.8125,9.5],"rotation":0,"texture":"#0","tintindex":0},"west":{"uv":[3.4375,6.3125,2.5,6.6875],"rotation":0,"texture":"#0","tintindex":0}}},{"name":"cube","from":[7.7861195,4.7310457,4.6826067],"to":[8.205948,6.01676,5.539749],"rotation":{"angle":45.0,"axis":"x","origin":[8.0,7.5714283,8.056323]},"faces":{"down":{"uv":[10.1875,10.0625,10.25,10.1875],"rotation":0,"texture":"#0","tintindex":0},"east":{"uv":[10.0625,4.3125,9.9375,4.5],"rotation":0,"texture":"#0","tintindex":0},"north":{"uv":[8.8125,10.1875,8.75,10.375],"rotation":0,"texture":"#0","tintindex":0},"south":{"uv":[9.1875,10.1875,9.125,10.375],"rotation":0,"texture":"#0","tintindex":0},"up":{"uv":[10.1875,9.3125,10.25,9.1875],"rotation":0,"texture":"#0","tintindex":0},"west":{"uv":[10.0625,4.125,9.9375,4.3125],"rotation":0,"texture":"#0","tintindex":0}}},{"name":"cube","from":[7.781662,5.429117,-14.285713],"to":[8.210234,8.0005455,-8.285713],"rotation":{"angle":0.0,"axis":"x","origin":[7.998839,7.35351,5.402834]},"faces":{"down":{"uv":[2.3125,9.5,2.375,10.375],"rotation":0,"texture":"#0","tintindex":0},"east":{"uv":[7.375,3.6875,6.5,4.0625],"rotation":0,"texture":"#0","tintindex":0},"north":{"uv":[9.8125,10.0,9.75,10.375],"rotation":0,"texture":"#0","tintindex":0},"south":{"uv":[9.875,10.0,9.8125,10.375],"rotation":0,"texture":"#0","tintindex":0},"up":{"uv":[2.5,5.375,2.5625,4.5],"rotation":0,"texture":"#0","tintindex":0},"west":{"uv":[7.1875,1.625,6.3125,2.0],"rotation":0,"texture":"#0","tintindex":0}}},{"name":"cube","from":[7.7814903,-7.929146,-9.58832],"to":[8.210576,-7.0720034,-7.1583214],"rotation":{"angle":45.0,"axis":"x","origin":[7.998839,7.35351,5.402834]},"faces":{"down":{"uv":[10.0,8.625,10.0625,9.0],"rotation":0,"texture":"#0","tintindex":0},"east":{"uv":[10.0,2.0,9.625,2.125],"rotation":0,"texture":"#0","tintindex":0},"north":{"uv":[10.3125,1.0625,10.25,1.1875],"rotation":0,"texture":"#0","tintindex":0},"south":{"uv":[10.3125,1.1875,10.25,1.3125],"rotation":0,"texture":"#0","tintindex":0},"up":{"uv":[10.0,7.375,10.0625,7.0],"rotation":0,"texture":"#0","tintindex":0},"west":{"uv":[9.9375,6.0625,9.5625,6.1875],"rotation":0,"texture":"#0","tintindex":0}}},{"name":"cube","from":[7.779262,7.143403,-16.0],"to":[8.21332,8.0005455,-14.285713],"rotation":{"angle":0.0,"axis":"x","origin":[7.998839,7.35351,5.402834]},"faces":{"down":{"uv":[1.5,10.1875,1.5625,10.4375],"rotation":0,"texture":"#0","tintindex":0},"east":{"uv":[10.125,9.5,9.875,9.625],"rotation":0,"texture":"#0","tintindex":0},"north":{"uv":[10.3125,1.3125,10.25,1.4375],"rotation":0,"texture":"#0","tintindex":0},"south":{"uv":[10.3125,1.4375,10.25,1.5625],"rotation":0,"texture":"#0","tintindex":0},"up":{"uv":[1.375,10.4375,1.4375,10.1875],"rotation":0,"texture":"#0","tintindex":0},"west":{"uv":[10.125,6.625,9.875,6.75],"rotation":0,"texture":"#0","tintindex":0}}},{"name":"cube","from":[7.781662,6.28626,-15.142857],"to":[8.210234,7.143403,-14.285713],"rotation":{"angle":0.0,"axis":"x","origin":[7.998839,7.35351,5.402834]},"faces":{"down":{"uv":[7.6875,10.25,7.75,10.375],"rotation":0,"texture":"#0","tintindex":0},"east":{"uv":[10.1875,9.1875,10.0625,9.3125],"rotation":0,"texture":"#0","tintindex":0},"north":{"uv":[5.875,10.25,5.8125,10.375],"rotation":0,"texture":"#0","tintindex":0},"south":{"uv":[6.6875,10.25,6.625,10.375],"rotation":0,"texture":"#0","tintindex":0},"up":{"uv":[7.0,10.375,7.0625,10.25],"rotation":0,"texture":"#0","tintindex":0},"west":{"uv":[10.1875,9.0625,10.0625,9.1875],"rotation":0,"texture":"#0","tintindex":0}}},{"name":"cube","from":[7.781662,8.0005455,4.5714293],"to":[8.210234,8.857689,11.0],"rotation":{"angle":0.0,"axis":"x","origin":[7.998839,7.35351,5.402834]},"faces":{"down":{"uv":[8.8125,9.3125,8.875,10.25],"rotation":0,"texture":"#0","tintindex":0},"east":{"uv":[9.5625,7.25,8.625,7.375],"rotation":0,"texture":"#0","tintindex":0},"north":{"uv":[10.3125,0.3125,10.25,0.4375],"rotation":0,"texture":"#0","tintindex":0},"south":{"uv":[10.3125,0.9375,10.25,1.0625],"rotation":0,"texture":"#0","tintindex":0},"up":{"uv":[2.0625,10.1875,2.125,9.25],"rotation":0,