{"elements":[{"from":[7.412218,6.19251,22.175999],"to":[8.612218,8.192511,23.376],"rotation":{"angle":0.0,"axis":"y","origin":[7.9989166,7.39661,3.975977]},"faces":{"east":{"uv":[0.5625,9.4375,0.375,9.75],"rotation":0,"texture":"#0","tintindex":0},"south":{"uv":[8.375,9.375,8.1875,9.6875],"rotation":0,"texture":"#0","tintindex":0},"north":{"uv":[1.6875,9.375,1.5,9.6875],"rotation":0,"texture":"#0","tintindex":0},"west":{"uv":[4.3125,9.375,4.125,9.6875],"rotation":0,"texture":"#0","tintindex":0},"up":{"uv":[9.75,1.3125,9.9375,1.125],"rotation":0,"texture":"#0","tintindex":0},"down":{"uv":[9.75,1.75,9.9375,1.9375],"rotation":0,"texture":"#0","tintindex":0}}},{"from":[7.6202183,6.59251,16.175999],"to":[8.420218,7.79251,22.175999],"rotation":{"angle":0.0,"axis":"y","origin":[7.9989166,7.39661,3.975977]},"faces":{"east":{"uv":[8.375,6.1875,7.4375,6.375],"rotation":0,"texture":"#0","tintindex":0},"south":{"uv":[10.0625,6.75,9.9375,6.9375],"rotation":0,"texture":"#0","tintindex":0},"north":{"uv":[10.0625,5.4375,9.9375,5.625],"rotation":0,"texture":"#0","tintindex":0},"west":{"uv":[8.375,6.0,7.4375,6.1875],"rotation":0,"texture":"#0","tintindex":0},"up":{"uv":[4.9375,9.5625,5.0625,8.625],"rotation":0,"texture":"#0","tintindex":0},"down":{"uv":[5.0625,8.625,5.1875,9.5625],"rotation":0,"texture":"#0","tintindex":0}}},{"from":[7.7962184,5.60051,-2.8000011],"to":[8.1962185,8.00051,3.1999989],"rotation":{"angle":0.0,"axis":"y","origin":[7.9989166,7.39661,3.975977]},"faces":{"east":{"uv":[7.1875,5.1875,6.25,5.5625],"rotation":0,"texture":"#0","tintindex":0},"south":{"uv":[9.75,10.0,9.6875,10.375],"rotation":0,"texture":"#0","tintindex":0},"north":{"uv":[8.1875,10.0,8.125,10.375],"rotation":0,"texture":"#0","tintindex":0},"west":{"uv":[6.9375,6.25,6.0,6.625],"rotation":0,"texture":"#0","tintindex":0},"up":{"uv":[4.0625,10.375,4.125,9.4375],"rotation":0,"texture":"#0","tintindex":0},"down":{"uv":[1.6875,9.5,1.75,10.4375],"rotation":0,"texture":"#0","tintindex":0}}},{"from":[7.7962184,5.60051,3.1999989],"to":[8.1962185,8.00051,9.199999],"rotation":{"angle":0.0,"axis":"y","origin":[7.9989166,7.39661,3.975977]},"faces":{"east":{"uv":[6.0,6.25,5.0625,6.625],"rotation":0,"texture":"#0","tintindex":0},"south":{"uv":[8.125,10.0,8.0625,10.375],"rotation":0,"texture":"#0","tintindex":0},"north":{"uv":[4.0,10.0,3.9375,10.375],"rotation":0,"texture":"#0","tintindex":0},"west":{"uv":[2.5,6.25,1.5625,6.625],"rotation":0,"texture":"#0","tintindex":0},"up":{"uv":[0.5625,10.375,0.625,9.4375],"rotation":0,"texture":"#0","tintindex":0},"down":{"uv":[4.0,9.4375,4.0625,10.375],"rotation":0,"texture":"#0","tintindex":0}}},{"from":[7.7962184,5.60051,9.199999],"to":[8.1962185,8.00051,15.199999],"rotation":{"angle":0.0,"axis":"y","origin":[7.9989166,7.39661,3.975977]},"faces":{"east":{"uv":[2.5,5.875,1.5625,6.25],"rotation":0,"texture":"#0","tintindex":0},"south":{"uv":[10.0,7.0,9.9375,7.375],"rotation":0,"texture":"#0","tintindex":0},"north":{"uv":[10.0,5.0625,9.9375,5.4375],"rotation":0,"texture":"#0","tintindex":0},"west":{"uv":[2.9375,1.625,2.0,2.0],"rotation":0,"texture":"#0","tintindex":0},"up":{"uv":[4.75,10.0625,4.8125,9.125],"rotation":0,"texture":"#0","tintindex":0},"down":{"uv":[2.0,9.25,2.0625,10.1875],"rotation":0,"texture":"#0","tintindex":0}}},{"from":[7.7962184,5.60051,-8.800001],"to":[8.1962185,8.00051,-2.8000011],"rotation":{"angle":0.0,"axis":"y","origin":[7.9989166,7.39661,3.975977]},"faces":{"east":{"uv":[4.375,6.3125,3.4375,6.6875],"rotation":0,"texture":"#0","tintindex":0},"south":{"uv":[10.0625,5.0625,10.0,5.4375],"rotation":0,"texture":"#0","tintindex":0},"north":{"uv":[9.9375,10.0,9.875,10.375],"rotation":0,"texture":"#0","tintindex":0},"west":{"uv":[3.4375,6.3125,2.5,6.6875],"rotation":0,"texture":"#0","tintindex":0},"up":{"uv":[1.75,10.4375,1.8125,9.5],"rotation":0,"texture":"#0","tintindex":0},"down":{"uv":[2.25,9.5,2.3125,10.4375],"rotation":0,"texture":"#0","tintindex":0}}},{"from":[7.8003783,4.9489765,3.3037653],"to":[8.192218,6.1489763,4.1037645],"rotation":{"angle":45.0,"axis":"x","origin":[8.0,7.6,6.452566]},"faces":{"east":{"uv":[10.0625,4.3125,9.9375,4.5],"rotation":0,"texture":"#0","tintindex":0},"south":{"uv":[9.1875,10.1875,9.125,10.375],"rotation":0,"texture":"#0","tintindex":0},"north":{"uv":[8.8125,10.1875,8.75,10.375],"rotation":0,"texture":"#0","tintindex":0},"west":{"uv":[10.0625,4.125,9.9375,4.3125],"rotation":0,"texture":"#0","tintindex":0},"up":{"uv":[10.1875,9.3125,10.25,9.1875],"rotation":0,"texture":"#0","tintindex":0},"down":{"uv":[10.1875,10.0625,10.25,10.1875],"rotation":0,"texture":"#0","tintindex":0}}},{"from":[7.7962184,5.60051,-14.400002],"to":[8.1962185,8.00051,-8.800001],"rotation":{"angle":0.0,"axis":"y","origin":[7.9989166,7.39661,3.975977]},"faces":{"east":{"uv":[7.375,3.6875,6.5,4.0625],"rotation":0,"texture":"#0","tintindex":0},"south":{"uv":[9.875,10.0,9.8125,10.375],"rotation":0,"texture":"#0","tintindex":0},"north":{"uv":[9.8125,10.0,9.75,10.375],"rotation":0,"texture":"#0","tintindex":0},"west":{"uv":[7.1875,1.625,6.3125,2.0],"rotation":0,"texture":"#0","tintindex":0},"up":{"uv":[2.5,5.375,2.5625,4.5],"rotation":0,"texture":"#0","tintindex":0},"down":{"uv":[2.3125,9.5,2.375,10.375],"rotation":0,"texture":"#0","tintindex":0}}},{"from":[7.796058,-6.8672028,-10.015766],"to":[8.196538,-6.0672026,-7.7477665],"rotation":{"angle":45.0,"axis":"x","origin":[7.9989166,7.39661,3.975977]},"faces":{"east":{"uv":[10.0,2.0,9.625,2.125],"rotation":0,"texture":"#0","tintindex":0},"south":{"uv":[10.3125,1.1875,10.25,1.3125],"rotation":0,"texture":"#0","tintindex":0},"north":{"uv":[10.3125,1.0625,10.25,1.1875],"rotation":0,"texture":"#0","tintindex":0},"west":{"uv":[9.9375,6.0625,9.5625,6.1875],"rotation":0,"texture":"#0","tintindex":0},"up":{"uv":[10.0,7.375,10.0625,7.0],"rotation":0,"texture":"#0","tintindex":0},"down":{"uv":[10.0,8.625,10.0625,9.0],"rotation":0,"texture":"#0","tintindex":0}}},{"from":[7.793978,7.20051,-16.0],"to":[8.199099,8.00051,-14.400002],"rotation":{"angle":0.0,"axis":"y","origin":[7.9989166,7.39661,3.975977]},"faces":{"east":{"uv":[10.125,9.5,9.875,9.625],"rotation":0,"texture":"#0","tintindex":0},"south":{"uv":[10.3125,1.4375,10.25,1.5625],"rotation":0,"texture":"#0","tintindex":0},"north":{"uv":[10.3125,1.3125,10.25,1.4375],"rotation":0,"texture":"#0","tintindex":0},"west":{"uv":[10.125,6.625,9.875,6.75],"rotation":0,"texture":"#0","tintindex":0},"up":{"uv":[1.375,10.4375,1.4375,10.1875],"rotation":0,"texture":"#0","tintindex":0},"down":{"uv":[1.5,10.1875,1.5625,10.4375],"rotation":0,"texture":"#0","tintindex":0}}},{"from":[7.7962184,6.4005103,-15.200001],"to":[8.1962185,7.20051,-14.400002],"rotation":{"angle":0.0,"axis":"y","origin":[7.9989166,7.39661,3.975977]},"faces":{"east":{"uv":[10.1875,9.1875,10.0625,9.3125],"rotation":0,"texture":"#0","tintindex":0},"south":{"uv":[6.6875,10.25,6.625,10.375],"rotation":0,"texture":"#0","tintindex":0},"north":{"uv":[5.875,10.25,5.8125,10.375],"rotation":0,"texture":"#0","tintindex":0},"west":{"uv":[10.1875,9.0625,10.0625,9.1875],"rotation":0,"texture":"#0","tintindex":0},"up":{"uv":[7.0,10.375,7.0625,10.25],"rotation":0,"texture":"#0","tintindex":0},"down":{"uv":[7.6875,10.25,7.75,10.375],"rotation":0,"texture":"#0","tintindex":0}}},{"from":[7.7962184,8.00051,3.1999989],"to":[8.1962185,8.80051,9.199999],"rotation":{"angle":0.0,"axis":"y","origin":[7.9989166,7.39661,3.975977]},"faces":{"east":{"uv":[9.5625,7.25,8.625,7.375],"rotation":0,"texture":"#0","tintindex":0},"south":{"uv":[10.3125,0.9375,10.25,1.0625],"rotation":0,"texture":"#0","tintindex":0},"north":{"uv":[10.3125,0.3125,10.25,0.4375],"rotation":0,"texture":"#0","tintindex":0},"west":{"uv":[9.5625,7.125,8.625,7.25],"rotation":0,"texture":"#0","tintindex":0},"up":{"uv":[2.0625,10.1875,2.125,9.25],"rotation":0,"texture":"#0","tintindex":0},"down":{"uv":[8.8125,9.3125,8.875,10.25],"rotation":0,"texture":"#0","tintindex":0}}},{"from":[7.7962184,8.00051,9.199999],"to":[8.1962185,8.80051,15.599999],