{"textures":{"0":"modelengine:entity/enforcer"},"elements":[{"name":"cube","from":[10.652,5.9720016,6.04677],"to":[11.852,10.172002,10.24677],"rotation":{"angle":0.0,"axis":"x","origin":[9.752001,4.7720013,11.44677]},"faces":{"down":{"uv":[7.1875,9.5625,7.3125,10.0],"rotation":0,"texture":"#0","tintindex":0},"east":{"uv":[7.875,5.5625,7.4375,6.0],"rotation":0,"texture":"#0","tintindex":0},"north":{"uv":[5.0625,9.5625,4.9375,10.0],"rotation":0,"texture":"#0","tintindex":0},"south":{"uv":[5.1875,9.5625,5.0625,10.0],"rotation":0,"texture":"#0","tintindex":0},"up":{"uv":[6.875,10.0,7.0,9.5625],"rotation":0,"texture":"#0","tintindex":0},"west":{"uv":[7.875,4.4375,7.4375,4.875],"rotation":0,"texture":"#0","tintindex":0}}},{"name":"cube","from":[9.992001,8.18289,6.014475],"to":[14.192,10.5828905,8.4144745],"rotation":{"angle":45.0,"axis":"x","origin":[15.392,7.5828905,6.014475]},"faces":{"down":{"uv":[8.6875,0.625,9.125,0.875],"rotation":0,"texture":"#0","tintindex":0},"east":{"uv":[9.5,3.8125,9.25,4.0625],"rotation":0,"texture":"#0","tintindex":0},"north":{"uv":[6.0625,8.6875,5.625,8.9375],"rotation":0,"texture":"#0","tintindex":0},"south":{"uv":[6.9375,8.6875,6.5,8.9375],"rotation":0,"texture":"#0","tintindex":0},"up":{"uv":[8.6875,0.625,9.125,0.375],"rotation":0,"texture":"#0","tintindex":0},"west":{"uv":[9.5,1.375,9.25,1.625],"rotation":0,"texture":"#0","tintindex":0}}},{"name":"cube","from":[8.18,6.2839994,6.3107696],"to":[9.98,9.884,9.91077],"rotation":{"angle":0.0,"axis":"x","origin":[9.08,4.4839993,11.71077]},"faces":{"down":{"uv":[2.6875,9.25,2.875,9.625],"rotation":0,"texture":"#0","tintindex":0},"east":{"uv":[4.5625,8.3125,4.1875,8.6875],"rotation":0,"texture":"#0","tintindex":0},"north":{"uv":[9.0625,9.1875,8.875,9.5625],"rotation":0,"texture":"#0","tintindex":0},"south":{"uv":[9.25,9.1875,9.0625,9.5625],"rotation":0,"texture":"#0","tintindex":0},"up":{"uv":[1.8125,9.625,2.0,9.25],"rotation":0,"texture":"#0","tintindex":0},"west":{"uv":[0.375,8.3125,0.0,8.6875],"rotation":0,"texture":"#0","tintindex":0}}}],"display":{"head":{"translation":[0.0,-6.4,0.0],"rotation":[0.0,0.0,0.0],"scale":[3.8095,3.8095,3.8095]}}}