{"textures":{"0":"modelengine:entity/enforcer"},"elements":[{"name":"cube","from":[6.7279997,6.2839994,6.315385],"to":[8.528,8.084,9.315386],"rotation":{"angle":0.0,"axis":"x","origin":[7.9279995,18.284,6.915385]},"faces":{"down":{"uv":[5.375,9.5,5.1875,9.8125],"rotation":0,"texture":"#0","tintindex":0},"east":{"uv":[9.375,3.375,9.6875,3.5625],"rotation":0,"texture":"#0","tintindex":0},"north":{"uv":[9.75,6.75,9.9375,6.9375],"rotation":0,"texture":"#0","tintindex":0},"south":{"uv":[9.75,7.625,9.9375,7.8125],"rotation":0,"texture":"#0","tintindex":0},"up":{"uv":[4.6875,9.8125,4.5,9.5],"rotation":0,"texture":"#0","tintindex":0},"west":{"uv":[9.375,5.6875,9.6875,5.875],"rotation":0,"texture":"#0","tintindex":0}}},{"name":"cube","from":[6.1279993,5.0839996,6.051385],"to":[7.3279996,6.884,9.651384],"rotation":{"angle":0.0,"axis":"x","origin":[7.9279995,18.284,7.251385]},"faces":{"down":{"uv":[3.1875,9.625,3.0625,10.0],"rotation":0,"texture":"#0","tintindex":0},"east":{"uv":[9.125,5.5,9.5,5.6875],"rotation":0,"texture":"#0","tintindex":0},"north":{"uv":[9.9375,8.0,10.0625,8.1875],"rotation":0,"texture":"#0","tintindex":0},"south":{"uv":[9.9375,8.4375,10.0625,8.625],"rotation":0,"texture":"#0","tintindex":0},"up":{"uv":[2.25,10.0,2.125,9.625],"rotation":0,"texture":"#0","tintindex":0},"west":{"uv":[9.125,6.8125,9.5,7.0],"rotation":0,"texture":"#0","tintindex":0}}},{"name":"cube","from":[6.6799994,4.7,5.9406147],"to":[8.48,6.5,7.158615],"rotation":{"angle":22.5,"axis":"x","origin":[7.5799994,5.6,6.540615]},"faces":{"down":{"uv":[10.125,4.8125,9.9375,4.9375],"rotation":0,"texture":"#0","tintindex":0},"east":{"uv":[1.1875,10.0,1.3125,10.1875],"rotation":0,"texture":"#0","tintindex":0},"north":{"uv":[9.75,8.625,9.9375,8.8125],"rotation":0,"texture":"#0","tintindex":0},"south":{"uv":[9.75,8.8125,9.9375,9.0],"rotation":0,"texture":"#0","tintindex":0},"up":{"uv":[10.125,4.6875,9.9375,4.5625],"rotation":0,"texture":"#0","tintindex":0},"west":{"uv":[1.3125,10.0,1.4375,10.1875],"rotation":0,"texture":"#0","tintindex":0}}},{"name":"cube","from":[7.496,4.4839993,7.251385],"to":[8.696,6.2839994,8.469385],"rotation":{"angle":0.0,"axis":"x","origin":[8.096,18.284,7.251385]},"faces":{"down":{"uv":[8.3125,10.125,8.1875,10.25],"rotation":0,"texture":"#0","tintindex":0},"east":{"uv":[1.8125,10.0,1.9375,10.1875],"rotation":0,"texture":"#0","tintindex":0},"north":{"uv":[1.5,10.0,1.625,10.1875],"rotation":0,"texture":"#0","tintindex":0},"south":{"uv":[2.125,10.0,2.25,10.1875],"rotation":0,"texture":"#0","tintindex":0},"up":{"uv":[4.25,10.25,4.125,10.125],"rotation":0,"texture":"#0","tintindex":0},"west":{"uv":[2.4375,10.0,2.5625,10.1875],"rotation":0,"texture":"#0","tintindex":0}}},{"name":"cube","from":[6.6799994,4.7,8.571385],"to":[8.48,6.5,9.771385],"rotation":{"angle":-22.5,"axis":"x","origin":[7.5799994,5.6,9.171385]},"faces":{"down":{"uv":[10.125,3.8125,9.9375,3.9375],"rotation":0,"texture":"#0","tintindex":0},"east":{"uv":[0.6875,10.0,0.8125,10.1875],"rotation":0,"texture":"#0","tintindex":0},"north":{"uv":[9.75,8.0,9.9375,8.1875],"rotation":0,"texture":"#0","tintindex":0},"south":{"uv":[9.75,8.4375,9.9375,8.625],"rotation":0,"texture":"#0","tintindex":0},"up":{"uv":[10.125,3.3125,9.9375,3.1875],"rotation":0,"texture":"#0","tintindex":0},"west":{"uv":[1.0625,10.0,1.1875,10.1875],"rotation":0,"texture":"#0","tintindex":0}}}],"display":{"head":{"translation":[0.0,-6.4,0.0],"rotation":[0.0,0.0,0.0],"scale":[3.8095,3.8095,3.8095]}}}