{"textures":{"0":"modelengine:entity/enforcer"},"elements":[{"name":"cube","from":[12.861881,17.336067,4.3946958],"to":[13.290453,22.050352,6.108981],"rotation":{"angle":22.5,"axis":"z","origin":[11.141033,12.076706,6.334995]},"faces":{"down":{"uv":[10.125,4.8125,10.1875,5.0625],"rotation":0,"texture":"#0","tintindex":0},"east":{"uv":[3.6875,7.8125,3.4375,8.5],"rotation":0,"texture":"#0","tintindex":0},"north":{"uv":[4.4375,2.75,4.375,3.4375],"rotation":0,"texture":"#0","tintindex":0},"south":{"uv":[7.0625,9.5625,7.0,10.25],"rotation":0,"texture":"#0","tintindex":0},"up":{"uv":[10.125,3.9375,10.1875,3.6875],"rotation":0,"texture":"#0","tintindex":0},"west":{"uv":[3.4375,7.8125,3.1875,8.5],"rotation":0,"texture":"#0","tintindex":0}}},{"name":"cube","from":[10.719025,18.19321,5.68041],"to":[12.861881,22.050352,6.108981],"rotation":{"angle":22.5,"axis":"z","origin":[11.141033,12.076706,6.334995]},"faces":{"down":{"uv":[10.0,0.8125,10.3125,0.875],"rotation":0,"texture":"#0","tintindex":0},"east":{"uv":[7.125,9.75,7.0625,10.3125],"rotation":0,"texture":"#0","tintindex":0},"north":{"uv":[4.8125,7.75,4.5,8.3125],"rotation":0,"texture":"#0","tintindex":0},"south":{"uv":[7.0625,7.75,6.75,8.3125],"rotation":0,"texture":"#0","tintindex":0},"up":{"uv":[10.0,0.8125,10.3125,0.75],"rotation":0,"texture":"#0","tintindex":0},"west":{"uv":[9.5625,9.6875,9.5,10.25],"rotation":0,"texture":"#0","tintindex":0}}},{"name":"cube","from":[10.290453,17.336067,4.3946958],"to":[10.719025,22.050352,6.108981],"rotation":{"angle":22.5,"axis":"z","origin":[11.141033,12.076706,6.334995]},"faces":{"down":{"uv":[10.125,5.3125,10.1875,5.5625],"rotation":0,"texture":"#0","tintindex":0},"east":{"uv":[5.6875,7.8125,5.4375,8.5],"rotation":0,"texture":"#0","tintindex":0},"north":{"uv":[0.375,9.625,0.3125,10.3125],"rotation":0,"texture":"#0","tintindex":0},"south":{"uv":[1.5,9.625,1.4375,10.3125],"rotation":0,"texture":"#0","tintindex":0},"up":{"uv":[10.125,5.3125,10.1875,5.0625],"rotation":0,"texture":"#0","tintindex":0},"west":{"uv":[5.4375,7.8125,5.1875,8.5],"rotation":0,"texture":"#0","tintindex":0}}},{"name":"cube","from":[11.147596,18.19321,4.823267],"to":[11.576167,22.050352,5.68041],"rotation":{"angle":22.5,"axis":"z","origin":[11.141033,12.076706,6.334995]},"faces":{"down":{"uv":[8.9375,10.25,9.0,10.375],"rotation":0,"texture":"#0","tintindex":0},"east":{"uv":[4.0,9.125,3.875,9.6875],"rotation":0,"texture":"#0","tintindex":0},"north":{"uv":[5.75,9.6875,5.6875,10.25],"rotation":0,"texture":"#0","tintindex":0},"south":{"uv":[5.8125,9.6875,5.75,10.25],"rotation":0,"texture":"#0","tintindex":0},"up":{"uv":[8.8125,10.375,8.875,10.25],"rotation":0,"texture":"#0","tintindex":0},"west":{"uv":[0.875,9.125,0.75,9.6875],"rotation":0,"texture":"#0","tintindex":0}}},{"name":"cube","from":[12.004739,18.19321,4.823267],"to":[12.43331,22.050352,5.68041],"rotation":{"angle":22.5,"axis":"z","origin":[11.141033,12.076706,6.334995]},"faces":{"down":{"uv":[9.0625,10.25,9.125,10.375],"rotation":0,"texture":"#0","tintindex":0},"east":{"uv":[7.1875,9.1875,7.0625,9.75],"rotation":0,"texture":"#0","tintindex":0},"north":{"uv":[7.1875,9.75,7.125,10.3125],"rotation":0,"texture":"#0","tintindex":0},"south":{"uv":[7.375,9.75,7.3125,10.3125],"rotation":0,"texture":"#0","tintindex":0},"up":{"uv":[9.0,10.375,9.0625,10.25],"rotation":0,"texture":"#0","tintindex":0},"west":{"uv":[5.5,9.125,5.375,9.6875],"rotation":0,"texture":"#0","tintindex":0}}},{"name":"cube","from":[8.06604,17.495996,4.3946958],"to":[10.208898,21.353138,4.823267],"rotation":{"angle":22.5,"axis":"z","origin":[8.061985,18.396826,4.3753395]},"faces":{"down":{"uv":[10.0,0.6875,10.3125,0.75],"rotation":0,"texture":"#0","tintindex":0},"east":{"uv":[9.5,9.6875,9.4375,10.25],"rotation":0,"texture":"#0","tintindex":0},"north":{"uv":[8.0,0.375,7.6875,0.9375],"rotation":0,"texture":"#0","tintindex":0},"south":{"uv":[8.0,6.375,7.6875,6.9375],"rotation":0,"texture":"#0","tintindex":0},"up":{"uv":[9.9375,9.9375,10.25,9.875],"rotation":0,"texture":"#0","tintindex":0},"west":{"uv":[6.6875,9.6875,6.625,10.25],"rotation":0,"texture":"#0","tintindex":0}}},{"name":"cube","from":[15.741514,10.83353,4.619468],"to":[17.02723,17.262102,5.9051824],"rotation":{"angle":22.5,"axis":"z","origin":[14.824004,2.7305775,5.2622824]},"faces":{"down":{"uv":[9.75,5.125,9.9375,5.3125],"rotation":90,"texture":"#0","tintindex":0},"east":{"uv":[6.75,8.25,6.5625,7.3125],"rotation":180,"texture":"#0","tintindex":0},"north":{"uv":[7.625,1.5625,8.5625,1.75],"rotation":270,"texture":"#0","tintindex":0},"south":{"uv":[7.625,1.375,8.5625,1.5625],"rotation":90,"texture":"#0","tintindex":0},"up":{"uv":[9.75,5.4375,9.9375,5.625],"rotation":90,"texture":"#0","tintindex":0},"west":{"uv":[5.1875,7.6875,5.0,8.625],"rotation":0,"texture":"#0","tintindex":0}}},{"name":"cube","from":[4.392295,13.278116,4.6228967],"to":[6.10658,14.56383,5.9015827],"rotation":{"angle":-22.5,"axis":"z","origin":[14.824004,2.7305775,5.2622824]},"faces":{"down":{"uv":[0.875,9.875,1.0625,9.625],"rotation":90,"texture":"#0","tintindex":0},"east":{"uv":[9.875,9.4375,9.6875,9.25],"rotation":180,"texture":"#0","tintindex":0},"north":{"uv":[9.8125,7.3125,9.5625,7.125],"rotation":180,"texture":"#0","tintindex":0},"south":{"uv":[9.8125,6.0625,9.5625,5.875],"rotation":180,"texture":"#0","tintindex":0},"up":{"uv":[0.125,9.625,0.3125,9.875],"rotation":270,"texture":"#0","tintindex":0},"west":{"uv":[9.875,9.625,9.6875,9.4375],"rotation":180,"texture":"#0","tintindex":0}}},{"name":"cube","from":[12.815045,11.0,5.0480394],"to":[15.386475,17.42857,5.476611],"rotation":{"angle":22.5,"axis":"z","origin":[14.824004,2.7305775,5.2622824]},"faces":{"down":{"uv":[9.9375,5.0625,10.0,5.4375],"rotation":90,"texture":"#0","tintindex":0},"east":{"uv":[4.8125,10.0625,4.75,9.125],"rotation":180,"texture":"#0","tintindex":0},"north":{"uv":[1.5625,5.875,2.5,6.25],"rotation":270,"texture":"#0","tintindex":0},"south":{"uv":[2.0,1.625,2.9375,2.0],"rotation":90,"texture":"#0","tintindex":0},"up":{"uv":[9.9375,7.0,10.0,7.375],"rotation":90,"texture":"#0","tintindex":0},"west":{"uv":[2.0625,9.25,2.0,10.1875],"rotation":0,"texture":"#0","tintindex":0}}},{"name":"cube","from":[10.671425,16.559454,4.5788407],"to":[12.814281,20.416597,5.8645554],"rotation":{"angle":45.0,"axis":"z","origin":[11.141033,12.076706,7.414995]},"faces":{"down":{"uv":[6.0625,9.5,6.375,9.6875],"rotation":0,"texture":"#0","tintindex":0},"east":{"uv":[5.0,7.75,4.8125,8.3125],"rotation":0,"texture":"#0","tintindex":0},"north":{"uv":[8.0,6.9375,7.6875,7.5],"rotation":0,"texture":"#0","tintindex":0},"south":{"uv":[4.5,7.75,4.1875,8.3125],"rotation":0,"texture":"#0","tintindex":0},"up":{"uv":[5.5,9.6875,5.8125,9.5],"rotation":0,"texture":"#0","tintindex":0},"west":{"uv":[4.375,6.6875,4.1875,7.25],"rotation":0,"texture":"#0","tintindex":0}}},{"name":"cube","from":[13.243616,17.188568,4.619468],"to":[15.815046,18.474283,5.9051824],"rotation":{"angle":22.5,"axis":"z","origin":[14.824004,2.7305775,5.2622824]},"faces":{"down":{"uv":[7.5,9.125,7.6875,9.5],"rotation":90,"texture":"#0","tintindex":0},"east":{"uv":[0.5625,9.9375,0.375,9.75],"rotation":180,"texture":"#0","tintindex":0},"north":{"uv":[7.6875,9.1875,7.875,9.5625],"rotation":270,"texture":"#0","tintindex":0},"south":{"uv":[9.125,5.125,9.3125,5.5],"rotation":90,"texture":"#0","tintindex":0},"up":{"uv":[6.875,9.1875,7.0625,9.5625],"rotation":90,"texture":"#0","tintindex":0},"west":{"uv":[9.9375,0.9375,9.75,1.125],"rotation":0,"texture":"#0","tintindex":0}}},{"name":"cube","from":[12.815045,4.5714264,5.0480394],"to":[15.386475,11.0,5.476611],"rotation":{"angle":22.5,"axis":"z","origin":[14.824004,2.7305775,5.2622824]},"faces":{"down":{"uv":[3.9375,10.0,4.0,10.375],"rotation":90,"texture":"#0","tintindex":0},"east":{"uv":[0.625,10.375,0.5625,9.4375],"rotation":180,"texture":"#0","tintindex":0},"north":{"uv":[5.0625,6.25,6.0,6.625],"rotation":270,"texture":"#0","tintindex":0},"south":{"uv":[1.5625,6.25,2.5,6.625],"rotation":90,"texture":"#0",