{"textures":{"0":"modelengine:entity/enforcer"},"elements":[{"from":[10.836098,8.818171,5.896906],"to":[11.086098,11.568171,6.896906],"faces":{"east":{"uv":[3.6875,7.8125,3.4375,8.5],"tintindex":0,"rotation":0,"texture":"#0"},"south":{"uv":[7.0625,9.5625,7.0,10.25],"tintindex":0,"rotation":0,"texture":"#0"},"north":{"uv":[4.4375,2.75,4.375,3.4375],"tintindex":0,"rotation":0,"texture":"#0"},"west":{"uv":[3.4375,7.8125,3.1875,8.5],"tintindex":0,"rotation":0,"texture":"#0"},"up":{"uv":[10.125,3.9375,10.1875,3.6875],"tintindex":0,"rotation":0,"texture":"#0"},"down":{"uv":[10.125,4.8125,10.1875,5.0625],"tintindex":0,"rotation":0,"texture":"#0"}},"rotation":{"origin":[9.83227,5.75021,7.028747],"angle":22.5,"axis":"z"}},{"from":[12.308777,1.3721304,6.2780232],"to":[12.808777,5.1221313,6.5280232],"faces":{"east":{"uv":[2.125,10.1875,2.0625,9.25],"tintindex":0,"rotation":180,"texture":"#0"},"south":{"uv":[8.625,7.125,9.5625,7.25],"tintindex":0,"rotation":90,"texture":"#0"},"north":{"uv":[8.625,7.25,9.5625,7.375],"tintindex":0,"rotation":270,"texture":"#0"},"west":{"uv":[8.875,9.3125,8.8125,10.25],"tintindex":0,"rotation":0,"texture":"#0"},"up":{"uv":[10.25,0.9375,10.3125,1.0625],"tintindex":0,"rotation":90,"texture":"#0"},"down":{"uv":[10.25,0.3125,10.3125,0.4375],"tintindex":0,"rotation":90,"texture":"#0"}},"rotation":{"origin":[11.980669,0.2983017,6.402998],"angle":22.5,"axis":"z"}},{"from":[12.515883,5.0250244,6.0280232],"to":[13.265883,8.775024,6.7780232],"faces":{"east":{"uv":[6.75,8.25,6.5625,7.3125],"tintindex":0,"rotation":180,"texture":"#0"},"south":{"uv":[7.625,1.375,8.5625,1.5625],"tintindex":0,"rotation":90,"texture":"#0"},"north":{"uv":[7.625,1.5625,8.5625,1.75],"tintindex":0,"rotation":270,"texture":"#0"},"west":{"uv":[5.1875,7.6875,5.0,8.625],"tintindex":0,"rotation":0,"texture":"#0"},"up":{"uv":[9.75,5.4375,9.9375,5.625],"tintindex":0,"rotation":90,"texture":"#0"},"down":{"uv":[9.75,5.125,9.9375,5.3125],"tintindex":0,"rotation":90,"texture":"#0"}},"rotation":{"origin":[11.980669,0.2983017,6.402998],"angle":22.5,"axis":"z"}},{"from":[11.308777,-10.127869,6.2780232],"to":[11.808777,-9.627869,6.5280232],"faces":{"east":{"uv":[7.0625,10.375,7.0,10.25],"tintindex":0,"rotation":180,"texture":"#0"},"south":{"uv":[10.0625,9.0625,10.1875,9.1875],"tintindex":0,"rotation":90,"texture":"#0"},"north":{"uv":[10.0625,9.1875,10.1875,9.3125],"tintindex":0,"rotation":270,"texture":"#0"},"west":{"uv":[7.75,10.25,7.6875,10.375],"tintindex":0,"rotation":0,"texture":"#0"},"up":{"uv":[6.625,10.25,6.6875,10.375],"tintindex":0,"rotation":90,"texture":"#0"},"down":{"uv":[5.8125,10.25,5.875,10.375],"tintindex":0,"rotation":90,"texture":"#0"}},"rotation":{"origin":[11.980669,0.2983017,6.402998],"angle":22.5,"axis":"z"}},{"from":[9.586098,9.318171,6.646906],"to":[10.836098,11.568171,6.896906],"faces":{"east":{"uv":[7.125,9.75,7.0625,10.3125],"tintindex":0,"rotation":0,"texture":"#0"},"south":{"uv":[7.0625,7.75,6.75,8.3125],"tintindex":0,"rotation":0,"texture":"#0"},"north":{"uv":[4.8125,7.75,4.5,8.3125],"tintindex":0,"rotation":0,"texture":"#0"},"west":{"uv":[9.5625,9.6875,9.5,10.25],"tintindex":0,"rotation":0,"texture":"#0"},"up":{"uv":[10.0,0.8125,10.3125,0.75],"tintindex":0,"rotation":0,"texture":"#0"},"down":{"uv":[10.0,0.8125,10.3125,0.875],"tintindex":0,"rotation":0,"texture":"#0"}},"rotation":{"origin":[9.83227,5.75021,7.028747],"angle":22.5,"axis":"z"}},{"from":[9.836098,9.318171,6.146906],"to":[10.086098,11.568171,6.646906],"faces":{"east":{"uv":[4.0,9.125,3.875,9.6875],"tintindex":0,"rotation":0,"texture":"#0"},"south":{"uv":[5.8125,9.6875,5.75,10.25],"tintindex":0,"rotation":0,"texture":"#0"},"north":{"uv":[5.75,9.6875,5.6875,10.25],"tintindex":0,"rotation":0,"texture":"#0"},"west":{"uv":[0.875,9.125,0.75,9.6875],"tintindex":0,"rotation":0,"texture":"#0"},"up":{"uv":[8.8125,10.375,8.875,10.25],"tintindex":0,"rotation":0,"texture":"#0"},"down":{"uv":[8.9375,10.25,9.0,10.375],"tintindex":0,"rotation":0,"texture":"#0"}},"rotation":{"origin":[9.83227,5.75021,7.028747],"angle":22.5,"axis":"z"}},{"from":[12.308777,5.1221313,6.2780232],"to":[12.808777,9.122131,6.5280232],"faces":{"east":{"uv":[7.375,9.75,7.3125,8.75],"tintindex":0,"rotation":180,"texture":"#0"},"south":{"uv":[8.25,8.0,9.25,8.125],"tintindex":0,"rotation":90,"texture":"#0"},"north":{"uv":[8.25,8.125,9.25,8.25],"tintindex":0,"rotation":270,"texture":"#0"},"west":{"uv":[2.4375,8.8125,2.375,9.8125],"tintindex":0,"rotation":0,"texture":"#0"},"up":{"uv":[10.1875,7.75,10.25,7.875],"tintindex":0,"rotation":90,"texture":"#0"},"down":{"uv":[10.1875,6.75,10.25,6.875],"tintindex":0,"rotation":90,"texture":"#0"}},"rotation":{"origin":[11.980669,0.2983017,6.402998],"angle":22.5,"axis":"z"}},{"from":[8.038524,8.911463,5.896906],"to":[9.288524,11.161463,6.146906],"faces":{"east":{"uv":[9.5,9.6875,9.4375,10.25],"tintindex":0,"rotation":0,"texture":"#0"},"south":{"uv":[8.0,6.375,7.6875,6.9375],"tintindex":0,"rotation":0,"texture":"#0"},"north":{"uv":[8.0,0.375,7.6875,0.9375],"tintindex":0,"rotation":0,"texture":"#0"},"west":{"uv":[6.6875,9.6875,6.625,10.25],"tintindex":0,"rotation":0,"texture":"#0"},"up":{"uv":[9.9375,9.9375,10.25,9.875],"tintindex":0,"rotation":0,"texture":"#0"},"down":{"uv":[10.0,0.6875,10.3125,0.75],"tintindex":0,"rotation":0,"texture":"#0"}},"rotation":{"origin":[8.036158,9.436947,5.885615],"angle":22.5,"axis":"z"}},{"from":[11.808777,-10.627869,6.276223],"to":[12.308777,-9.627869,6.529423],"faces":{"east":{"uv":[1.4375,10.4375,1.375,10.1875],"tintindex":0,"rotation":180,"texture":"#0"},"south":{"uv":[9.875,6.625,10.125,6.75],"tintindex":0,"rotation":90,"texture":"#0"},"north":{"uv":[9.875,9.5,10.125,9.625],"tintindex":0,"rotation":270,"texture":"#0"},"west":{"uv":[1.5625,10.1875,1.5,10.4375],"tintindex":0,"rotation":0,"texture":"#0"},"up":{"uv":[10.25,1.4375,10.3125,1.5625],"tintindex":0,"rotation":90,"texture":"#0"},"down":{"uv":[10.25,1.3125,10.3125,1.4375],"tintindex":0,"rotation":90,"texture":"#0"}},"rotation":{"origin":[11.980669,0.2983017,6.402998],"angle":22.5,"axis":"z"}},{"from":[10.808777,-6.1278696,6.2780232],"to":[12.308777,-2.3778696,6.5280232],"faces":{"east":{"uv":[1.8125,10.4375,1.75,9.5],"tintindex":0,"rotation":180,"texture":"#0"},"south":{"uv":[2.5,6.3125,3.4375,6.6875],"tintindex":0,"rotation":90,"texture":"#0"},"north":{"uv":[3.4375,6.3125,4.375,6.6875],"tintindex":0,"rotation":270,"texture":"#0"},"west":{"uv":[2.3125,9.5,2.25,10.4375],"tintindex":0,"rotation":0,"texture":"#0"},"up":{"uv":[10.0,5.0625,10.0625,5.4375],"tintindex":0,"rotation":90,"texture":"#0"},"down":{"uv":[9.875,10.0,9.9375,10.375],"tintindex":0,"rotation":90,"texture":"#0"}},"rotation":{"origin":[11.980669,0.2983017,6.402998],"angle":22.5,"axis":"z"}},{"from":[10.808777,1.3721304,6.2780232],"to":[12.308777,5.1221313,6.5280232],"faces":{"east":{"uv":[0.625,10.375,0.5625,9.4375],"tintindex":0,"rotation":180,"texture":"#0"},"south":{"uv":[1.5625,6.25,2.5,6.625],"tintindex":0,"rotation":90,"texture":"#0"},"north":{"uv":[5.0625,6.25,6.0,6.625],"tintindex":0,"rotation":270,"texture":"#0"},"west":{"uv":[4.0625,9.4375,4.0,10.375],"tintindex":0,"rotation":0,"texture":"#0"},"up":{"uv":[8.0625,10.0,8.125,10.375],"tintindex":0,"rotation":90,"texture":"#0"},"down":{"uv":[3.9375,10.0,4.0,10.375],"tintindex":0,"rotation":90,"texture":"#0"}},"rotation":{"origin":[11.980669,0.2983017,6.402998],"angle":22.5,"axis":"z"}},{"from":[11.058777,8.73213,6.0280232],"to":[12.558777,9.48213,6.7780232],"faces":{"east":{"uv":[0.5625,9.9375,0.375,9.75],"tintindex":0,"rotation":180,"texture":"#0"},"south":{"uv":[9.125,5.125,9.3125,5.5],"tintindex":0,"rotation":90,"texture":"#0"},"north":{"uv":[7.6875,9.1875,7.875,9.5625],"tintindex":0,"rotation":270,"texture":"#0"},"west":{"uv":[9.9375,0.9375,9.75,1.125],"tintindex":0,"rotation":0,"texture":"#0"},"up":{"uv":[6.875,9.1875,7.0625,9.5625],"tintindex":0,"rotation":90,"texture":"#0"},"down":{"uv":[7.5,9.125,7.6875,9.5],"tintindex":0,"rotation":90,"texture":"#0"}},