{"elements":[{"from":[3.062244,15.113662,7.8350496],"to":[3.462244,19.513662,9.435049],"rotation":{"angle":-22.5,"axis":"z","origin":[5.068368,10.204926,9.645995]},"faces":{"east":{"uv":[3.1875,7.8125,3.4375,8.5],"rotation":0,"texture":"#0","tintindex":0},"south":{"uv":[7.0,9.5625,7.0625,10.25],"rotation":0,"texture":"#0","tintindex":0},"north":{"uv":[4.375,2.75,4.4375,3.4375],"rotation":0,"texture":"#0","tintindex":0},"west":{"uv":[3.4375,7.8125,3.6875,8.5],"rotation":0,"texture":"#0","tintindex":0},"up":{"uv":[10.1875,3.9375,10.125,3.6875],"rotation":0,"texture":"#0","tintindex":0},"down":{"uv":[10.1875,4.8125,10.125,5.0625],"rotation":0,"texture":"#0","tintindex":0}}},{"from":[3.462244,15.913662,9.035049],"to":[5.462244,19.513662,9.435049],"rotation":{"angle":-22.5,"axis":"z","origin":[5.068368,10.204926,9.645995]},"faces":{"east":{"uv":[9.5,9.6875,9.5625,10.25],"rotation":0,"texture":"#0","tintindex":0},"south":{"uv":[6.75,7.75,7.0625,8.3125],"rotation":0,"texture":"#0","tintindex":0},"north":{"uv":[4.5,7.75,4.8125,8.3125],"rotation":0,"texture":"#0","tintindex":0},"west":{"uv":[7.0625,9.75,7.125,10.3125],"rotation":0,"texture":"#0","tintindex":0},"up":{"uv":[10.3125,0.8125,10.0,0.75],"rotation":0,"texture":"#0","tintindex":0},"down":{"uv":[10.3125,0.8125,10.0,0.875],"rotation":0,"texture":"#0","tintindex":0}}},{"from":[5.462244,15.113662,7.8350496],"to":[5.8622437,19.513662,9.435049],"rotation":{"angle":-22.5,"axis":"z","origin":[5.068368,10.204926,9.645995]},"faces":{"east":{"uv":[5.1875,7.8125,5.4375,8.5],"rotation":0,"texture":"#0","tintindex":0},"south":{"uv":[1.4375,9.625,1.5,10.3125],"rotation":0,"texture":"#0","tintindex":0},"north":{"uv":[0.3125,9.625,0.375,10.3125],"rotation":0,"texture":"#0","tintindex":0},"west":{"uv":[5.4375,7.8125,5.6875,8.5],"rotation":0,"texture":"#0","tintindex":0},"up":{"uv":[10.1875,5.3125,10.125,5.0625],"rotation":0,"texture":"#0","tintindex":0},"down":{"uv":[10.1875,5.3125,10.125,5.5625],"rotation":0,"texture":"#0","tintindex":0}}},{"from":[4.662244,15.913662,8.235049],"to":[5.062244,19.513662,9.035049],"rotation":{"angle":-22.5,"axis":"z","origin":[5.068368,10.204926,9.645995]},"faces":{"east":{"uv":[0.75,9.125,0.875,9.6875],"rotation":0,"texture":"#0","tintindex":0},"south":{"uv":[5.75,9.6875,5.8125,10.25],"rotation":0,"texture":"#0","tintindex":0},"north":{"uv":[5.6875,9.6875,5.75,10.25],"rotation":0,"texture":"#0","tintindex":0},"west":{"uv":[3.875,9.125,4.0,9.6875],"rotation":0,"texture":"#0","tintindex":0},"up":{"uv":[8.875,10.375,8.8125,10.25],"rotation":0,"texture":"#0","tintindex":0},"down":{"uv":[9.0,10.25,8.9375,10.375],"rotation":0,"texture":"#0","tintindex":0}}},{"from":[3.8622441,15.913662,8.235049],"to":[4.262244,19.513662,9.035049],"rotation":{"angle":-22.5,"axis":"z","origin":[5.068368,10.204926,9.645995]},"faces":{"east":{"uv":[5.375,9.125,5.5,9.6875],"rotation":0,"texture":"#0","tintindex":0},"south":{"uv":[7.3125,9.75,7.375,10.3125],"rotation":0,"texture":"#0","tintindex":0},"north":{"uv":[7.125,9.75,7.1875,10.3125],"rotation":0,"texture":"#0","tintindex":0},"west":{"uv":[7.0625,9.1875,7.1875,9.75],"rotation":0,"texture":"#0","tintindex":0},"up":{"uv":[9.0625,10.375,9.0,10.25],"rotation":0,"texture":"#0","tintindex":0},"down":{"uv":[9.125,10.25,9.0625,10.375],"rotation":0,"texture":"#0","tintindex":0}}},{"from":[5.938362,15.262932,7.8350496],"to":[7.9383626,18.862932,8.235049],"rotation":{"angle":-22.5,"axis":"z","origin":[7.9421477,16.103704,7.816984]},"faces":{"east":{"uv":[6.625,9.6875,6.6875,10.25],"rotation":0,"texture":"#0","tintindex":0},"south":{"uv":[7.6875,6.375,8.0,6.9375],"rotation":0,"texture":"#0","tintindex":0},"north":{"uv":[7.6875,0.375,8.0,0.9375],"rotation":0,"texture":"#0","tintindex":0},"west":{"uv":[9.4375,9.6875,9.5,10.25],"rotation":0,"texture":"#0","tintindex":0},"up":{"uv":[10.25,9.9375,9.9375,9.875],"rotation":0,"texture":"#0","tintindex":0},"down":{"uv":[10.3125,0.6875,10.0,0.75],"rotation":0,"texture":"#0","tintindex":0}}},{"from":[-0.4254141,9.044628,8.044837],"to":[0.7745862,15.044628,9.244837],"rotation":{"angle":-22.5,"axis":"z","origin":[1.63093,1.4818735,8.644797]},"faces":{"east":{"uv":[5.0,7.6875,5.1875,8.625],"rotation":0,"texture":"#0","tintindex":0},"south":{"uv":[7.625,1.5625,8.5625,1.375],"rotation":90,"texture":"#0","tintindex":0},"north":{"uv":[7.625,1.75,8.5625,1.5625],"rotation":270,"texture":"#0","tintindex":0},"west":{"uv":[6.5625,8.25,6.75,7.3125],"rotation":180,"texture":"#0","tintindex":0},"up":{"uv":[9.75,5.625,9.9375,5.4375],"rotation":90,"texture":"#0","tintindex":0},"down":{"uv":[9.75,5.3125,9.9375,5.125],"rotation":90,"texture":"#0","tintindex":0}}},{"from":[9.767192,11.326243,8.048038],"to":[11.367191,12.526243,9.241477],"rotation":{"angle":22.5,"axis":"z","origin":[1.63093,1.4818735,8.644797]},"faces":{"east":{"uv":[9.6875,9.625,9.875,9.4375],"rotation":180,"texture":"#0","tintindex":0},"south":{"uv":[9.5625,6.0625,9.8125,5.875],"rotation":180,"texture":"#0","tintindex":0},"north":{"uv":[9.5625,7.3125,9.8125,7.125],"rotation":180,"texture":"#0","tintindex":0},"west":{"uv":[9.6875,9.4375,9.875,9.25],"rotation":180,"texture":"#0","tintindex":0},"up":{"uv":[0.125,9.875,0.3125,9.625],"rotation":270,"texture":"#0","tintindex":0},"down":{"uv":[0.875,9.625,1.0625,9.875],"rotation":90,"texture":"#0","tintindex":0}}},{"from":[1.1059575,9.199999,8.444838],"to":[3.5059571,15.199999,8.844837],"rotation":{"angle":-22.5,"axis":"z","origin":[1.63093,1.4818735,8.644797]},"faces":{"east":{"uv":[2.0,9.25,2.0625,10.1875],"rotation":0,"texture":"#0","tintindex":0},"south":{"uv":[2.0,2.0,2.9375,1.625],"rotation":90,"texture":"#0","tintindex":0},"north":{"uv":[1.5625,6.25,2.5,5.875],"rotation":270,"texture":"#0","tintindex":0},"west":{"uv":[4.75,10.0625,4.8125,9.125],"rotation":180,"texture":"#0","tintindex":0},"up":{"uv":[9.9375,7.375,10.0,7.0],"rotation":90,"texture":"#0","tintindex":0},"down":{"uv":[9.9375,5.4375,10.0,5.0625],"rotation":90,"texture":"#0","tintindex":0}}},{"from":[3.5066705,14.388824,8.006918],"to":[5.50667,17.988825,9.206919],"rotation":{"angle":-45.0,"axis":"z","origin":[5.068368,10.204926,10.6539955]},"faces":{"east":{"uv":[4.1875,6.6875,4.375,7.25],"rotation":0,"texture":"#0","tintindex":0},"south":{"uv":[4.1875,7.75,4.5,8.3125],"rotation":0,"texture":"#0","tintindex":0},"north":{"uv":[7.6875,6.9375,8.0,7.5],"rotation":0,"texture":"#0","tintindex":0},"west":{"uv":[4.8125,7.75,5.0,8.3125],"rotation":0,"texture":"#0","tintindex":0},"up":{"uv":[5.8125,9.6875,5.5,9.5],"rotation":0,"texture":"#0","tintindex":0},"down":{"uv":[6.375,9.5,6.0625,9.6875],"rotation":0,"texture":"#0","tintindex":0}}},{"from":[0.7059579,14.975999,8.044837],"to":[3.1059575,16.175999,9.244837],"rotation":{"angle":-22.5,"axis":"z","origin":[1.63093,1.4818735,8.644797]},"faces":{"east":{"uv":[9.75,0.9375,9.9375,1.125],"rotation":0,"texture":"#0","tintindex":0},"south":{"uv":[9.125,5.5,9.3125,5.125],"rotation":90,"texture":"#0","tintindex":0},"north":{"uv":[7.6875,9.5625,7.875,9.1875],"rotation":270,"texture":"#0","tintindex":0},"west":{"uv":[0.375,9.9375,0.5625,9.75],"rotation":180,"texture":"#0","tintindex":0},"up":{"uv":[6.875,9.5625,7.0625,9.1875],"rotation":90,"texture":"#0","tintindex":0},"down":{"uv":[7.5,9.5,7.6875,9.125],"rotation":90,"texture":"#0","tintindex":0}}},{"from":[1.1059575,3.1999989,8.444838],"to":[3.5059571,9.199999,8.844837],"rotation":{"angle":-22.5,"axis":"z","origin":[1.63093,1.4818735,8.644797]},"faces":{"east":{"uv":[4.0,9.4375,4.0625,10.375],"rotation":0,"texture":"#0","tintindex":0},"south":{"uv":[1.5625,6.625,2.5,6.25],"rotation":90,"texture":"#0","tintindex":0},"north":{"uv":[5.0625,6.625,6.0,6.25],"rotation":270,"texture":"#0","tintindex":0},"west":{"uv":[0.5625,10.375,0.625,9.4375],"rotation":180,"texture":"#0","tintindex":0},"up":{"uv":[8.0625,10.375,8.125,10.0],"rotation":90,"texture":"#0","tintindex":0},"down":{"uv":[3.9375,10.375,4.0,10.0],"rotation":90,"texture":"#0","tintindex":0}}},{"from":[0.3059578,3.1999989,8.444838],