{"elements":[{"from":[12.537756,15.113662,6.2350497],"to":[12.937756,19.513662,7.8350496],"rotation":{"angle":22.5,"axis":"z","origin":[10.931632,10.204926,8.045996]},"faces":{"east":{"uv":[3.6875,7.8125,3.4375,8.5],"rotation":0,"texture":"#0","tintindex":0},"south":{"uv":[7.0625,9.5625,7.0,10.25],"rotation":0,"texture":"#0","tintindex":0},"north":{"uv":[4.4375,2.75,4.375,3.4375],"rotation":0,"texture":"#0","tintindex":0},"west":{"uv":[3.4375,7.8125,3.1875,8.5],"rotation":0,"texture":"#0","tintindex":0},"up":{"uv":[10.125,3.9375,10.1875,3.6875],"rotation":0,"texture":"#0","tintindex":0},"down":{"uv":[10.125,4.8125,10.1875,5.0625],"rotation":0,"texture":"#0","tintindex":0}}},{"from":[10.537756,15.913662,7.4350495],"to":[12.537756,19.513662,7.8350496],"rotation":{"angle":22.5,"axis":"z","origin":[10.931632,10.204926,8.045996]},"faces":{"east":{"uv":[7.125,9.75,7.0625,10.3125],"rotation":0,"texture":"#0","tintindex":0},"south":{"uv":[7.0625,7.75,6.75,8.3125],"rotation":0,"texture":"#0","tintindex":0},"north":{"uv":[4.8125,7.75,4.5,8.3125],"rotation":0,"texture":"#0","tintindex":0},"west":{"uv":[9.5625,9.6875,9.5,10.25],"rotation":0,"texture":"#0","tintindex":0},"up":{"uv":[10.0,0.8125,10.3125,0.75],"rotation":0,"texture":"#0","tintindex":0},"down":{"uv":[10.0,0.8125,10.3125,0.875],"rotation":0,"texture":"#0","tintindex":0}}},{"from":[10.137756,15.113662,6.2350497],"to":[10.537756,19.513662,7.8350496],"rotation":{"angle":22.5,"axis":"z","origin":[10.931632,10.204926,8.045996]},"faces":{"east":{"uv":[5.6875,7.8125,5.4375,8.5],"rotation":0,"texture":"#0","tintindex":0},"south":{"uv":[1.5,9.625,1.4375,10.3125],"rotation":0,"texture":"#0","tintindex":0},"north":{"uv":[0.375,9.625,0.3125,10.3125],"rotation":0,"texture":"#0","tintindex":0},"west":{"uv":[5.4375,7.8125,5.1875,8.5],"rotation":0,"texture":"#0","tintindex":0},"up":{"uv":[10.125,5.3125,10.1875,5.0625],"rotation":0,"texture":"#0","tintindex":0},"down":{"uv":[10.125,5.3125,10.1875,5.5625],"rotation":0,"texture":"#0","tintindex":0}}},{"from":[10.937756,15.913662,6.6350493],"to":[11.337756,19.513662,7.4350495],"rotation":{"angle":22.5,"axis":"z","origin":[10.931632,10.204926,8.045996]},"faces":{"east":{"uv":[4.0,9.125,3.875,9.6875],"rotation":0,"texture":"#0","tintindex":0},"south":{"uv":[5.8125,9.6875,5.75,10.25],"rotation":0,"texture":"#0","tintindex":0},"north":{"uv":[5.75,9.6875,5.6875,10.25],"rotation":0,"texture":"#0","tintindex":0},"west":{"uv":[0.875,9.125,0.75,9.6875],"rotation":0,"texture":"#0","tintindex":0},"up":{"uv":[8.8125,10.375,8.875,10.25],"rotation":0,"texture":"#0","tintindex":0},"down":{"uv":[8.9375,10.25,9.0,10.375],"rotation":0,"texture":"#0","tintindex":0}}},{"from":[11.737756,15.913662,6.6350493],"to":[12.137756,19.513662,7.4350495],"rotation":{"angle":22.5,"axis":"z","origin":[10.931632,10.204926,8.045996]},"faces":{"east":{"uv":[7.1875,9.1875,7.0625,9.75],"rotation":0,"texture":"#0","tintindex":0},"south":{"uv":[7.375,9.75,7.3125,10.3125],"rotation":0,"texture":"#0","tintindex":0},"north":{"uv":[7.1875,9.75,7.125,10.3125],"rotation":0,"texture":"#0","tintindex":0},"west":{"uv":[5.5,9.125,5.375,9.6875],"rotation":0,"texture":"#0","tintindex":0},"up":{"uv":[9.0,10.375,9.0625,10.25],"rotation":0,"texture":"#0","tintindex":0},"down":{"uv":[9.0625,10.25,9.125,10.375],"rotation":0,"texture":"#0","tintindex":0}}},{"from":[8.061638,15.262932,6.2350497],"to":[10.061638,18.862932,6.6350493],"rotation":{"angle":22.5,"axis":"z","origin":[8.057853,16.103704,6.216984]},"faces":{"east":{"uv":[9.5,9.6875,9.4375,10.25],"rotation":0,"texture":"#0","tintindex":0},"south":{"uv":[8.0,6.375,7.6875,6.9375],"rotation":0,"texture":"#0","tintindex":0},"north":{"uv":[8.0,0.375,7.6875,0.9375],"rotation":0,"texture":"#0","tintindex":0},"west":{"uv":[6.6875,9.6875,6.625,10.25],"rotation":0,"texture":"#0","tintindex":0},"up":{"uv":[9.9375,9.9375,10.25,9.875],"rotation":0,"texture":"#0","tintindex":0},"down":{"uv":[10.0,0.6875,10.3125,0.75],"rotation":0,"texture":"#0","tintindex":0}}},{"from":[15.225414,9.044628,6.444837],"to":[16.425415,15.044628,7.6448374],"rotation":{"angle":22.5,"axis":"z","origin":[14.36907,1.4818735,7.0447974]},"faces":{"east":{"uv":[6.75,8.25,6.5625,7.3125],"rotation":180,"texture":"#0","tintindex":0},"south":{"uv":[7.625,1.375,8.5625,1.5625],"rotation":90,"texture":"#0","tintindex":0},"north":{"uv":[7.625,1.5625,8.5625,1.75],"rotation":270,"texture":"#0","tintindex":0},"west":{"uv":[5.1875,7.6875,5.0,8.625],"rotation":0,"texture":"#0","tintindex":0},"up":{"uv":[9.75,5.4375,9.9375,5.625],"rotation":90,"texture":"#0","tintindex":0},"down":{"uv":[9.75,5.125,9.9375,5.3125],"rotation":90,"texture":"#0","tintindex":0}}},{"from":[4.632808,11.326243,6.448037],"to":[6.2328086,12.526243,7.641477],"rotation":{"angle":-22.5,"axis":"z","origin":[14.36907,1.4818735,7.0447974]},"faces":{"east":{"uv":[9.875,9.4375,9.6875,9.25],"rotation":180,"texture":"#0","tintindex":0},"south":{"uv":[9.8125,6.0625,9.5625,5.875],"rotation":180,"texture":"#0","tintindex":0},"north":{"uv":[9.8125,7.3125,9.5625,7.125],"rotation":180,"texture":"#0","tintindex":0},"west":{"uv":[9.875,9.625,9.6875,9.4375],"rotation":180,"texture":"#0","tintindex":0},"up":{"uv":[0.125,9.625,0.3125,9.875],"rotation":270,"texture":"#0","tintindex":0},"down":{"uv":[0.875,9.875,1.0625,9.625],"rotation":90,"texture":"#0","tintindex":0}}},{"from":[12.494043,9.199999,6.844837],"to":[14.894043,15.199999,7.2448373],"rotation":{"angle":22.5,"axis":"z","origin":[14.36907,1.4818735,7.0447974]},"faces":{"east":{"uv":[4.8125,10.0625,4.75,9.125],"rotation":180,"texture":"#0","tintindex":0},"south":{"uv":[2.0,1.625,2.9375,2.0],"rotation":90,"texture":"#0","tintindex":0},"north":{"uv":[1.5625,5.875,2.5,6.25],"rotation":270,"texture":"#0","tintindex":0},"west":{"uv":[2.0625,9.25,2.0,10.1875],"rotation":0,"texture":"#0","tintindex":0},"up":{"uv":[9.9375,7.0,10.0,7.375],"rotation":90,"texture":"#0","tintindex":0},"down":{"uv":[9.9375,5.0625,10.0,5.4375],"rotation":90,"texture":"#0","tintindex":0}}},{"from":[10.49333,14.388824,6.4069185],"to":[12.49333,17.988825,7.6069183],"rotation":{"angle":45.0,"axis":"z","origin":[10.931632,10.204926,9.053995]},"faces":{"east":{"uv":[5.0,7.75,4.8125,8.3125],"rotation":0,"texture":"#0","tintindex":0},"south":{"uv":[4.5,7.75,4.1875,8.3125],"rotation":0,"texture":"#0","tintindex":0},"north":{"uv":[8.0,6.9375,7.6875,7.5],"rotation":0,"texture":"#0","tintindex":0},"west":{"uv":[4.375,6.6875,4.1875,7.25],"rotation":0,"texture":"#0","tintindex":0},"up":{"uv":[5.5,9.6875,5.8125,9.5],"rotation":0,"texture":"#0","tintindex":0},"down":{"uv":[6.0625,9.5,6.375,9.6875],"rotation":0,"texture":"#0","tintindex":0}}},{"from":[12.894043,14.975999,6.444837],"to":[15.294043,16.175999,7.6448374],"rotation":{"angle":22.5,"axis":"z","origin":[14.36907,1.4818735,7.0447974]},"faces":{"east":{"uv":[0.5625,9.9375,0.375,9.75],"rotation":180,"texture":"#0","tintindex":0},"south":{"uv":[9.125,5.125,9.3125,5.5],"rotation":90,"texture":"#0","tintindex":0},"north":{"uv":[7.6875,9.1875,7.875,9.5625],"rotation":270,"texture":"#0","tintindex":0},"west":{"uv":[9.9375,0.9375,9.75,1.125],"rotation":0,"texture":"#0","tintindex":0},"up":{"uv":[6.875,9.1875,7.0625,9.5625],"rotation":90,"texture":"#0","tintindex":0},"down":{"uv":[7.5,9.125,7.6875,9.5],"rotation":90,"texture":"#0","tintindex":0}}},{"from":[12.494043,3.1999989,6.844837],"to":[14.894043,9.199999,7.2448373],"rotation":{"angle":22.5,"axis":"z","origin":[14.36907,1.4818735,7.0447974]},"faces":{"east":{"uv":[0.625,10.375,0.5625,9.4375],"rotation":180,"texture":"#0","tintindex":0},"south":{"uv":[1.5625,6.25,2.5,6.625],"rotation":90,"texture":"#0","tintindex":0},"north":{"uv":[5.0625,6.25,6.0,6.625],"rotation":270,"texture":"#0","tintindex":0},"west":{"uv":[4.0625,9.4375,4.0,10.375],"rotation":0,"texture":"#0","tintindex":0},"up":{"uv":[8.0625,10.0,8.125,10.375],"rotation":90,"texture":"#0","tintindex":0},"down":{"uv":[3.9375,10.0,4.0,10.375],"rotation":90,"texture":"#0",