{"textures":{"0":"modelengine:entity/enforcer"},"elements":[{"name":"cube","from":[2.7095466,17.336067,4.3946958],"to":[3.1381178,22.050352,6.108981],"rotation":{"angle":-22.5,"axis":"z","origin":[4.858966,12.076706,6.334995]},"faces":{"down":{"uv":[10.1875,4.8125,10.125,5.0625],"rotation":0,"texture":"#0","tintindex":0},"east":{"uv":[3.1875,7.8125,3.4375,8.5],"rotation":0,"texture":"#0","tintindex":0},"north":{"uv":[4.375,2.75,4.4375,3.4375],"rotation":0,"texture":"#0","tintindex":0},"south":{"uv":[7.0,9.5625,7.0625,10.25],"rotation":0,"texture":"#0","tintindex":0},"up":{"uv":[10.1875,3.9375,10.125,3.6875],"rotation":0,"texture":"#0","tintindex":0},"west":{"uv":[3.4375,7.8125,3.6875,8.5],"rotation":0,"texture":"#0","tintindex":0}}},{"name":"cube","from":[3.1381178,18.19321,5.68041],"to":[5.2809753,22.050352,6.108981],"rotation":{"angle":-22.5,"axis":"z","origin":[4.858966,12.076706,6.334995]},"faces":{"down":{"uv":[10.3125,0.8125,10.0,0.875],"rotation":0,"texture":"#0","tintindex":0},"east":{"uv":[9.5,9.6875,9.5625,10.25],"rotation":0,"texture":"#0","tintindex":0},"north":{"uv":[4.5,7.75,4.8125,8.3125],"rotation":0,"texture":"#0","tintindex":0},"south":{"uv":[6.75,7.75,7.0625,8.3125],"rotation":0,"texture":"#0","tintindex":0},"up":{"uv":[10.3125,0.8125,10.0,0.75],"rotation":0,"texture":"#0","tintindex":0},"west":{"uv":[7.0625,9.75,7.125,10.3125],"rotation":0,"texture":"#0","tintindex":0}}},{"name":"cube","from":[5.2809753,17.336067,4.3946958],"to":[5.7095466,22.050352,6.108981],"rotation":{"angle":-22.5,"axis":"z","origin":[4.858966,12.076706,6.334995]},"faces":{"down":{"uv":[10.1875,5.3125,10.125,5.5625],"rotation":0,"texture":"#0","tintindex":0},"east":{"uv":[5.1875,7.8125,5.4375,8.5],"rotation":0,"texture":"#0","tintindex":0},"north":{"uv":[0.3125,9.625,0.375,10.3125],"rotation":0,"texture":"#0","tintindex":0},"south":{"uv":[1.4375,9.625,1.5,10.3125],"rotation":0,"texture":"#0","tintindex":0},"up":{"uv":[10.1875,5.3125,10.125,5.0625],"rotation":0,"texture":"#0","tintindex":0},"west":{"uv":[5.4375,7.8125,5.6875,8.5],"rotation":0,"texture":"#0","tintindex":0}}},{"name":"cube","from":[4.4238324,18.19321,4.823267],"to":[4.8524036,22.050352,5.68041],"rotation":{"angle":-22.5,"axis":"z","origin":[4.858966,12.076706,6.334995]},"faces":{"down":{"uv":[9.0,10.25,8.9375,10.375],"rotation":0,"texture":"#0","tintindex":0},"east":{"uv":[0.75,9.125,0.875,9.6875],"rotation":0,"texture":"#0","tintindex":0},"north":{"uv":[5.6875,9.6875,5.75,10.25],"rotation":0,"texture":"#0","tintindex":0},"south":{"uv":[5.75,9.6875,5.8125,10.25],"rotation":0,"texture":"#0","tintindex":0},"up":{"uv":[8.875,10.375,8.8125,10.25],"rotation":0,"texture":"#0","tintindex":0},"west":{"uv":[3.875,9.125,4.0,9.6875],"rotation":0,"texture":"#0","tintindex":0}}},{"name":"cube","from":[3.5666895,18.19321,4.823267],"to":[3.9952607,22.050352,5.68041],"rotation":{"angle":-22.5,"axis":"z","origin":[4.858966,12.076706,6.334995]},"faces":{"down":{"uv":[9.125,10.25,9.0625,10.375],"rotation":0,"texture":"#0","tintindex":0},"east":{"uv":[5.375,9.125,5.5,9.6875],"rotation":0,"texture":"#0","tintindex":0},"north":{"uv":[7.125,9.75,7.1875,10.3125],"rotation":0,"texture":"#0","tintindex":0},"south":{"uv":[7.3125,9.75,7.375,10.3125],"rotation":0,"texture":"#0","tintindex":0},"up":{"uv":[9.0625,10.375,9.0,10.25],"rotation":0,"texture":"#0","tintindex":0},"west":{"uv":[7.0625,9.1875,7.1875,9.75],"rotation":0,"texture":"#0","tintindex":0}}},{"name":"cube","from":[5.791102,17.495996,4.3946958],"to":[7.9339595,21.353138,4.823267],"rotation":{"angle":-22.5,"axis":"z","origin":[7.938015,18.396826,4.3753395]},"faces":{"down":{"uv":[10.3125,0.6875,10.0,0.75],"rotation":0,"texture":"#0","tintindex":0},"east":{"uv":[6.625,9.6875,6.6875,10.25],"rotation":0,"texture":"#0","tintindex":0},"north":{"uv":[7.6875,0.375,8.0,0.9375],"rotation":0,"texture":"#0","tintindex":0},"south":{"uv":[7.6875,6.375,8.0,6.9375],"rotation":0,"texture":"#0","tintindex":0},"up":{"uv":[10.25,9.9375,9.9375,9.875],"rotation":0,"texture":"#0","tintindex":0},"west":{"uv":[9.4375,9.6875,9.5,10.25],"rotation":0,"texture":"#0","tintindex":0}}},{"name":"cube","from":[-1.0272293,10.83353,4.619468],"to":[0.25848532,17.262102,5.9051824],"rotation":{"angle":-22.5,"axis":"z","origin":[1.1759956,2.7305775,5.2622824]},"faces":{"down":{"uv":[9.75,5.3125,9.9375,5.125],"rotation":90,"texture":"#0","tintindex":0},"east":{"uv":[5.0,7.6875,5.1875,8.625],"rotation":0,"texture":"#0","tintindex":0},"north":{"uv":[7.625,1.75,8.5625,1.5625],"rotation":270,"texture":"#0","tintindex":0},"south":{"uv":[7.625,1.5625,8.5625,1.375],"rotation":90,"texture":"#0","tintindex":0},"up":{"uv":[9.75,5.625,9.9375,5.4375],"rotation":90,"texture":"#0","tintindex":0},"west":{"uv":[6.5625,8.25,6.75,7.3125],"rotation":180,"texture":"#0","tintindex":0}}},{"name":"cube","from":[9.893419,13.278116,4.6228967],"to":[11.607704,14.56383,5.9015827],"rotation":{"angle":22.5,"axis":"z","origin":[1.1759956,2.7305775,5.2622824]},"faces":{"down":{"uv":[0.875,9.625,1.0625,9.875],"rotation":90,"texture":"#0","tintindex":0},"east":{"uv":[9.6875,9.625,9.875,9.4375],"rotation":180,"texture":"#0","tintindex":0},"north":{"uv":[9.5625,7.3125,9.8125,7.125],"rotation":180,"texture":"#0","tintindex":0},"south":{"uv":[9.5625,6.0625,9.8125,5.875],"rotation":180,"texture":"#0","tintindex":0},"up":{"uv":[0.125,9.875,0.3125,9.625],"rotation":270,"texture":"#0","tintindex":0},"west":{"uv":[9.6875,9.4375,9.875,9.25],"rotation":180,"texture":"#0","tintindex":0}}},{"name":"cube","from":[0.61352515,11.0,5.0480394],"to":[3.1849546,17.42857,5.476611],"rotation":{"angle":-22.5,"axis":"z","origin":[1.1759956,2.7305775,5.2622824]},"faces":{"down":{"uv":[9.9375,5.4375,10.0,5.0625],"rotation":90,"texture":"#0","tintindex":0},"east":{"uv":[2.0,9.25,2.0625,10.1875],"rotation":0,"texture":"#0","tintindex":0},"north":{"uv":[1.5625,6.25,2.5,5.875],"rotation":270,"texture":"#0","tintindex":0},"south":{"uv":[2.0,2.0,2.9375,1.625],"rotation":90,"texture":"#0","tintindex":0},"up":{"uv":[9.9375,7.375,10.0,7.0],"rotation":90,"texture":"#0","tintindex":0},"west":{"uv":[4.75,10.0625,4.8125,9.125],"rotation":180,"texture":"#0","tintindex":0}}},{"name":"cube","from":[3.185718,16.559454,4.5788407],"to":[5.328575,20.416597,5.8645554],"rotation":{"angle":-45.0,"axis":"z","origin":[4.858966,12.076706,7.414995]},"faces":{"down":{"uv":[6.375,9.5,6.0625,9.6875],"rotation":0,"texture":"#0","tintindex":0},"east":{"uv":[4.1875,6.6875,4.375,7.25],"rotation":0,"texture":"#0","tintindex":0},"north":{"uv":[7.6875,6.9375,8.0,7.5],"rotation":0,"texture":"#0","tintindex":0},"south":{"uv":[4.1875,7.75,4.5,8.3125],"rotation":0,"texture":"#0","tintindex":0},"up":{"uv":[5.8125,9.6875,5.5,9.5],"rotation":0,"texture":"#0","tintindex":0},"west":{"uv":[4.8125,7.75,5.0,8.3125],"rotation":0,"texture":"#0","tintindex":0}}},{"name":"cube","from":[0.18495369,17.188568,4.619468],"to":[2.756383,18.474283,5.9051824],"rotation":{"angle":-22.5,"axis":"z","origin":[1.1759956,2.7305775,5.2622824]},"faces":{"down":{"uv":[7.5,9.5,7.6875,9.125],"rotation":90,"texture":"#0","tintindex":0},"east":{"uv":[9.75,0.9375,9.9375,1.125],"rotation":0,"texture":"#0","tintindex":0},"north":{"uv":[7.6875,9.5625,7.875,9.1875],"rotation":270,"texture":"#0","tintindex":0},"south":{"uv":[9.125,5.5,9.3125,5.125],"rotation":90,"texture":"#0","tintindex":0},"up":{"uv":[6.875,9.5625,7.0625,9.1875],"rotation":90,"texture":"#0","tintindex":0},"west":{"uv":[0.375,9.9375,0.5625,9.75],"rotation":180,"texture":"#0","tintindex":0}}},{"name":"cube","from":[0.61352515,4.5714264,5.0480394],"to":[3.1849546,11.0,5.476611],"rotation":{"angle":-22.5,"axis":"z","origin":[1.1759956,2.7305775,5.2622824]},"faces":{"down":{"uv":[3.9375,10.375,4.0,10.0],"rotation":90,"texture":"#0","tintindex":0},"east":{"uv":[4.0,9.4375,4.0625,10.375],"rotation":0,"texture":"#0","tintindex":0},"north":{"uv":[5.0625,6.625,6.0,6.25],"rotation":270,"texture":"#0","tintindex":0},"south":{"uv":[1.5625,6.625,2.5,6.25],"rotation":90,