{"textures":{"0":"modelengine:entity/enforcer"},"elements":[{"name":"cube","from":[7.6879997,7.1213818,7.391],"to":[10.087999,8.3213825,8.608999],"rotation":{"angle":22.5,"axis":"z","origin":[8.888,7.721382,8.0]},"faces":{"down":{"uv":[10.125,4.9375,9.875,5.0625],"rotation":0,"texture":"#0","tintindex":0},"east":{"uv":[10.125,1.6875,10.25,1.8125],"rotation":0,"texture":"#0","tintindex":0},"north":{"uv":[9.875,2.4375,10.125,2.5625],"rotation":0,"texture":"#0","tintindex":0},"south":{"uv":[9.875,3.3125,10.125,3.4375],"rotation":0,"texture":"#0","tintindex":0},"up":{"uv":[10.125,4.0625,9.875,3.9375],"rotation":0,"texture":"#0","tintindex":0},"west":{"uv":[10.125,1.8125,10.25,1.9375],"rotation":0,"texture":"#0","tintindex":0}}}],"display":{"head":{"translation":[0.0,-6.4,0.0],"rotation":[0.0,0.0,0.0],"scale":[3.8095,3.8095,3.8095]}}}