{"elements":[{"from":[7.702857,7.163221,7.4698906],"to":[9.988571,8.306078,8.62989],"rotation":{"angle":22.5,"axis":"z","origin":[8.845715,7.7346497,8.0498905]},"faces":{"east":{"uv":[10.125,1.0625,10.25,1.1875],"rotation":0,"texture":"#0","tintindex":0},"south":{"uv":[9.8125,7.375,10.0625,7.5],"rotation":0,"texture":"#0","tintindex":0},"north":{"uv":[9.8125,5.875,10.0625,6.0],"rotation":0,"texture":"#0","tintindex":0},"west":{"uv":[10.125,1.1875,10.25,1.3125],"rotation":0,"texture":"#0","tintindex":0},"up":{"uv":[3.0625,10.0,2.8125,9.875],"rotation":0,"texture":"#0","tintindex":0},"down":{"uv":[9.9375,9.875,9.6875,10.0],"rotation":0,"texture":"#0","tintindex":0}}}],"textures":{"0":"modelengine:entity/enforcer"},"display":{"head":{"translation":[0.0,-6.4,0.0],"scale":[4.0,4.0,4.0]}}}