{"textures":{"0":"modelengine:entity/enforcer"},"elements":[{"from":[7.4799995,7.0956364,6.7523084],"to":[11.48,9.095636,8.782309],"faces":{"east":{"uv":[10.125,0.125,10.25,0.25],"tintindex":0,"rotation":0,"texture":"#0"},"south":{"uv":[9.8125,0.5625,10.0625,0.6875],"tintindex":0,"rotation":0,"texture":"#0"},"north":{"uv":[9.8125,0.0,10.0625,0.125],"tintindex":0,"rotation":0,"texture":"#0"},"west":{"uv":[10.125,0.25,10.25,0.375],"tintindex":0,"rotation":0,"texture":"#0"},"up":{"uv":[10.0625,2.75,9.8125,2.625],"tintindex":0,"rotation":0,"texture":"#0"},"down":{"uv":[10.0625,4.6875,9.8125,4.8125],"tintindex":0,"rotation":0,"texture":"#0"}},"rotation":{"origin":[9.48,8.095636,7.767308],"angle":22.5,"axis":"z"}}],"display":{"gui":{"rotation":[30,225,0]}}}