{"textures":{"0":"modelengine:entity/enforcer"},"elements":[{"name":"cube","from":[7.496,5.4173822,7.3910003],"to":[8.696,7.817382,8.608999],"rotation":{"angle":0.0,"axis":"x","origin":[8.096,19.817383,7.3910003]},"faces":{"down":{"uv":[9.6875,10.125,9.5625,10.25],"rotation":0,"texture":"#0","tintindex":0},"east":{"uv":[9.0,9.8125,9.125,10.0625],"rotation":0,"texture":"#0","tintindex":0},"north":{"uv":[8.875,9.8125,9.0,10.0625],"rotation":0,"texture":"#0","tintindex":0},"south":{"uv":[9.125,9.8125,9.25,10.0625],"rotation":0,"texture":"#0","tintindex":0},"up":{"uv":[9.375,10.25,9.25,10.125],"rotation":0,"texture":"#0","tintindex":0},"west":{"uv":[9.8125,0.3125,9.9375,0.5625],"rotation":0,"texture":"#0","tintindex":0}}}],"display":{"head":{"translation":[0.0,-6.4,0.0],"rotation":[0.0,0.0,0.0],"scale":[3.8095,3.8095,3.8095]}}}