{"textures":{"0":"modelengine:entity/enforcer"},"elements":[{"from":[7.4799995,6.535637,6.9849997],"to":[11.48,8.535637,9.014999],"faces":{"east":{"uv":[10.125,1.6875,10.25,1.8125],"tintindex":0,"rotation":0,"texture":"#0"},"south":{"uv":[9.875,3.3125,10.125,3.4375],"tintindex":0,"rotation":0,"texture":"#0"},"north":{"uv":[9.875,2.4375,10.125,2.5625],"tintindex":0,"rotation":0,"texture":"#0"},"west":{"uv":[10.125,1.8125,10.25,1.9375],"tintindex":0,"rotation":0,"texture":"#0"},"up":{"uv":[10.125,4.0625,9.875,3.9375],"tintindex":0,"rotation":0,"texture":"#0"},"down":{"uv":[10.125,4.9375,9.875,5.0625],"tintindex":0,"rotation":0,"texture":"#0"}},"rotation":{"origin":[9.48,7.535637,8.0],"angle":22.5,"axis":"z"}}],"display":{"gui":{"rotation":[30,225,0]}}}