{"textures":{"0":"modelengine:entity/enforcer"},"elements":[{"name":"cube","from":[7.6879997,7.1213818,7.4433846],"to":[10.087999,8.3213825,8.661385],"rotation":{"angle":22.5,"axis":"z","origin":[8.888,7.721382,8.052385]},"faces":{"down":{"uv":[9.9375,9.875,9.6875,10.0],"rotation":0,"texture":"#0","tintindex":0},"east":{"uv":[10.125,1.0625,10.25,1.1875],"rotation":0,"texture":"#0","tintindex":0},"north":{"uv":[9.8125,5.875,10.0625,6.0],"rotation":0,"texture":"#0","tintindex":0},"south":{"uv":[9.8125,7.375,10.0625,7.5],"rotation":0,"texture":"#0","tintindex":0},"up":{"uv":[3.0625,10.0,2.8125,9.875],"rotation":0,"texture":"#0","tintindex":0},"west":{"uv":[10.125,1.1875,10.25,1.3125],"rotation":0,"texture":"#0","tintindex":0}}}],"display":{"head":{"translation":[0.0,-6.4,0.0],"rotation":[0.0,0.0,0.0],"scale":[3.8095,3.8095,3.8095]}}}