{"textures":{"0":"modelengine:entity/enforcer"},"elements":[{"name":"cube","from":[7.6879997,7.4573817,7.251385],"to":[10.087999,8.657382,8.469385],"rotation":{"angle":22.5,"axis":"z","origin":[8.888,8.057382,7.860385]},"faces":{"down":{"uv":[10.0625,4.6875,9.8125,4.8125],"rotation":0,"texture":"#0","tintindex":0},"east":{"uv":[10.125,0.125,10.25,0.25],"rotation":0,"texture":"#0","tintindex":0},"north":{"uv":[9.8125,0.0,10.0625,0.125],"rotation":0,"texture":"#0","tintindex":0},"south":{"uv":[9.8125,0.5625,10.0625,0.6875],"rotation":0,"texture":"#0","tintindex":0},"up":{"uv":[10.0625,2.75,9.8125,2.625],"rotation":0,"texture":"#0","tintindex":0},"west":{"uv":[10.125,0.25,10.25,0.375],"rotation":0,"texture":"#0","tintindex":0}}}],"display":{"head":{"translation":[0.0,-6.4,0.0],"rotation":[0.0,0.0,0.0],"scale":[3.8095,3.8095,3.8095]}}}