{"elements":[{"from":[7.702857,7.483221,7.287033],"to":[9.988571,8.626078,8.447033],"rotation":{"angle":22.5,"axis":"z","origin":[8.845715,8.054649,7.867033]},"faces":{"east":{"uv":[10.125,0.125,10.25,0.25],"rotation":0,"texture":"#0","tintindex":0},"south":{"uv":[9.8125,0.5625,10.0625,0.6875],"rotation":0,"texture":"#0","tintindex":0},"north":{"uv":[9.8125,0.0,10.0625,0.125],"rotation":0,"texture":"#0","tintindex":0},"west":{"uv":[10.125,0.25,10.25,0.375],"rotation":0,"texture":"#0","tintindex":0},"up":{"uv":[10.0625,2.75,9.8125,2.625],"rotation":0,"texture":"#0","tintindex":0},"down":{"uv":[10.0625,4.6875,9.8125,4.8125],"rotation":0,"texture":"#0","tintindex":0}}}],"textures":{"0":"modelengine:entity/enforcer"},"display":{"head":{"translation":[0.0,-6.4,0.0],"scale":[4.0,4.0,4.0]}}}