{"textures":{"0":"modelengine:entity/enforcer"},"elements":[{"from":[7.4799995,6.535637,7.072308],"to":[11.48,8.535637,9.102308],"faces":{"east":{"uv":[10.125,1.0625,10.25,1.1875],"tintindex":0,"rotation":0,"texture":"#0"},"south":{"uv":[9.8125,7.375,10.0625,7.5],"tintindex":0,"rotation":0,"texture":"#0"},"north":{"uv":[9.8125,5.875,10.0625,6.0],"tintindex":0,"rotation":0,"texture":"#0"},"west":{"uv":[10.125,1.1875,10.25,1.3125],"tintindex":0,"rotation":0,"texture":"#0"},"up":{"uv":[3.0625,10.0,2.8125,9.875],"tintindex":0,"rotation":0,"texture":"#0"},"down":{"uv":[9.9375,9.875,9.6875,10.0],"tintindex":0,"rotation":0,"texture":"#0"}},"rotation":{"origin":[9.48,7.535637,8.087308],"angle":22.5,"axis":"z"}}],"display":{"gui":{"rotation":[30,225,0]}}}