{"elements":[{"from":[7.702857,7.163221,7.42],"to":[9.988571,8.306078,8.58],"rotation":{"angle":22.5,"axis":"z","origin":[8.845715,7.7346497,8.0]},"faces":{"east":{"uv":[10.125,1.6875,10.25,1.8125],"rotation":0,"texture":"#0","tintindex":0},"south":{"uv":[9.875,3.3125,10.125,3.4375],"rotation":0,"texture":"#0","tintindex":0},"north":{"uv":[9.875,2.4375,10.125,2.5625],"rotation":0,"texture":"#0","tintindex":0},"west":{"uv":[10.125,1.8125,10.25,1.9375],"rotation":0,"texture":"#0","tintindex":0},"up":{"uv":[10.125,4.0625,9.875,3.9375],"rotation":0,"texture":"#0","tintindex":0},"down":{"uv":[10.125,4.9375,9.875,5.0625],"rotation":0,"texture":"#0","tintindex":0}}}],"textures":{"0":"modelengine:entity/enforcer"},"display":{"head":{"translation":[0.0,-6.4,0.0],"scale":[4.0,4.0,4.0]}}}