{"textures":{"0":"modelengine:entity/enforcer"},"elements":[{"name":"cube","from":[6.7890797,5.2115145,5.553348],"to":[7.38908,9.411514,7.9533477],"rotation":{"angle":0.0,"axis":"x","origin":[7.08908,6.7115145,6.453348]},"faces":{"down":{"uv":[1.125,10.1875,1.0625,10.4375],"rotation":0,"texture":"#0","tintindex":0},"east":{"uv":[6.9375,8.75,7.1875,9.1875],"rotation":0,"texture":"#0","tintindex":0},"north":{"uv":[9.375,9.875,9.4375,10.3125],"rotation":0,"texture":"#0","tintindex":0},"south":{"uv":[0.375,9.9375,0.4375,10.375],"rotation":0,"texture":"#0","tintindex":0},"up":{"uv":[0.8125,10.4375,0.75,10.1875],"rotation":0,"texture":"#0","tintindex":0},"west":{"uv":[8.75,3.8125,9.0,4.25],"rotation":0,"texture":"#0","tintindex":0}}},{"name":"cube","from":[7.38908,8.811514,5.553348],"to":[8.58908,9.411514,7.9533477],"rotation":{"angle":0.0,"axis":"x","origin":[7.08908,6.7115145,6.453348]},"faces":{"down":{"uv":[10.0,8.1875,9.875,8.4375],"rotation":0,"texture":"#0","tintindex":0},"east":{"uv":[10.125,7.6875,10.375,7.75],"rotation":0,"texture":"#0","tintindex":0},"north":{"uv":[9.8125,0.125,9.9375,0.1875],"rotation":0,"texture":"#0","tintindex":0},"south":{"uv":[10.1875,4.4375,10.3125,4.5],"rotation":0,"texture":"#0","tintindex":0},"up":{"uv":[10.0,6.625,9.875,6.375],"rotation":0,"texture":"#0","tintindex":0},"west":{"uv":[10.125,8.3125,10.375,8.375],"rotation":0,"texture":"#0","tintindex":0}}},{"name":"cube","from":[7.38908,5.811514,5.769348],"to":[8.58908,8.811514,8.169348],"rotation":{"angle":0.0,"axis":"x","origin":[7.08908,6.7115145,6.669348]},"faces":{"down":{"uv":[1.125,10.1875,1.0625,10.4375],"rotation":0,"texture":"#0","tintindex":0},"east":{"uv":[6.9375,8.75,7.1875,9.1875],"rotation":0,"texture":"#0","tintindex":0},"north":{"uv":[10.5,0.0,10.625,0.3125],"rotation":0,"texture":"#0","tintindex":0},"south":{"uv":[0.375,9.9375,0.4375,10.375],"rotation":0,"texture":"#0","tintindex":0},"up":{"uv":[0.8125,10.4375,0.75,10.1875],"rotation":0,"texture":"#0","tintindex":0},"west":{"uv":[8.75,3.8125,9.0,4.25],"rotation":0,"texture":"#0","tintindex":0}}},{"name":"cube","from":[7.38908,5.811514,5.7576294],"to":[8.58908,8.811514,8.157629],"rotation":{"angle":0.0,"axis":"x","origin":[7.08908,6.7115145,6.669348]},"faces":{"down":{"uv":[1.125,10.1875,1.0625,10.4375],"rotation":0,"texture":"#0","tintindex":0},"east":{"uv":[6.9375,8.75,7.1875,9.1875],"rotation":0,"texture":"#0","tintindex":0},"north":{"uv":[10.5,0.0,10.625,0.3125],"rotation":0,"texture":"#0","tintindex":0},"south":{"uv":[0.375,9.9375,0.4375,10.375],"rotation":0,"texture":"#0","tintindex":0},"up":{"uv":[0.8125,10.4375,0.75,10.1875],"rotation":0,"texture":"#0","tintindex":0},"west":{"uv":[8.75,3.8125,9.0,4.25],"rotation":0,"texture":"#0","tintindex":0}}},{"name":"cube","from":[8.58908,5.2115145,5.553348],"to":[9.18908,9.411514,7.9533477],"rotation":{"angle":0.0,"axis":"x","origin":[8.88908,6.7115145,6.453348]},"faces":{"down":{"uv":[0.75,10.1875,0.6875,10.4375],"rotation":0,"texture":"#0","tintindex":0},"east":{"uv":[4.5625,8.6875,4.8125,9.125],"rotation":0,"texture":"#0","tintindex":0},"north":{"uv":[0.5,7.0625,0.5625,7.5],"rotation":0,"texture":"#0","tintindex":0},"south":{"uv":[1.0,7.5,1.0625,7.9375],"rotation":0,"texture":"#0","tintindex":0},"up":{"uv":[10.1875,9.75,10.125,9.5],"rotation":0,"texture":"#0","tintindex":0},"west":{"uv":[7.5,8.6875,7.75,9.125],"rotation":0,"texture":"#0","tintindex":0}}},{"name":"cube","from":[7.38908,5.2115145,5.553348],"to":[8.58908,5.811514,7.9533477],"rotation":{"angle":0.0,"axis":"x","origin":[7.08908,3.111514,6.453348]},"faces":{"down":{"uv":[10.0,9.25,9.875,9.5],"rotation":0,"texture":"#0","tintindex":0},"east":{"uv":[10.125,8.375,10.375,8.4375],"rotation":0,"texture":"#0","tintindex":0},"north":{"uv":[10.1875,9.6875,10.3125,9.75],"rotation":0,"texture":"#0","tintindex":0},"south":{"uv":[9.25,10.25,9.375,10.3125],"rotation":0,"texture":"#0","tintindex":0},"up":{"uv":[10.0,9.25,9.875,9.0],"rotation":0,"texture":"#0","tintindex":0},"west":{"uv":[10.125,9.3125,10.375,9.375],"rotation":0,"texture":"#0","tintindex":0}}}],"display":{"head":{"translation":[0.0,-6.4,0.0],"rotation":[0.0,0.0,0.0],"scale":[3.8095,3.8095,3.8095]}}}