{"textures":{"0":"modelengine:entity/enforcer"},"elements":[{"name":"cube","from":[7.304,5.96,9.191],"to":[8.504,8.359999,10.409],"rotation":{"angle":0.0,"axis":"x","origin":[7.9040003,20.36,9.191]},"faces":{"down":{"uv":[10.125,1.4375,10.25,1.5625],"rotation":0,"texture":"#0","tintindex":0},"east":{"uv":[10.0,0.6875,9.875,0.9375],"rotation":0,"texture":"#0","tintindex":0},"north":{"uv":[4.25,9.875,4.125,10.125],"rotation":0,"texture":"#0","tintindex":0},"south":{"uv":[9.375,9.875,9.25,10.125],"rotation":0,"texture":"#0","tintindex":0},"up":{"uv":[10.125,1.4375,10.25,1.3125],"rotation":0,"texture":"#0","tintindex":0},"west":{"uv":[8.3125,9.875,8.1875,10.125],"rotation":0,"texture":"#0","tintindex":0}}},{"name":"cube","from":[7.304,5.696,7.583],"to":[8.504,8.096,8.801001],"rotation":{"angle":0.0,"axis":"x","origin":[7.9040003,20.096,7.583]},"faces":{"down":{"uv":[9.5625,10.125,9.6875,10.25],"rotation":0,"texture":"#0","tintindex":0},"east":{"uv":[9.9375,0.3125,9.8125,0.5625],"rotation":0,"texture":"#0","tintindex":0},"north":{"uv":[9.0,9.8125,8.875,10.0625],"rotation":0,"texture":"#0","tintindex":0},"south":{"uv":[9.25,9.8125,9.125,10.0625],"rotation":0,"texture":"#0","tintindex":0},"up":{"uv":[9.25,10.25,9.375,10.125],"rotation":0,"texture":"#0","tintindex":0},"west":{"uv":[9.125,9.8125,9.0,10.0625],"rotation":0,"texture":"#0","tintindex":0}}},{"name":"cube","from":[7.304,5.96,5.975],"to":[8.504,8.359999,7.193],"rotation":{"angle":0.0,"axis":"x","origin":[7.9040003,20.36,5.975]},"faces":{"down":{"uv":[10.125,0.9375,10.25,1.0625],"rotation":0,"texture":"#0","tintindex":0},"east":{"uv":[2.8125,9.875,2.6875,10.125],"rotation":0,"texture":"#0","tintindex":0},"north":{"uv":[9.9375,7.125,9.8125,7.375],"rotation":0,"texture":"#0","tintindex":0},"south":{"uv":[1.0,9.875,0.875,10.125],"rotation":0,"texture":"#0","tintindex":0},"up":{"uv":[10.125,0.5,10.25,0.375],"rotation":0,"texture":"#0","tintindex":0},"west":{"uv":[0.25,9.875,0.125,10.125],"rotation":0,"texture":"#0","tintindex":0}}}],"display":{"head":{"translation":[0.0,-6.4,0.0],"rotation":[0.0,0.0,0.0],"scale":[3.8095,3.8095,3.8095]}}}