{"elements":[{"from":[5.714286,7.428571,10.482857],"to":[8.0,8.571428,11.642858],"rotation":{"angle":-22.5,"axis":"z","origin":[6.857143,8.0,11.062858]},"faces":{"east":{"uv":[10.25,1.8125,10.125,1.9375],"rotation":0,"texture":"#0","tintindex":0},"south":{"uv":[10.125,3.3125,9.875,3.4375],"rotation":0,"texture":"#0","tintindex":0},"north":{"uv":[10.125,2.4375,9.875,2.5625],"rotation":0,"texture":"#0","tintindex":0},"west":{"uv":[10.25,1.6875,10.125,1.8125],"rotation":0,"texture":"#0","tintindex":0},"up":{"uv":[9.875,4.0625,10.125,3.9375],"rotation":0,"texture":"#0","tintindex":0},"down":{"uv":[9.875,4.9375,10.125,5.0625],"rotation":0,"texture":"#0","tintindex":0}}},{"from":[5.714286,7.1771426,8.951428],"to":[8.0,8.32,10.111429],"rotation":{"angle":-22.5,"axis":"z","origin":[6.857143,7.7485714,9.531428]},"faces":{"east":{"uv":[10.25,0.25,10.125,0.375],"rotation":0,"texture":"#0","tintindex":0},"south":{"uv":[10.0625,0.5625,9.8125,0.6875],"rotation":0,"texture":"#0","tintindex":0},"north":{"uv":[10.0625,0.0,9.8125,0.125],"rotation":0,"texture":"#0","tintindex":0},"west":{"uv":[10.25,0.125,10.125,0.25],"rotation":0,"texture":"#0","tintindex":0},"up":{"uv":[9.8125,2.75,10.0625,2.625],"rotation":0,"texture":"#0","tintindex":0},"down":{"uv":[9.8125,4.6875,10.0625,4.8125],"rotation":0,"texture":"#0","tintindex":0}}},{"from":[5.714286,7.428571,7.42],"to":[8.0,8.571428,8.58],"rotation":{"angle":-22.5,"axis":"z","origin":[6.857143,8.0,8.0]},"faces":{"east":{"uv":[10.25,1.1875,10.125,1.3125],"rotation":0,"texture":"#0","tintindex":0},"south":{"uv":[10.0625,7.375,9.8125,7.5],"rotation":0,"texture":"#0","tintindex":0},"north":{"uv":[10.0625,5.875,9.8125,6.0],"rotation":0,"texture":"#0","tintindex":0},"west":{"uv":[10.25,1.0625,10.125,1.1875],"rotation":0,"texture":"#0","tintindex":0},"up":{"uv":[2.8125,10.0,3.0625,9.875],"rotation":0,"texture":"#0","tintindex":0},"down":{"uv":[9.6875,9.875,9.9375,10.0],"rotation":0,"texture":"#0","tintindex":0}}}],"textures":{"0":"modelengine:entity/enforcer"},"display":{"head":{"translation":[0.0,-6.4,0.0],"scale":[4.0,4.0,4.0]}}}