{"elements":[{"from":[7.337143,6.0571427,9.134286],"to":[8.48,8.342857,10.294286],"rotation":{"angle":0.0,"axis":"y","origin":[7.9085712,19.77143,9.134286]},"faces":{"east":{"uv":[10.0,0.6875,9.875,0.9375],"rotation":0,"texture":"#0","tintindex":0},"south":{"uv":[9.375,9.875,9.25,10.125],"rotation":0,"texture":"#0","tintindex":0},"north":{"uv":[4.25,9.875,4.125,10.125],"rotation":0,"texture":"#0","tintindex":0},"west":{"uv":[8.3125,9.875,8.1875,10.125],"rotation":0,"texture":"#0","tintindex":0},"up":{"uv":[10.125,1.4375,10.25,1.3125],"rotation":0,"texture":"#0","tintindex":0},"down":{"uv":[10.125,1.4375,10.25,1.5625],"rotation":0,"texture":"#0","tintindex":0}}},{"from":[7.337143,5.805714,7.602857],"to":[8.48,8.091429,8.762857],"rotation":{"angle":0.0,"axis":"y","origin":[7.9085712,19.52,7.602857]},"faces":{"east":{"uv":[9.9375,0.3125,9.8125,0.5625],"rotation":0,"texture":"#0","tintindex":0},"south":{"uv":[9.25,9.8125,9.125,10.0625],"rotation":0,"texture":"#0","tintindex":0},"north":{"uv":[9.0,9.8125,8.875,10.0625],"rotation":0,"texture":"#0","tintindex":0},"west":{"uv":[9.125,9.8125,9.0,10.0625],"rotation":0,"texture":"#0","tintindex":0},"up":{"uv":[9.25,10.25,9.375,10.125],"rotation":0,"texture":"#0","tintindex":0},"down":{"uv":[9.5625,10.125,9.6875,10.25],"rotation":0,"texture":"#0","tintindex":0}}},{"from":[7.337143,6.0571427,6.0714283],"to":[8.48,8.342857,7.2314286],"rotation":{"angle":0.0,"axis":"y","origin":[7.9085712,19.77143,6.0714283]},"faces":{"east":{"uv":[2.8125,9.875,2.6875,10.125],"rotation":0,"texture":"#0","tintindex":0},"south":{"uv":[1.0,9.875,0.875,10.125],"rotation":0,"texture":"#0","tintindex":0},"north":{"uv":[9.9375,7.125,9.8125,7.375],"rotation":0,"texture":"#0","tintindex":0},"west":{"uv":[0.25,9.875,0.125,10.125],"rotation":0,"texture":"#0","tintindex":0},"up":{"uv":[10.125,0.5,10.25,0.375],"rotation":0,"texture":"#0","tintindex":0},"down":{"uv":[10.125,0.9375,10.25,1.0625],"rotation":0,"texture":"#0","tintindex":0}}}],"textures":{"0":"modelengine:entity/enforcer"},"display":{"head":{"translation":[0.0,-6.4,0.0],"scale":[4.0,4.0,4.0]}}}