{"textures":{"0":"modelengine:entity/enforcer"},"elements":[{"name":"cube","from":[6.5218053,7.841245,5.9792833],"to":[10.721806,10.241245,8.379284],"rotation":{"angle":45.0,"axis":"x","origin":[5.321805,7.2412453,5.9792833]},"faces":{"down":{"uv":[4.5625,8.6875,4.125,8.9375],"rotation":0,"texture":"#0","tintindex":0},"east":{"uv":[5.625,9.25,5.875,9.5],"rotation":0,"texture":"#0","tintindex":0},"north":{"uv":[6.75,1.375,7.1875,1.625],"rotation":0,"texture":"#0","tintindex":0},"south":{"uv":[8.625,8.25,9.0625,8.5],"rotation":0,"texture":"#0","tintindex":0},"up":{"uv":[1.6875,8.9375,1.25,8.6875],"rotation":0,"texture":"#0","tintindex":0},"west":{"uv":[6.0625,9.25,6.3125,9.5],"rotation":0,"texture":"#0","tintindex":0}}}],"display":{"head":{"translation":[0.0,-6.4,0.0],"rotation":[0.0,0.0,0.0],"scale":[3.8095,3.8095,3.8095]}}}