{"elements":[{"from":[6.869317,-3.151537,1.3267145],"to":[9.155031,-1.4372511,6.4695716],"rotation":{"angle":22.5,"axis":"x","origin":[8.012175,-2.0086794,4.7552857]},"faces":{"east":{"uv":[3.6875,2.75,4.25,2.9375],"rotation":0,"texture":"#0","tintindex":0},"south":{"uv":[9.5,6.8125,9.75,7.0],"rotation":0,"texture":"#0","tintindex":0},"north":{"uv":[9.5,5.5,9.75,5.6875],"rotation":0,"texture":"#0","tintindex":0},"west":{"uv":[5.6875,5.1875,6.25,5.375],"rotation":0,"texture":"#0","tintindex":0},"up":{"uv":[1.8125,8.6875,1.5625,8.125],"rotation":0,"texture":"#0","tintindex":0},"down":{"uv":[7.8125,8.125,7.5625,8.6875],"rotation":0,"texture":"#0","tintindex":0}}},{"from":[7.4078045,-0.9503441,6.934051],"to":[8.550662,2.4782271,8.076908],"rotation":{"angle":22.5,"axis":"x","origin":[7.1220903,3.33537,4.3626223]},"faces":{"east":{"uv":[6.8125,5.875,6.9375,6.25],"rotation":0,"texture":"#0","tintindex":0},"south":{"uv":[9.5625,9.5625,9.6875,9.9375],"rotation":0,"texture":"#0","tintindex":0},"north":{"uv":[3.5625,1.25,3.6875,1.625],"rotation":0,"texture":"#0","tintindex":0},"west":{"uv":[0.0,9.625,0.125,10.0],"rotation":0,"texture":"#0","tintindex":0},"up":{"uv":[10.1875,4.25,10.0625,4.125],"rotation":0,"texture":"#0","tintindex":0},"down":{"uv":[10.1875,4.25,10.0625,4.375],"rotation":0,"texture":"#0","tintindex":0}}},{"from":[6.5506616,-1.9687996,0.6673541],"to":[9.4078045,0.3169155,1.3987832],"rotation":{"angle":0.0,"axis":"y","origin":[7.9792333,-1.9687996,1.2387829]},"faces":{"east":{"uv":[10.0625,7.9375,10.125,8.1875],"rotation":0,"texture":"#0","tintindex":0},"south":{"uv":[8.3125,9.0,8.625,9.25],"rotation":0,"texture":"#0","tintindex":0},"north":{"uv":[8.0,9.0,8.3125,9.25],"rotation":0,"texture":"#0","tintindex":0},"west":{"uv":[10.0625,8.1875,10.125,8.4375],"rotation":0,"texture":"#0","tintindex":0},"up":{"uv":[9.6875,3.625,9.375,3.5625],"rotation":0,"texture":"#0","tintindex":0},"down":{"uv":[10.25,6.0625,9.9375,6.125],"rotation":0,"texture":"#0","tintindex":0}}},{"from":[6.5506616,0.098238945,0.623857],"to":[9.4078045,3.5268106,1.3552861],"rotation":{"angle":22.5,"axis":"x","origin":[7.9792333,0.098238945,1.1952853]},"faces":{"east":{"uv":[4.8125,9.9375,4.875,10.3125],"rotation":0,"texture":"#0","tintindex":0},"south":{"uv":[1.8125,8.625,2.125,9.0],"rotation":0,"texture":"#0","tintindex":0},"north":{"uv":[2.5,5.875,2.8125,6.25],"rotation":0,"texture":"#0","tintindex":0},"west":{"uv":[4.875,9.9375,4.9375,10.3125],"rotation":0,"texture":"#0","tintindex":0},"up":{"uv":[7.375,3.6875,7.0625,3.625],"rotation":0,"texture":"#0","tintindex":0},"down":{"uv":[5.0,7.1875,4.6875,7.25],"rotation":0,"texture":"#0","tintindex":0}}},{"from":[5.979233,-1.4372511,1.5993466],"to":[9.979233,1.4198923,4.4564896],"rotation":{"angle":45.0,"axis":"x","origin":[8.264948,-0.00867939,3.5993466]},"faces":{"east":{"uv":[2.6875,8.8125,3.0,9.125],"rotation":0,"texture":"#0","tintindex":0},"south":{"uv":[8.4375,2.0,8.875,2.3125],"rotation":0,"texture":"#0","tintindex":0},"north":{"uv":[6.9375,8.4375,7.375,8.75],"rotation":0,"texture":"#0","tintindex":0},"west":{"uv":[3.0,8.8125,3.3125,9.125],"rotation":0,"texture":"#0","tintindex":0},"up":{"uv":[8.875,4.6875,8.4375,4.375],"rotation":0,"texture":"#0","tintindex":0},"down":{"uv":[3.125,8.5,2.6875,8.8125],"rotation":0,"texture":"#0","tintindex":0}}},{"from":[6.5714283,-0.72177315,3.5911937],"to":[9.428572,7.8496556,7.0197654],"rotation":{"angle":22.5,"axis":"x","origin":[7.428571,3.563941,4.4483366]},"faces":{"east":{"uv":[2.8125,5.375,3.1875,6.3125],"rotation":0,"texture":"#0","tintindex":0},"south":{"uv":[4.375,6.3125,4.6875,7.25],"rotation":0,"texture":"#0","tintindex":0},"north":{"uv":[0.0,6.0,0.3125,6.9375],"rotation":0,"texture":"#0","tintindex":0},"west":{"uv":[0.5625,5.875,0.9375,6.8125],"rotation":0,"texture":"#0","tintindex":0},"up":{"uv":[8.3125,9.0,8.0,8.625],"rotation":0,"texture":"#0","tintindex":0},"down":{"uv":[8.625,8.625,8.3125,9.0],"rotation":0,"texture":"#0","tintindex":0}}},{"from":[6.857143,3.2782269,3.7740507],"to":[9.142858,12.992514,6.0597653],"rotation":{"angle":22.5,"axis":"x","origin":[7.714286,6.4210844,3.4883366]},"faces":{"east":{"uv":[1.9375,6.625,2.1875,7.6875],"rotation":0,"texture":"#0","tintindex":0},"south":{"uv":[2.1875,6.625,2.4375,7.6875],"rotation":0,"texture":"#0","tintindex":0},"north":{"uv":[0.3125,6.0,0.5625,7.0625],"rotation":0,"texture":"#0","tintindex":0},"west":{"uv":[5.0,6.625,5.25,7.6875],"rotation":0,"texture":"#0","tintindex":0},"up":{"uv":[9.4375,4.5,9.1875,4.25],"rotation":0,"texture":"#0","tintindex":0},"down":{"uv":[4.5625,9.25,4.3125,9.5],"rotation":0,"texture":"#0","tintindex":0}}},{"from":[7.4078045,4.7639413,6.934051],"to":[8.550662,7.049656,8.076908],"rotation":{"angle":22.5,"axis":"x","origin":[7.1220903,3.33537,4.3626223]},"faces":{"east":{"uv":[7.375,9.8125,7.5,10.0625],"rotation":0,"texture":"#0","tintindex":0},"south":{"uv":[7.5,9.8125,7.625,10.0625],"rotation":0,"texture":"#0","tintindex":0},"north":{"uv":[6.6875,9.8125,6.8125,10.0625],"rotation":0,"texture":"#0","tintindex":0},"west":{"uv":[8.375,9.8125,8.5,10.0625],"rotation":0,"texture":"#0","tintindex":0},"up":{"uv":[10.1875,3.0,10.0625,2.875],"rotation":0,"texture":"#0","tintindex":0},"down":{"uv":[10.1875,3.0,10.0625,3.125],"rotation":0,"texture":"#0","tintindex":0}}},{"from":[7.7049475,1.3353701,7.254051],"to":[8.276376,5.9067984,7.8254795],"rotation":{"angle":22.5,"axis":"x","origin":[6.8478045,3.33537,4.682622]},"faces":{"east":{"uv":[5.5625,9.8125,5.625,10.3125],"rotation":0,"texture":"#0","tintindex":0},"south":{"uv":[5.625,9.8125,5.6875,10.3125],"rotation":0,"texture":"#0","tintindex":0},"north":{"uv":[3.125,8.0,3.1875,8.5],"rotation":0,"texture":"#0","tintindex":0},"west":{"uv":[6.5,9.8125,6.5625,10.3125],"rotation":0,"texture":"#0","tintindex":0},"up":{"uv":[10.3125,3.75,10.25,3.6875],"rotation":0,"texture":"#0","tintindex":0},"down":{"uv":[10.3125,3.75,10.25,3.8125],"rotation":0,"texture":"#0","tintindex":0}}},{"from":[6.0,5.4198923,5.599347],"to":[10.0,9.991322,10.170775],"rotation":{"angle":22.5,"axis":"x","origin":[8.285714,7.419893,7.599347]},"faces":{"east":{"uv":[6.75,6.75,7.25,7.25],"rotation":0,"texture":"#0","tintindex":0},"south":{"uv":[7.1875,1.375,7.625,1.875],"rotation":0,"texture":"#0","tintindex":0},"north":{"uv":[1.5625,2.375,2.0,2.875],"rotation":0,"texture":"#0","tintindex":0},"west":{"uv":[6.75,0.375,7.25,0.875],"rotation":0,"texture":"#0","tintindex":0},"up":{"uv":[7.625,5.5625,7.1875,5.0625],"rotation":0,"texture":"#0","tintindex":0},"down":{"uv":[4.625,7.25,4.1875,7.75],"rotation":0,"texture":"#0","tintindex":0}}},{"from":[7.142857,4.4042053,9.03073],"to":[8.857143,4.975634,11.887873],"rotation":{"angle":22.5,"axis":"x","origin":[8.0,6.975634,10.959301]},"faces":{"east":{"uv":[8.4375,4.8125,8.75,4.875],"rotation":0,"texture":"#0","tintindex":0},"south":{"uv":[10.1875,0.0,10.375,0.0625],"rotation":0,"texture":"#0","tintindex":0},"north":{"uv":[10.125,10.1875,10.3125,10.25],"rotation":0,"texture":"#0","tintindex":0},"west":{"uv":[8.9375,8.875,9.25,8.9375],"rotation":0,"texture":"#0","tintindex":0},"up":{"uv":[3.625,9.625,3.4375,9.3125],"rotation":0,"texture":"#0","tintindex":0},"down":{"uv":[6.0625,9.3125,5.875,9.625],"rotation":0,"texture":"#0","tintindex":0}}},{"from":[8.857143,4.4042053,9.602159],"to":[9.428572,9.547063,11.887873],"rotation":{"angle":22.5,"axis":"x","origin":[8.0,6.975634,10.959301]},"faces":{"east":{"uv":[8.0625,0.5625,8.3125,1.125],"rotation":0,"texture":"#0","tintindex":0},"south":{"uv":[1.625,9.6875,1.6875,10.25],"rotation":0,"texture":"#0","tintindex":0},"north":{"uv":[8.75,9.625,8.8125,10.1875],"rotation":0,"texture":"#0","tintindex":0},"west":{"uv":[1.3125,8.125,1.5625,8.6875],"rotation":0,"texture":"#0","tintindex":0},"up":{"uv":[10.125,5.3125,10.0625,5.0625],"rotation":0,"texture":"#0","tintindex":0},"down":{"uv":[10.125,5.3125,10.0625,5.5625],"rotation":0,"texture":"#0","tintindex":0}}},{"from":[7.142857,8.975635,9.602159],