{"textures":{"0":"modelengine:entity/enforcer"},"elements":[{"from":[3.4636579,7.735409,4.6321387],"to":[10.463657,11.735409,8.632139],"faces":{"east":{"uv":[6.3125,9.25,6.0625,9.5],"tintindex":0,"rotation":0,"texture":"#0"},"south":{"uv":[9.0625,8.25,8.625,8.5],"tintindex":0,"rotation":0,"texture":"#0"},"north":{"uv":[7.1875,1.375,6.75,1.625],"tintindex":0,"rotation":0,"texture":"#0"},"west":{"uv":[5.875,9.25,5.625,9.5],"tintindex":0,"rotation":0,"texture":"#0"},"up":{"uv":[1.25,8.9375,1.6875,8.6875],"tintindex":0,"rotation":0,"texture":"#0"},"down":{"uv":[4.125,8.6875,4.5625,8.9375],"tintindex":0,"rotation":0,"texture":"#0"}},"rotation":{"origin":[12.463657,6.735409,4.6321387],"angle":45.0,"axis":"x"}}],"display":{"gui":{"rotation":[30,225,0]}}}