{"textures":{"0":"modelengine:entity/enforcer"},"elements":[{"from":[6.0,3.9,0.4000001],"to":[10.0,6.9,8.4],"faces":{"east":{"uv":[8.8125,2.625,9.3125,2.8125],"tintindex":0,"rotation":0,"texture":"#0"},"south":{"uv":[9.5,5.125,9.75,5.3125],"tintindex":0,"rotation":0,"texture":"#0"},"north":{"uv":[8.375,6.1875,8.625,6.375],"tintindex":0,"rotation":0,"texture":"#0"},"west":{"uv":[8.875,5.75,9.375,5.9375],"tintindex":0,"rotation":0,"texture":"#0"},"up":{"uv":[8.8125,2.8125,8.5625,2.3125],"tintindex":0,"rotation":0,"texture":"#0"},"down":{"uv":[8.8125,5.25,8.5625,5.75],"tintindex":0,"rotation":0,"texture":"#0"}},"rotation":{"origin":[8.0,5.9,4.4],"angle":-22.5,"axis":"x"}},{"from":[5.0,2.4580603,9.591342],"to":[11.0,5.4580603,12.591341],"faces":{"east":{"uv":[9.6875,9.6875,9.875,9.875],"tintindex":0,"rotation":0,"texture":"#0"},"south":{"uv":[9.125,0.375,9.5,0.5625],"tintindex":0,"rotation":0,"texture":"#0"},"north":{"uv":[3.3125,9.125,3.6875,9.3125],"tintindex":0,"rotation":0,"texture":"#0"},"west":{"uv":[9.6875,0.75,9.875,0.9375],"tintindex":0,"rotation":0,"texture":"#0"},"up":{"uv":[9.5,0.75,9.125,0.5625],"tintindex":0,"rotation":0,"texture":"#0"},"down":{"uv":[9.5,2.3125,9.125,2.5],"tintindex":0,"rotation":0,"texture":"#0"}},"rotation":{"origin":[8.0,3.9580603,12.091341],"angle":45.0,"axis":"x"}},{"from":[10.4800005,3.8316474,11.112299],"to":[11.48,4.831647,15.112299],"faces":{"east":{"uv":[9.125,5.6875,9.375,5.75],"tintindex":0,"rotation":0,"texture":"#0"},"south":{"uv":[10.25,3.375,10.3125,3.4375],"tintindex":0,"rotation":0,"texture":"#0"},"north":{"uv":[10.25,3.3125,10.3125,3.375],"tintindex":0,"rotation":0,"texture":"#0"},"west":{"uv":[9.1875,2.25,9.4375,2.3125],"tintindex":0,"rotation":0,"texture":"#0"},"up":{"uv":[7.625,10.3125,7.5625,10.0625],"tintindex":0,"rotation":0,"texture":"#0"},"down":{"uv":[8.4375,10.0625,8.375,10.3125],"tintindex":0,"rotation":0,"texture":"#0"}},"rotation":{"origin":[9.68,4.3316474,11.272299],"angle":22.5,"axis":"x"}},{"from":[5.0,2.5,0.07999992],"to":[11.0,4.5,7.08],"faces":{"east":{"uv":[4.3125,5.25,4.75,5.375],"tintindex":0,"rotation":0,"texture":"#0"},"south":{"uv":[9.5,5.0,9.875,5.125],"tintindex":0,"rotation":0,"texture":"#0"},"north":{"uv":[9.5,3.9375,9.875,4.0625],"tintindex":0,"rotation":0,"texture":"#0"},"west":{"uv":[7.6875,3.3125,8.125,3.4375],"tintindex":0,"rotation":0,"texture":"#0"},"up":{"uv":[8.0,5.5,7.625,5.0625],"tintindex":0,"rotation":0,"texture":"#0"},"down":{"uv":[8.0625,0.9375,7.6875,1.375],"tintindex":0,"rotation":0,"texture":"#0"}}},{"from":[4.5,6.0,1.5],"to":[11.5,7.0,2.5],"faces":{"east":{"uv":[9.875,1.6875,9.9375,1.75],"tintindex":0,"rotation":0,"texture":"#0"},"south":{"uv":[5.9375,3.6875,6.375,3.75],"tintindex":0,"rotation":0,"texture":"#0"},"north":{"uv":[1.5625,2.875,2.0,2.9375],"tintindex":0,"rotation":0,"texture":"#0"},"west":{"uv":[9.875,3.4375,9.9375,3.5],"tintindex":0,"rotation":0,"texture":"#0"},"up":{"uv":[7.1875,6.75,6.75,6.6875],"tintindex":0,"rotation":0,"texture":"#0"},"down":{"uv":[7.6875,7.1875,7.25,7.25],"tintindex":0,"rotation":0,"texture":"#0"}},"rotation":{"origin":[5.0,5.0,2.0],"angle":-22.5,"axis":"x"}},{"from":[9.0,3.9419398,6.494025],"to":[10.64,5.5819397,10.894025],"faces":{"east":{"uv":[6.3125,2.0,6.5625,2.125],"tintindex":0,"rotation":0,"texture":"#0"},"south":{"uv":[8.75,4.25,8.875,4.375],"tintindex":0,"rotation":0,"texture":"#0"},"north":{"uv":[6.9375,8.3125,7.0625,8.4375],"tintindex":0,"rotation":0,"texture":"#0"},"west":{"uv":[9.6875,3.5,9.9375,3.625],"tintindex":0,"rotation":0,"texture":"#0"},"up":{"uv":[8.5625,2.5625,8.4375,2.3125],"tintindex":0,"rotation":0,"texture":"#0"},"down":{"uv":[9.875,9.0,9.75,9.25],"tintindex":0,"rotation":0,"texture":"#0"}},"rotation":{"origin":[8.52,4.76194,10.974026],"angle":45.0,"axis":"x"}},{"from":[4.5200005,2.4002032,14.6286545],"to":[6.5200005,3.4002032,15.6286545],"faces":{"east":{"uv":[10.25,2.8125,10.3125,2.875],"tintindex":0,"rotation":0,"texture":"#0"},"south":{"uv":[3.6875,7.8125,3.8125,7.875],"tintindex":0,"rotation":0,"texture":"#0"},"north":{"uv":[7.6875,4.0625,7.8125,4.125],"tintindex":0,"rotation":0,"texture":"#0"},"west":{"uv":[10.25,2.875,10.3125,2.9375],"tintindex":0,"rotation":0,"texture":"#0"},"up":{"uv":[8.0,9.25,7.875,9.1875],"tintindex":0,"rotation":0,"texture":"#0"},"down":{"uv":[9.6875,9.5,9.5625,9.5625],"tintindex":0,"rotation":0,"texture":"#0"}}},{"from":[6.5200005,2.4002032,12.6286545],"to":[7.5200005,3.4002032,15.6286545],"faces":{"east":{"uv":[7.6875,10.1875,7.875,10.25],"tintindex":0,"rotation":0,"texture":"#0"},"south":{"uv":[10.25,3.125,10.3125,3.1875],"tintindex":0,"rotation":0,"texture":"#0"},"north":{"uv":[10.25,2.9375,10.3125,3.0],"tintindex":0,"rotation":0,"texture":"#0"},"west":{"uv":[7.875,10.1875,8.0625,10.25],"tintindex":0,"rotation":0,"texture":"#0"},"up":{"uv":[2.25,10.375,2.1875,10.1875],"tintindex":0,"rotation":0,"texture":"#0"},"down":{"uv":[3.625,10.1875,3.5625,10.375],"tintindex":0,"rotation":0,"texture":"#0"}}},{"from":[3.5,2.5,2.08],"to":[4.5,3.5,5.08],"faces":{"east":{"uv":[6.5625,8.25,6.75,8.3125],"tintindex":0,"rotation":0,"texture":"#0"},"south":{"uv":[9.8125,0.6875,9.875,0.75],"tintindex":0,"rotation":0,"texture":"#0"},"north":{"uv":[9.6875,8.4375,9.75,8.5],"tintindex":0,"rotation":0,"texture":"#0"},"west":{"uv":[8.5625,5.75,8.75,5.8125],"tintindex":0,"rotation":0,"texture":"#0"},"up":{"uv":[8.1875,2.5,8.125,2.3125],"tintindex":0,"rotation":0,"texture":"#0"},"down":{"uv":[8.3125,0.375,8.25,0.5625],"tintindex":0,"rotation":0,"texture":"#0"}}},{"from":[3.5,3.0,1.5],"to":[4.5,7.0,2.5],"faces":{"east":{"uv":[6.25,10.0625,6.3125,10.3125],"tintindex":0,"rotation":0,"texture":"#0"},"south":{"uv":[6.3125,10.0625,6.375,10.3125],"tintindex":0,"rotation":0,"texture":"#0"},"north":{"uv":[10.0,8.1875,10.0625,8.4375],"tintindex":0,"rotation":0,"texture":"#0"},"west":{"uv":[6.6875,10.0625,6.75,10.3125],"tintindex":0,"rotation":0,"texture":"#0"},"up":{"uv":[9.9375,5.125,9.875,5.0625],"tintindex":0,"rotation":0,"texture":"#0"},"down":{"uv":[10.3125,0.4375,10.25,0.5],"tintindex":0,"rotation":0,"texture":"#0"}},"rotation":{"origin":[4.0,5.0,2.0],"angle":-22.5,"axis":"x"}},{"from":[4.5200005,3.8316474,11.112299],"to":[5.5200005,4.831647,15.112299],"faces":{"east":{"uv":[9.1875,4.5,9.4375,4.5625],"tintindex":0,"rotation":0,"texture":"#0"},"south":{"uv":[10.25,3.5,10.3125,3.5625],"tintindex":0,"rotation":0,"texture":"#0"},"north":{"uv":[10.25,3.4375,10.3125,3.5],"tintindex":0,"rotation":0,"texture":"#0"},"west":{"uv":[9.5625,0.3125,9.8125,0.375],"tintindex":0,"rotation":0,"texture":"#0"},"up":{"uv":[8.5,10.3125,8.4375,10.0625],"tintindex":0,"rotation":0,"texture":"#0"},"down":{"uv":[8.9375,10.0625,8.875,10.3125],"tintindex":0,"rotation":0,"texture":"#0"}},"rotation":{"origin":[6.3199997,4.3316474,11.272299],"angle":22.5,"axis":"x"}},{"from":[6.4423532,5.74,-0.119999886],"to":[9.442353,8.74,0.8800001],"faces":{"east":{"uv":[2.125,8.625,2.1875,8.8125],"tintindex":0,"rotation":0,"texture":"#0"},"south":{"uv":[4.125,9.6875,4.3125,9.875],"tintindex":0,"rotation":0,"texture":"#0"},"north":{"uv":[8.875,6.375,9.0625,6.5625],"tintindex":0,"rotation":0,"texture":"#0"},"west":{"uv":[8.875,9.0,8.9375,9.1875],"tintindex":0,"rotation":0,"texture":"#0"},"up":{"uv":[9.5625,5.9375,9.375,5.875],"tintindex":0,"rotation":0,"texture":"#0"},"down":{"uv":[9.6875,2.4375,9.5,2.5],"tintindex":0,"rotation":0,"texture":"#0"}},"rotation":{"origin":[9.442353,5.74,4.88],"angle":-22.5,"axis":"x"}},{"from":[7.5,6.38,-4.04],"to":[8.5,7.38,0.8800001],"faces":{"east":{"uv":[2.5,6.25,2.8125,6.3125],"tintindex":0,"rotation":0,"texture":"#0"},"south":{"uv":[9.6875,6.75,9.75,6.8125],"tintindex":0,"rotation":0,"texture":"#0"},"north":{"uv":[6.0,9.625,6.0625,9.6875],"tintindex":0,"rotation":0,"texture":"#0"},"west":{"uv":[7.0625,2.5,7.375,2.5625],"tintindex":0,"rotation":0,"texture":"#0"},"up":{"uv":[5.0625,6.625,5.0,6.3125],"tintindex":0,"rotation":0,"texture":"#0"},"down":{"uv":[6.75,0.375,6.6875,0.6875],"tintindex":0,