{"textures":{"0":"modelengine:entity/enforcer"},"elements":[{"from":[6.5,1.7073593,9.803778],"to":[9.5,2.7073593,14.803778],"faces":{"east":{"uv":[8.4375,4.8125,8.75,4.875],"tintindex":0,"rotation":0,"texture":"#0"},"south":{"uv":[10.1875,0.0,10.375,0.0625],"tintindex":0,"rotation":0,"texture":"#0"},"north":{"uv":[10.125,10.1875,10.3125,10.25],"tintindex":0,"rotation":0,"texture":"#0"},"west":{"uv":[8.9375,8.875,9.25,8.9375],"tintindex":0,"rotation":0,"texture":"#0"},"up":{"uv":[3.625,9.625,3.4375,9.3125],"tintindex":0,"rotation":0,"texture":"#0"},"down":{"uv":[6.0625,9.3125,5.875,9.625],"tintindex":0,"rotation":0,"texture":"#0"}},"rotation":{"origin":[8.0,6.2073593,13.178778],"angle":22.5,"axis":"x"}},{"from":[5.4636583,-5.828083,-4.908249],"to":[10.463658,0.17191696,-3.6282501],"faces":{"east":{"uv":[4.8125,9.9375,4.875,10.3125],"tintindex":0,"rotation":0,"texture":"#0"},"south":{"uv":[1.8125,8.625,2.125,9.0],"tintindex":0,"rotation":0,"texture":"#0"},"north":{"uv":[2.5,5.875,2.8125,6.25],"tintindex":0,"rotation":0,"texture":"#0"},"west":{"uv":[4.875,9.9375,4.9375,10.3125],"tintindex":0,"rotation":0,"texture":"#0"},"up":{"uv":[7.375,3.6875,7.0625,3.625],"tintindex":0,"rotation":0,"texture":"#0"},"down":{"uv":[5.0,7.1875,4.6875,7.25],"tintindex":0,"rotation":0,"texture":"#0"}},"rotation":{"origin":[7.9636583,-5.828083,-3.908249],"angle":22.5,"axis":"x"}},{"from":[5.4636583,-9.445398,-4.8321285],"to":[10.463658,-5.4453964,-3.5521288],"faces":{"east":{"uv":[10.0625,7.9375,10.125,8.1875],"tintindex":0,"rotation":0,"texture":"#0"},"south":{"uv":[8.3125,9.0,8.625,9.25],"tintindex":0,"rotation":0,"texture":"#0"},"north":{"uv":[8.0,9.0,8.3125,9.25],"tintindex":0,"rotation":0,"texture":"#0"},"west":{"uv":[10.0625,8.1875,10.125,8.4375],"tintindex":0,"rotation":0,"texture":"#0"},"up":{"uv":[9.6875,3.625,9.375,3.5625],"tintindex":0,"rotation":0,"texture":"#0"},"down":{"uv":[10.25,6.0625,9.9375,6.125],"tintindex":0,"rotation":0,"texture":"#0"}}},{"from":[6.9636583,2.3368988,6.134589],"to":[8.963658,6.336899,8.13459],"faces":{"east":{"uv":[7.375,9.8125,7.5,10.0625],"tintindex":0,"rotation":0,"texture":"#0"},"south":{"uv":[7.5,9.8125,7.625,10.0625],"tintindex":0,"rotation":0,"texture":"#0"},"north":{"uv":[6.6875,9.8125,6.8125,10.0625],"tintindex":0,"rotation":0,"texture":"#0"},"west":{"uv":[8.375,9.8125,8.5,10.0625],"tintindex":0,"rotation":0,"texture":"#0"},"up":{"uv":[10.1875,3.0,10.0625,2.875],"tintindex":0,"rotation":0,"texture":"#0"},"down":{"uv":[10.1875,3.0,10.0625,3.125],"tintindex":0,"rotation":0,"texture":"#0"}},"rotation":{"origin":[6.4636583,-0.1631012,1.6345892],"angle":22.5,"axis":"x"}},{"from":[3.9636583,12.056004,13.53212],"to":[4.9636583,13.056004,17.53212],"faces":{"east":{"uv":[10.0,2.0625,10.25,2.125],"tintindex":0,"rotation":0,"texture":"#0"},"south":{"uv":[10.25,4.0,10.3125,4.0625],"tintindex":0,"rotation":0,"texture":"#0"},"north":{"uv":[10.25,3.9375,10.3125,4.0],"tintindex":0,"rotation":0,"texture":"#0"},"west":{"uv":[10.0,2.25,10.25,2.3125],"tintindex":0,"rotation":0,"texture":"#0"},"up":{"uv":[10.125,6.625,10.0625,6.375],"tintindex":0,"rotation":0,"texture":"#0"},"down":{"uv":[10.125,7.0,10.0625,7.25],"tintindex":0,"rotation":0,"texture":"#0"}},"rotation":{"origin":[7.9636583,13.0,14.0],"angle":-22.5,"axis":"x"}},{"from":[6.0,-0.2631035,0.60458946],"to":[10.0,16.736897,4.6045895],"faces":{"east":{"uv":[1.9375,6.625,2.1875,7.6875],"tintindex":0,"rotation":0,"texture":"#0"},"south":{"uv":[2.1875,6.625,2.4375,7.6875],"tintindex":0,"rotation":0,"texture":"#0"},"north":{"uv":[0.3125,6.0,0.5625,7.0625],"tintindex":0,"rotation":0,"texture":"#0"},"west":{"uv":[5.0,6.625,5.25,7.6875],"tintindex":0,"rotation":0,"texture":"#0"},"up":{"uv":[9.4375,4.5,9.1875,4.25],"tintindex":0,"rotation":0,"texture":"#0"},"down":{"uv":[4.5625,9.25,4.3125,9.5],"tintindex":0,"rotation":0,"texture":"#0"}},"rotation":{"origin":[7.5,5.2368965,0.10458946],"angle":22.5,"axis":"x"}},{"from":[10.963658,12.056004,13.53212],"to":[11.963657,13.056004,17.53212],"faces":{"east":{"uv":[10.0,3.125,10.25,3.1875],"tintindex":0,"rotation":0,"texture":"#0"},"south":{"uv":[10.25,4.375,10.3125,4.4375],"tintindex":0,"rotation":0,"texture":"#0"},"north":{"uv":[10.25,4.3125,10.3125,4.375],"tintindex":0,"rotation":0,"texture":"#0"},"west":{"uv":[10.0,4.5,10.25,4.5625],"tintindex":0,"rotation":0,"texture":"#0"},"up":{"uv":[10.125,7.5,10.0625,7.25],"tintindex":0,"rotation":0,"texture":"#0"},"down":{"uv":[10.125,7.5,10.0625,7.75],"tintindex":0,"rotation":0,"texture":"#0"}},"rotation":{"origin":[7.9636583,13.0,14.0],"angle":-22.5,"axis":"x"}},{"from":[5.5,-7.2631035,0.28458977],"to":[10.5,7.7368965,6.28459],"faces":{"east":{"uv":[2.8125,5.375,3.1875,6.3125],"tintindex":0,"rotation":0,"texture":"#0"},"south":{"uv":[4.375,6.3125,4.6875,7.25],"tintindex":0,"rotation":0,"texture":"#0"},"north":{"uv":[0.0,6.0,0.3125,6.9375],"tintindex":0,"rotation":0,"texture":"#0"},"west":{"uv":[0.5625,5.875,0.9375,6.8125],"tintindex":0,"rotation":0,"texture":"#0"},"up":{"uv":[8.3125,9.0,8.0,8.625],"tintindex":0,"rotation":0,"texture":"#0"},"down":{"uv":[8.625,8.625,8.3125,9.0],"tintindex":0,"rotation":0,"texture":"#0"}},"rotation":{"origin":[7.0,0.23689651,1.7845898],"angle":22.5,"axis":"x"}},{"from":[10.963658,11.948811,7.928986],"to":[11.963657,12.948811,13.928986],"faces":{"east":{"uv":[9.75,1.9375,10.125,2.0],"tintindex":0,"rotation":0,"texture":"#0"},"south":{"uv":[10.25,4.25,10.3125,4.3125],"tintindex":0,"rotation":0,"texture":"#0"},"north":{"uv":[10.25,4.1875,10.3125,4.25],"tintindex":0,"rotation":0,"texture":"#0"},"west":{"uv":[9.75,6.9375,10.125,7.0],"tintindex":0,"rotation":0,"texture":"#0"},"up":{"uv":[8.6875,10.3125,8.625,9.9375],"tintindex":0,"rotation":0,"texture":"#0"},"down":{"uv":[8.75,9.9375,8.6875,10.3125],"tintindex":0,"rotation":0,"texture":"#0"}}},{"from":[5.5,1.7073593,10.803778],"to":[6.5,10.707359,14.803778],"faces":{"east":{"uv":[8.0,6.9375,8.25,7.5],"tintindex":0,"rotation":0,"texture":"#0"},"south":{"uv":[3.5625,9.625,3.625,10.1875],"tintindex":0,"rotation":0,"texture":"#0"},"north":{"uv":[1.9375,9.625,2.0,10.1875],"tintindex":0,"rotation":0,"texture":"#0"},"west":{"uv":[2.4375,8.0625,2.6875,8.625],"tintindex":0,"rotation":0,"texture":"#0"},"up":{"uv":[9.25,10.3125,9.1875,10.0625],"tintindex":0,"rotation":0,"texture":"#0"},"down":{"uv":[10.125,3.4375,10.0625,3.6875],"tintindex":0,"rotation":0,"texture":"#0"}},"rotation":{"origin":[8.0,6.2073593,13.178778],"angle":22.5,"axis":"x"}},{"from":[6.9636583,-7.663101,6.134589],"to":[8.963658,-1.6631012,8.13459],"faces":{"east":{"uv":[6.8125,5.875,6.9375,6.25],"tintindex":0,"rotation":0,"texture":"#0"},"south":{"uv":[9.5625,9.5625,9.6875,9.9375],"tintindex":0,"rotation":0,"texture":"#0"},"north":{"uv":[3.5625,1.25,3.6875,1.625],"tintindex":0,"rotation":0,"texture":"#0"},"west":{"uv":[0.0,9.625,0.125,10.0],"tintindex":0,"rotation":0,"texture":"#0"},"up":{"uv":[10.1875,4.25,10.0625,4.125],"tintindex":0,"rotation":0,"texture":"#0"},"down":{"uv":[10.1875,4.25,10.0625,4.375],"tintindex":0,"rotation":0,"texture":"#0"}},"rotation":{"origin":[6.4636583,-0.1631012,1.6345892],"angle":22.5,"axis":"x"}},{"from":[6.5,9.707359,10.803778],"to":[9.5,10.707359,14.803778],"faces":{"east":{"uv":[9.5625,7.3125,9.8125,7.375],"tintindex":0,"rotation":0,"texture":"#0"},"south":{"uv":[10.1875,0.5625,10.375,0.625],"tintindex":0,"rotation":0,"texture":"#0"},"north":{"uv":[10.1875,0.0625,10.375,0.125],"tintindex":0,"rotation":0,"texture":"#0"},"west":{"uv":[9.625,4.9375,9.875,5.0],"tintindex":0,"rotation":0,"texture":"#0"},"up":{"uv":[9.75,1.3125,9.5625,1.0625],"tintindex":0,"rotation":0,"texture":"#0"},"down":{"uv":[9.75,1.75,9.5625,2.0],"tintindex":0,"rotation":0,"texture":"#0"}},"rotation":{"origin":[8.0,6.2073593,13.178778],"angle":22.5,"axis":"x"}},{"from":[4.4636583,-8.515186,-3.2011433],"to":[11.463657,-3.5151863,1.7988572],"faces":{"east":{"uv":[2.6875,8.8125,3.0,9.125],"tintindex":0,"rotation":0,"texture":"#0"},"south":{"uv":[8.4375,2.0,8.875,2.3125],