{"elements":[{"from":[7.142857,5.3260098,1.0043883],"to":[8.857143,5.897438,1.5758166],"rotation":{"angle":22.5,"axis":"x","origin":[8.0,5.925714,1.5714283]},"faces":{"east":{"uv":[7.75,9.125,7.6875,9.1875],"rotation":0,"texture":"#0","tintindex":0},"south":{"uv":[6.9375,6.625,6.75,6.6875],"rotation":0,"texture":"#0","tintindex":0},"north":{"uv":[1.25,5.3125,1.0625,5.375],"rotation":0,"texture":"#0","tintindex":0},"west":{"uv":[9.125,6.8125,9.0625,6.875],"rotation":0,"texture":"#0","tintindex":0},"up":{"uv":[6.875,3.125,7.0625,3.0625],"rotation":0,"texture":"#0","tintindex":0},"down":{"uv":[8.0,5.4375,8.1875,5.5],"rotation":0,"texture":"#0","tintindex":0}}},{"from":[6.857143,5.6571426,3.6571426],"to":[9.142858,7.3714285,8.228572],"rotation":{"angle":-22.5,"axis":"x","origin":[8.0,6.8,5.942857]},"faces":{"east":{"uv":[9.375,5.75,8.875,5.9375],"rotation":0,"texture":"#0","tintindex":0},"south":{"uv":[9.75,5.125,9.5,5.3125],"rotation":0,"texture":"#0","tintindex":0},"north":{"uv":[8.625,6.1875,8.375,6.375],"rotation":0,"texture":"#0","tintindex":0},"west":{"uv":[9.3125,2.625,8.8125,2.8125],"rotation":0,"texture":"#0","tintindex":0},"up":{"uv":[8.5625,2.8125,8.8125,2.3125],"rotation":0,"texture":"#0","tintindex":0},"down":{"uv":[8.5625,5.25,8.8125,5.75],"rotation":0,"texture":"#0","tintindex":0}}},{"from":[6.285714,4.8571424,3.4742856],"to":[9.714286,6.0,7.4742856],"rotation":{"angle":0.0,"axis":"y","origin":[7.714286,5.142857,4.3314285]},"faces":{"east":{"uv":[8.125,3.3125,7.6875,3.4375],"rotation":0,"texture":"#0","tintindex":0},"south":{"uv":[9.875,5.0,9.5,5.125],"rotation":0,"texture":"#0","tintindex":0},"north":{"uv":[9.875,3.9375,9.5,4.0625],"rotation":0,"texture":"#0","tintindex":0},"west":{"uv":[4.75,5.25,4.3125,5.375],"rotation":0,"texture":"#0","tintindex":0},"up":{"uv":[7.625,5.5,8.0,5.0625],"rotation":0,"texture":"#0","tintindex":0},"down":{"uv":[7.6875,0.9375,8.0625,1.375],"rotation":0,"texture":"#0","tintindex":0}}},{"from":[5.428571,4.8571424,4.6171427],"to":[6.0,5.428571,6.3314285],"rotation":{"angle":0.0,"axis":"y","origin":[8.0,5.142857,4.3314285]},"faces":{"east":{"uv":[9.5625,1.0625,9.375,1.125],"rotation":0,"texture":"#0","tintindex":0},"south":{"uv":[10.3125,1.75,10.25,1.8125],"rotation":0,"texture":"#0","tintindex":0},"north":{"uv":[10.3125,1.6875,10.25,1.75],"rotation":0,"texture":"#0","tintindex":0},"west":{"uv":[9.5,2.75,9.3125,2.8125],"rotation":0,"texture":"#0","tintindex":0},"up":{"uv":[4.125,8.6875,4.1875,8.5],"rotation":0,"texture":"#0","tintindex":0},"down":{"uv":[5.625,8.5,5.6875,8.6875],"rotation":0,"texture":"#0","tintindex":0}}},{"from":[5.428571,5.142857,4.285714],"to":[6.0,7.428571,4.8571424],"rotation":{"angle":-22.5,"axis":"x","origin":[5.714286,6.285714,4.5714283]},"faces":{"east":{"uv":[7.5625,10.0625,7.5,10.3125],"rotation":0,"texture":"#0","tintindex":0},"south":{"uv":[7.5,10.0625,7.4375,10.3125],"rotation":0,"texture":"#0","tintindex":0},"north":{"uv":[6.8125,10.0625,6.75,10.3125],"rotation":0,"texture":"#0","tintindex":0},"west":{"uv":[7.4375,10.0625,7.375,10.3125],"rotation":0,"texture":"#0","tintindex":0},"up":{"uv":[10.25,1.875,10.3125,1.8125],"rotation":0,"texture":"#0","tintindex":0},"down":{"uv":[10.25,1.875,10.3125,1.9375],"rotation":0,"texture":"#0","tintindex":0}}},{"from":[7.1757984,7.1989837,2.9214578],"to":[8.890084,8.341841,3.4928865],"rotation":{"angle":0.0,"axis":"y","origin":[7.1757984,7.1989837,5.7786007]},"faces":{"east":{"uv":[10.25,5.4375,10.1875,5.5625],"rotation":0,"texture":"#0","tintindex":0},"south":{"uv":[10.125,0.25,9.9375,0.375],"rotation":0,"texture":"#0","tintindex":0},"north":{"uv":[10.125,0.125,9.9375,0.25],"rotation":0,"texture":"#0","tintindex":0},"west":{"uv":[9.75,0.9375,9.6875,1.0625],"rotation":0,"texture":"#0","tintindex":0},"up":{"uv":[8.9375,10.25,9.125,10.1875],"rotation":0,"texture":"#0","tintindex":0},"down":{"uv":[9.9375,10.1875,10.125,10.25],"rotation":0,"texture":"#0","tintindex":0}}},{"from":[7.1757984,6.7085714,3.3599997],"to":[8.890084,8.422857,3.9314284],"rotation":{"angle":-22.5,"axis":"x","origin":[7.1757984,6.7085714,6.217143]},"faces":{"east":{"uv":[8.9375,9.0,8.875,9.1875],"rotation":0,"texture":"#0","tintindex":0},"south":{"uv":[4.3125,9.6875,4.125,9.875],"rotation":0,"texture":"#0","tintindex":0},"north":{"uv":[9.0625,6.375,8.875,6.5625],"rotation":0,"texture":"#0","tintindex":0},"west":{"uv":[2.1875,8.625,2.125,8.8125],"rotation":0,"texture":"#0","tintindex":0},"up":{"uv":[9.375,5.9375,9.5625,5.875],"rotation":0,"texture":"#0","tintindex":0},"down":{"uv":[9.5,2.4375,9.6875,2.5],"rotation":0,"texture":"#0","tintindex":0}}},{"from":[7.714286,7.0742855,1.1199999],"to":[8.285714,7.6457143,3.9314284],"rotation":{"angle":-22.5,"axis":"x","origin":[7.714286,7.0742855,6.217143]},"faces":{"east":{"uv":[7.375,2.5,7.0625,2.5625],"rotation":0,"texture":"#0","tintindex":0},"south":{"uv":[9.75,6.75,9.6875,6.8125],"rotation":0,"texture":"#0","tintindex":0},"north":{"uv":[6.0625,9.625,6.0,9.6875],"rotation":0,"texture":"#0","tintindex":0},"west":{"uv":[2.8125,6.25,2.5,6.3125],"rotation":0,"texture":"#0","tintindex":0},"up":{"uv":[5.0,6.625,5.0625,6.3125],"rotation":0,"texture":"#0","tintindex":0},"down":{"uv":[6.6875,0.375,6.75,0.6875],"rotation":0,"texture":"#0","tintindex":0}}},{"from":[7.142857,4.8571424,1.188571],"to":[8.857143,5.5199995,3.4742856],"rotation":{"angle":0.0,"axis":"y","origin":[8.0,5.142857,2.045714]},"faces":{"east":{"uv":[7.875,5.5,7.625,5.5625],"rotation":0,"texture":"#0","tintindex":0},"south":{"uv":[9.6875,6.625,9.5,6.6875],"rotation":0,"texture":"#0","tintindex":0},"north":{"uv":[9.6875,3.3125,9.5,3.375],"rotation":0,"texture":"#0","tintindex":0},"west":{"uv":[5.0625,5.875,4.8125,5.9375],"rotation":0,"texture":"#0","tintindex":0},"up":{"uv":[9.5,6.625,9.6875,6.375],"rotation":0,"texture":"#0","tintindex":0},"down":{"uv":[9.5,9.25,9.6875,9.5],"rotation":0,"texture":"#0","tintindex":0}}},{"from":[6.5714283,4.7545815,1.0043883],"to":[7.142857,7.0402956,1.5758166],"rotation":{"angle":22.5,"axis":"x","origin":[8.0,5.925714,1.5714283]},"faces":{"east":{"uv":[7.5625,8.4375,7.5,8.6875],"rotation":0,"texture":"#0","tintindex":0},"south":{"uv":[6.5625,8.4375,6.5,8.6875],"rotation":0,"texture":"#0","tintindex":0},"north":{"uv":[7.6875,7.25,7.625,7.5],"rotation":0,"texture":"#0","tintindex":0},"west":{"uv":[1.3125,8.4375,1.25,8.6875],"rotation":0,"texture":"#0","tintindex":0},"up":{"uv":[2.4375,6.6875,2.5,6.625],"rotation":0,"texture":"#0","tintindex":0},"down":{"uv":[7.1875,6.6875,7.25,6.75],"rotation":0,"texture":"#0","tintindex":0}}},{"from":[8.857143,4.7545815,1.0043883],"to":[9.428572,7.0402956,1.5758166],"rotation":{"angle":22.5,"axis":"x","origin":[8.0,5.925714,1.5714283]},"faces":{"east":{"uv":[10.0625,6.375,10.0,6.625],"rotation":0,"texture":"#0","tintindex":0},"south":{"uv":[9.0625,3.0625,9.0,3.3125],"rotation":0,"texture":"#0","tintindex":0},"north":{"uv":[8.75,3.875,8.6875,4.125],"rotation":0,"texture":"#0","tintindex":0},"west":{"uv":[6.9375,8.9375,6.875,9.1875],"rotation":0,"texture":"#0","tintindex":0},"up":{"uv":[3.25,9.3125,3.3125,9.25],"rotation":0,"texture":"#0","tintindex":0},"down":{"uv":[9.5,0.1875,9.5625,0.25],"rotation":0,"texture":"#0","tintindex":0}}},{"from":[6.4914284,5.6811085,7.139443],"to":[7.428571,6.6182513,9.6537285],"rotation":{"angle":45.0,"axis":"x","origin":[7.702857,6.1496797,9.699443]},"faces":{"east":{"uv":[9.9375,3.5,9.6875,3.625],"rotation":0,"texture":"#0","tintindex":0},"south":{"uv":[8.875,4.25,8.75,4.375],"rotation":0,"texture":"#0","tintindex":0},"north":{"uv":[7.0625,8.3125,6.9375,8.4375],"rotation":0,"texture":"#0","tintindex":0},"west":{"uv":[6.5625,2.0,6.3125,2.125],"rotation":0,"texture":"#0","tintindex":0},"up":{"uv":[8.4375,2.5625,8.5625,2.3125],"rotation":0,"texture":"#0","tintindex":0},"down":{"uv":[9.75,9.0,9.875,9.25],"rotation":0,"texture":"#0","tintindex":0}}},{"from":[6.285714,4.833177,8.909338],"to":[9.714286,6.547463,10.623624],"rotation":{"angle":45.0,"axis":"x",