{"textures":{"0":"modelengine:entity/enforcer"},"elements":[{"name":"cube","from":[6.8127832,-3.7091136,0.9930501],"to":[9.212784,-1.909112,6.39305],"rotation":{"angle":22.5,"axis":"x","origin":[8.012783,-2.5091133,4.59305]},"faces":{"down":{"uv":[7.8125,8.125,7.5625,8.6875],"rotation":0,"texture":"#0","tintindex":0},"east":{"uv":[3.6875,2.75,4.25,2.9375],"rotation":0,"texture":"#0","tintindex":0},"north":{"uv":[9.5,5.5,9.75,5.6875],"rotation":0,"texture":"#0","tintindex":0},"south":{"uv":[9.5,6.8125,9.75,7.0],"rotation":0,"texture":"#0","tintindex":0},"up":{"uv":[1.8125,8.6875,1.5625,8.125],"rotation":0,"texture":"#0","tintindex":0},"west":{"uv":[5.6875,5.1875,6.25,5.375],"rotation":0,"texture":"#0","tintindex":0}}},{"name":"cube","from":[7.378195,-1.397861,6.8807535],"to":[8.578196,2.2021391,8.080754],"rotation":{"angle":22.5,"axis":"x","origin":[7.0781946,3.102139,4.180753]},"faces":{"down":{"uv":[10.1875,4.25,10.0625,4.375],"rotation":0,"texture":"#0","tintindex":0},"east":{"uv":[6.8125,5.875,6.9375,6.25],"rotation":0,"texture":"#0","tintindex":0},"north":{"uv":[3.5625,1.25,3.6875,1.625],"rotation":0,"texture":"#0","tintindex":0},"south":{"uv":[9.5625,9.5625,9.6875,9.9375],"rotation":0,"texture":"#0","tintindex":0},"up":{"uv":[10.1875,4.25,10.0625,4.125],"rotation":0,"texture":"#0","tintindex":0},"west":{"uv":[0.0,9.625,0.125,10.0],"rotation":0,"texture":"#0","tintindex":0}}},{"name":"cube","from":[6.478195,-2.4672394,0.3007226],"to":[9.478195,-0.06723809,1.0687225],"rotation":{"angle":0.0,"axis":"x","origin":[7.978195,-2.4672394,0.9007225]},"faces":{"down":{"uv":[10.25,6.0625,9.9375,6.125],"rotation":0,"texture":"#0","tintindex":0},"east":{"uv":[10.0625,7.9375,10.125,8.1875],"rotation":0,"texture":"#0","tintindex":0},"north":{"uv":[8.0,9.0,8.3125,9.25],"rotation":0,"texture":"#0","tintindex":0},"south":{"uv":[8.3125,9.0,8.625,9.25],"rotation":0,"texture":"#0","tintindex":0},"up":{"uv":[9.6875,3.625,9.375,3.5625],"rotation":0,"texture":"#0","tintindex":0},"west":{"uv":[10.0625,8.1875,10.125,8.4375],"rotation":0,"texture":"#0","tintindex":0}}},{"name":"cube","from":[6.478195,-0.2968502,0.25505042],"to":[9.478195,3.30315,1.0230496],"rotation":{"angle":22.5,"axis":"x","origin":[7.978195,-0.2968502,0.8550503]},"faces":{"down":{"uv":[5.0,7.1875,4.6875,7.25],"rotation":0,"texture":"#0","tintindex":0},"east":{"uv":[4.8125,9.9375,4.875,10.3125],"rotation":0,"texture":"#0","tintindex":0},"north":{"uv":[2.5,5.875,2.8125,6.25],"rotation":0,"texture":"#0","tintindex":0},"south":{"uv":[1.8125,8.625,2.125,9.0],"rotation":0,"texture":"#0","tintindex":0},"up":{"uv":[7.375,3.6875,7.0625,3.625],"rotation":0,"texture":"#0","tintindex":0},"west":{"uv":[4.875,9.9375,4.9375,10.3125],"rotation":0,"texture":"#0","tintindex":0}}},{"name":"cube","from":[5.878195,-1.909112,1.2793138],"to":[10.078195,1.090888,4.279314],"rotation":{"angle":45.0,"axis":"x","origin":[8.278194,-0.40911222,3.3793142]},"faces":{"down":{"uv":[3.125,8.5,2.6875,8.8125],"rotation":0,"texture":"#0","tintindex":0},"east":{"uv":[2.6875,8.8125,3.0,9.125],"rotation":0,"texture":"#0","tintindex":0},"north":{"uv":[6.9375,8.4375,7.375,8.75],"rotation":0,"texture":"#0","tintindex":0},"south":{"uv":[8.4375,2.0,8.875,2.3125],"rotation":0,"texture":"#0","tintindex":0},"up":{"uv":[8.875,4.6875,8.4375,4.375],"rotation":0,"texture":"#0","tintindex":0},"west":{"uv":[3.0,8.8125,3.3125,9.125],"rotation":0,"texture":"#0","tintindex":0}}},{"name":"cube","from":[6.5,-1.1578627,3.3707538],"to":[9.5,7.842138,6.9707537],"rotation":{"angle":22.5,"axis":"x","origin":[7.4,3.3421378,4.270754]},"faces":{"down":{"uv":[8.625,8.625,8.3125,9.0],"rotation":0,"texture":"#0","tintindex":0},"east":{"uv":[2.8125,5.375,3.1875,6.3125],"rotation":0,"texture":"#0","tintindex":0},"north":{"uv":[0.0,6.0,0.3125,6.9375],"rotation":0,"texture":"#0","tintindex":0},"south":{"uv":[4.375,6.3125,4.6875,7.25],"rotation":0,"texture":"#0","tintindex":0},"up":{"uv":[8.3125,9.0,8.0,8.625],"rotation":0,"texture":"#0","tintindex":0},"west":{"uv":[0.5625,5.875,0.9375,6.8125],"rotation":0,"texture":"#0","tintindex":0}}},{"name":"cube","from":[6.8,3.0421376,3.5627534],"to":[9.2,13.242138,5.9627533],"rotation":{"angle":22.5,"axis":"x","origin":[7.7,6.342138,3.2627535]},"faces":{"down":{"uv":[4.5625,9.25,4.3125,9.5],"rotation":0,"texture":"#0","tintindex":0},"east":{"uv":[1.9375,6.625,2.1875,7.6875],"rotation":0,"texture":"#0","tintindex":0},"north":{"uv":[0.3125,6.0,0.5625,7.0625],"rotation":0,"texture":"#0","tintindex":0},"south":{"uv":[2.1875,6.625,2.4375,7.6875],"rotation":0,"texture":"#0","tintindex":0},"up":{"uv":[9.4375,4.5,9.1875,4.25],"rotation":0,"texture":"#0","tintindex":0},"west":{"uv":[5.0,6.625,5.25,7.6875],"rotation":0,"texture":"#0","tintindex":0}}},{"name":"cube","from":[7.378195,4.602139,6.8807535],"to":[8.578196,7.002139,8.080754],"rotation":{"angle":22.5,"axis":"x","origin":[7.0781946,3.102139,4.180753]},"faces":{"down":{"uv":[10.1875,3.0,10.0625,3.125],"rotation":0,"texture":"#0","tintindex":0},"east":{"uv":[7.375,9.8125,7.5,10.0625],"rotation":0,"texture":"#0","tintindex":0},"north":{"uv":[6.6875,9.8125,6.8125,10.0625],"rotation":0,"texture":"#0","tintindex":0},"south":{"uv":[7.5,9.8125,7.625,10.0625],"rotation":0,"texture":"#0","tintindex":0},"up":{"uv":[10.1875,3.0,10.0625,2.875],"rotation":0,"texture":"#0","tintindex":0},"west":{"uv":[8.375,9.8125,8.5,10.0625],"rotation":0,"texture":"#0","tintindex":0}}},{"name":"cube","from":[7.6901946,1.0021391,7.216754],"to":[8.2901945,5.8021393,7.816754],"rotation":{"angle":22.5,"axis":"x","origin":[6.7901945,3.102139,4.5167537]},"faces":{"down":{"uv":[10.3125,3.75,10.25,3.8125],"rotation":0,"texture":"#0","tintindex":0},"east":{"uv":[5.5625,9.8125,5.625,10.3125],"rotation":0,"texture":"#0","tintindex":0},"north":{"uv":[3.125,8.0,3.1875,8.5],"rotation":0,"texture":"#0","tintindex":0},"south":{"uv":[5.625,9.8125,5.6875,10.3125],"rotation":0,"texture":"#0","tintindex":0},"up":{"uv":[10.3125,3.75,10.25,3.6875],"rotation":0,"texture":"#0","tintindex":0},"west":{"uv":[6.5,9.8125,6.5625,10.3125],"rotation":0,"texture":"#0","tintindex":0}}},{"name":"cube","from":[5.8999996,5.290888,5.4793143],"to":[10.1,10.090889,10.279314],"rotation":{"angle":22.5,"axis":"x","origin":[8.3,7.390888,7.579314]},"faces":{"down":{"uv":[4.625,7.25,4.1875,7.75],"rotation":0,"texture":"#0","tintindex":0},"east":{"uv":[6.75,6.75,7.25,7.25],"rotation":0,"texture":"#0","tintindex":0},"north":{"uv":[1.5625,2.375,2.0,2.875],"rotation":0,"texture":"#0","tintindex":0},"south":{"uv":[7.1875,1.375,7.625,1.875],"rotation":0,"texture":"#0","tintindex":0},"up":{"uv":[7.625,5.5625,7.1875,5.0625],"rotation":0,"texture":"#0","tintindex":0},"west":{"uv":[6.75,0.375,7.25,0.875],"rotation":0,"texture":"#0","tintindex":0}}},{"name":"cube","from":[7.1,4.2244153,9.082267],"to":[8.9,4.824415,12.082267],"rotation":{"angle":22.5,"axis":"x","origin":[8.0,6.9244156,11.107267]},"faces":{"down":{"uv":[6.0625,9.3125,5.875,9.625],"rotation":0,"texture":"#0","tintindex":0},"east":{"uv":[8.4375,4.8125,8.75,4.875],"rotation":0,"texture":"#0","tintindex":0},"north":{"uv":[10.125,10.1875,10.3125,10.25],"rotation":0,"texture":"#0","tintindex":0},"south":{"uv":[10.1875,0.0,10.375,0.0625],"rotation":0,"texture":"#0","tintindex":0},"up":{"uv":[3.625,9.625,3.4375,9.3125],"rotation":0,"texture":"#0","tintindex":0},"west":{"uv":[8.9375,8.875,9.25,8.9375],"rotation":0,"texture":"#0","tintindex":0}}},{"name":"cube","from":[8.9,4.2244153,9.682266],"to":[9.5,9.624416,12.082267],"rotation":{"angle":22.5,"axis":"x","origin":[8.0,6.9244156,11.107267]},"faces":{"down":{"uv":[10.125,5.3125,10.0625,5.5625],"rotation":0,"texture":"#0","tintindex":0},"east":{"uv":[8.0625,0.5625,8.3125,1.125],"rotation":0,"texture":"#0","tintindex":0},"north":{"uv":[8.75,9.625,8.8125,10.1875],"rotation":0,"texture":"#0","tintindex":0},"south":{"uv":[1.625,9.6875,1.6875,10.25],"rotation":0,"texture":"#0","tintindex":0},"up":{"uv":[10.125,5.3125,10.0625,5.0625],"rotation":0,"texture":"#0",