{"elements":[{"from":[6.5921955,7.848806,6.0755076],"to":[10.5921955,10.134521,8.361222],"rotation":{"angle":45.0,"axis":"x","origin":[5.449338,7.277377,6.0755076]},"faces":{"east":{"uv":[5.625,9.25,5.875,9.5],"rotation":0,"texture":"#0","tintindex":0},"south":{"uv":[8.625,8.25,9.0625,8.5],"rotation":0,"texture":"#0","tintindex":0},"north":{"uv":[6.75,1.375,7.1875,1.625],"rotation":0,"texture":"#0","tintindex":0},"west":{"uv":[6.0625,9.25,6.3125,9.5],"rotation":0,"texture":"#0","tintindex":0},"up":{"uv":[1.6875,8.9375,1.25,8.6875],"rotation":0,"texture":"#0","tintindex":0},"down":{"uv":[4.5625,8.6875,4.125,8.9375],"rotation":0,"texture":"#0","tintindex":0}}}],"textures":{"0":"modelengine:entity/enforcer"},"display":{"head":{"translation":[0.0,-6.4,0.0],"scale":[4.0,4.0,4.0]}}}