{"textures":{"0":"modelengine:entity/enforcer"},"elements":[{"from":[6.638695,-0.5940819,8.745777],"to":[9.318695,10.405918,12.4257765],"faces":{"east":{"uv":[7.5625,7.75,7.3125,8.4375],"tintindex":0,"rotation":0,"texture":"#0"},"south":{"uv":[6.5,8.4375,6.3125,9.125],"tintindex":0,"rotation":0,"texture":"#0"},"north":{"uv":[8.0,8.125,7.8125,8.8125],"tintindex":0,"rotation":0,"texture":"#0"},"west":{"uv":[7.3125,7.75,7.0625,8.4375],"tintindex":0,"rotation":0,"texture":"#0"},"up":{"uv":[8.875,9.8125,9.0625,9.5625],"tintindex":0,"rotation":0,"texture":"#0"},"down":{"uv":[9.0625,9.5625,9.25,9.8125],"tintindex":0,"rotation":0,"texture":"#0"}},"rotation":{"origin":[7.978695,1.9059181,10.745777],"angle":-22.5,"axis":"x"}}],"display":{"gui":{"rotation":[30,225,0]}}}