{"elements":[{"from":[7.24646,3.089096,8.426158],"to":[8.777888,9.374811,10.529016],"rotation":{"angle":-22.5,"axis":"x","origin":[8.012175,4.517668,9.5690155]},"faces":{"east":{"uv":[7.0625,7.75,7.3125,8.4375],"rotation":0,"texture":"#0","tintindex":0},"south":{"uv":[6.3125,8.4375,6.5,9.125],"rotation":0,"texture":"#0","tintindex":0},"north":{"uv":[7.8125,8.125,8.0,8.8125],"rotation":0,"texture":"#0","tintindex":0},"west":{"uv":[7.3125,7.75,7.5625,8.4375],"rotation":0,"texture":"#0","tintindex":0},"up":{"uv":[9.0625,9.8125,8.875,9.5625],"rotation":0,"texture":"#0","tintindex":0},"down":{"uv":[9.25,9.5625,9.0625,9.8125],"rotation":0,"texture":"#0","tintindex":0}}}],"textures":{"0":"modelengine:entity/enforcer"},"display":{"head":{"translation":[0.0,-6.4,0.0],"scale":[4.0,4.0,4.0]}}}