{"elements":[{"from":[6.503603,-3.325715,7.1543],"to":[7.440746,-2.3885717,9.668586],"rotation":{"angle":45.0,"axis":"x","origin":[7.7150316,-2.8571434,9.7143]},"faces":{"east":{"uv":[9.6875,7.8125,9.9375,7.9375],"rotation":0,"texture":"#0","tintindex":0},"south":{"uv":[7.375,9.375,7.5,9.5],"rotation":0,"texture":"#0","tintindex":0},"north":{"uv":[8.9375,7.5,9.0625,7.625],"rotation":0,"texture":"#0","tintindex":0},"west":{"uv":[9.75,3.6875,10.0,3.8125],"rotation":0,"texture":"#0","tintindex":0},"up":{"uv":[4.4375,10.0625,4.3125,9.8125],"rotation":0,"texture":"#0","tintindex":0},"down":{"uv":[4.5625,9.8125,4.4375,10.0625],"rotation":0,"texture":"#0","tintindex":0}}},{"from":[7.1550317,8.935577,8.055086],"to":[8.869317,10.078434,10.912229],"rotation":{"angle":-22.5,"axis":"x","origin":[8.012175,9.79272,9.769371]},"faces":{"east":{"uv":[0.0,6.9375,0.3125,7.0625],"rotation":0,"texture":"#0","tintindex":0},"south":{"uv":[9.9375,9.9375,10.125,10.0625],"rotation":0,"texture":"#0","tintindex":0},"north":{"uv":[6.1875,9.9375,6.375,10.0625],"rotation":0,"texture":"#0","tintindex":0},"west":{"uv":[9.625,2.125,9.9375,2.25],"rotation":0,"texture":"#0","tintindex":0},"up":{"uv":[7.875,4.4375,7.6875,4.125],"rotation":0,"texture":"#0","tintindex":0},"down":{"uv":[3.4375,9.3125,3.25,9.625],"rotation":0,"texture":"#0","tintindex":0}}},{"from":[6.869317,6.6273775,7.848054],"to":[9.155031,8.913092,11.276626],"rotation":{"angle":-45.0,"axis":"x","origin":[8.012175,7.7702346,9.56234]},"faces":{"east":{"uv":[8.6875,0.875,9.0625,1.125],"rotation":0,"texture":"#0","tintindex":0},"south":{"uv":[9.1875,2.0,9.4375,2.25],"rotation":0,"texture":"#0","tintindex":0},"north":{"uv":[8.1875,4.375,8.4375,4.625],"rotation":0,"texture":"#0","tintindex":0},"west":{"uv":[8.75,6.875,9.125,7.125],"rotation":0,"texture":"#0","tintindex":0},"up":{"uv":[8.0,9.1875,7.75,8.8125],"rotation":0,"texture":"#0","tintindex":0},"down":{"uv":[6.3125,8.875,6.0625,9.25],"rotation":0,"texture":"#0","tintindex":0}}},{"from":[6.012376,5.9667525,9.550911],"to":[10.012377,8.823895,12.408054],"rotation":{"angle":0.0,"axis":"y","origin":[8.012376,7.395324,10.979483]},"faces":{"east":{"uv":[3.3125,8.8125,3.625,9.125],"rotation":0,"texture":"#0","tintindex":0},"south":{"uv":[3.5625,8.5,4.0,8.8125],"rotation":0,"texture":"#0","tintindex":0},"north":{"uv":[3.125,8.5,3.5625,8.8125],"rotation":0,"texture":"#0","tintindex":0},"west":{"uv":[3.625,8.8125,3.9375,9.125],"rotation":0,"texture":"#0","tintindex":0},"up":{"uv":[5.625,8.8125,5.1875,8.5],"rotation":0,"texture":"#0","tintindex":0},"down":{"uv":[9.0,1.375,8.5625,1.6875],"rotation":0,"texture":"#0","tintindex":0}}},{"from":[7.440746,6.856713,12.986263],"to":[8.583603,9.142427,14.12912],"rotation":{"angle":45.0,"axis":"x","origin":[6.583603,8.856713,12.700548]},"faces":{"east":{"uv":[5.1875,9.8125,5.3125,10.0625],"rotation":0,"texture":"#0","tintindex":0},"south":{"uv":[5.3125,9.8125,5.4375,10.0625],"rotation":0,"texture":"#0","tintindex":0},"north":{"uv":[4.5625,9.8125,4.6875,10.0625],"rotation":0,"texture":"#0","tintindex":0},"west":{"uv":[5.4375,9.8125,5.5625,10.0625],"rotation":0,"texture":"#0","tintindex":0},"up":{"uv":[10.125,3.8125,10.0,3.6875],"rotation":0,"texture":"#0","tintindex":0},"down":{"uv":[10.125,9.3125,10.0,9.4375],"rotation":0,"texture":"#0","tintindex":0}}},{"from":[6.880746,4.665734,12.9984455],"to":[9.16646,9.808591,14.141303],"rotation":{"angle":0.0,"axis":"y","origin":[6.5950313,10.094305,12.712732]},"faces":{"east":{"uv":[6.75,8.9375,6.875,9.5],"rotation":0,"texture":"#0","tintindex":0},"south":{"uv":[8.0,6.375,8.25,6.9375],"rotation":0,"texture":"#0","tintindex":0},"north":{"uv":[8.0,0.0,8.25,0.5625],"rotation":0,"texture":"#0","tintindex":0},"west":{"uv":[0.625,9.125,0.75,9.6875],"rotation":0,"texture":"#0","tintindex":0},"up":{"uv":[6.25,9.9375,6.0,9.8125],"rotation":0,"texture":"#0","tintindex":0},"down":{"uv":[6.5,9.8125,6.25,9.9375],"rotation":0,"texture":"#0","tintindex":0}}},{"from":[6.583603,4.3881416,9.16912],"to":[9.440746,6.673856,12.026263],"rotation":{"angle":22.5,"axis":"x","origin":[8.012175,5.5309987,10.597692]},"faces":{"east":{"uv":[8.9375,0.0,9.25,0.25],"rotation":0,"texture":"#0","tintindex":0},"south":{"uv":[8.9375,8.625,9.25,8.875],"rotation":0,"texture":"#0","tintindex":0},"north":{"uv":[8.9375,8.9375,9.25,9.1875],"rotation":0,"texture":"#0","tintindex":0},"west":{"uv":[1.8125,9.0,2.125,9.25],"rotation":0,"texture":"#0","tintindex":0},"up":{"uv":[9.0625,6.875,8.75,6.5625],"rotation":0,"texture":"#0","tintindex":0},"down":{"uv":[9.0625,7.625,8.75,7.9375],"rotation":0,"texture":"#0","tintindex":0}}},{"from":[7.1550317,4.7760344,7.2034283],"to":[8.869317,5.9188914,8.917714],"rotation":{"angle":22.5,"axis":"x","origin":[8.583603,-0.3668232,6.917714]},"faces":{"east":{"uv":[9.875,9.625,10.0625,9.75],"rotation":0,"texture":"#0","tintindex":0},"south":{"uv":[9.875,9.75,10.0625,9.875],"rotation":0,"texture":"#0","tintindex":0},"north":{"uv":[6.5,4.0625,6.6875,4.1875],"rotation":0,"texture":"#0","tintindex":0},"west":{"uv":[6.0,9.9375,6.1875,10.0625],"rotation":0,"texture":"#0","tintindex":0},"up":{"uv":[8.375,6.0,8.1875,5.8125],"rotation":0,"texture":"#0","tintindex":0},"down":{"uv":[8.5625,5.25,8.375,5.4375],"rotation":0,"texture":"#0","tintindex":0}}},{"from":[6.869317,1.918891,6.632],"to":[9.155031,4.7760344,9.489143],"rotation":{"angle":22.5,"axis":"x","origin":[8.297889,-0.3668232,6.917714]},"faces":{"east":{"uv":[8.75,3.3125,9.0625,3.625],"rotation":0,"texture":"#0","tintindex":0},"south":{"uv":[4.3125,8.9375,4.5625,9.25],"rotation":0,"texture":"#0","tintindex":0},"north":{"uv":[7.1875,5.5625,7.4375,5.875],"rotation":0,"texture":"#0","tintindex":0},"west":{"uv":[8.75,4.8125,9.0625,5.125],"rotation":0,"texture":"#0","tintindex":0},"up":{"uv":[5.875,9.25,5.625,8.9375],"rotation":0,"texture":"#0","tintindex":0},"down":{"uv":[6.75,8.9375,6.5,9.25],"rotation":0,"texture":"#0","tintindex":0}}},{"from":[7.440746,4.2960343,10.8148575],"to":[8.583603,5.4388914,11.957714],"rotation":{"angle":22.5,"axis":"x","origin":[8.297889,-0.45825195,11.100572]},"faces":{"east":{"uv":[9.0625,10.0625,9.1875,10.1875],"rotation":0,"texture":"#0","tintindex":0},"south":{"uv":[9.9375,10.0625,10.0625,10.1875],"rotation":0,"texture":"#0","tintindex":0},"north":{"uv":[8.9375,10.0625,9.0625,10.1875],"rotation":0,"texture":"#0","tintindex":0},"west":{"uv":[10.0625,10.0625,10.1875,10.1875],"rotation":0,"texture":"#0","tintindex":0},"up":{"uv":[10.1875,0.125,10.0625,0.0],"rotation":0,"texture":"#0","tintindex":0},"down":{"uv":[10.1875,0.5625,10.0625,0.6875],"rotation":0,"texture":"#0","tintindex":0}}},{"from":[7.72646,0.7760339,11.112],"to":[8.297889,4.204606,11.683429],"rotation":{"angle":22.5,"axis":"x","origin":[8.583603,-0.45825195,11.397715]},"faces":{"east":{"uv":[8.0,0.5625,8.0625,0.9375],"rotation":0,"texture":"#0","tintindex":0},"south":{"uv":[0.4375,9.9375,0.5,10.3125],"rotation":0,"texture":"#0","tintindex":0},"north":{"uv":[7.5625,7.75,7.625,8.125],"rotation":0,"texture":"#0","tintindex":0},"west":{"uv":[0.5,9.9375,0.5625,10.3125],"rotation":0,"texture":"#0","tintindex":0},"up":{"uv":[10.3125,3.625,10.25,3.5625],"rotation":0,"texture":"#0","tintindex":0},"down":{"uv":[10.3125,3.625,10.25,3.6875],"rotation":0,"texture":"#0","tintindex":0}}},{"from":[7.440746,-2.743966,10.8148575],"to":[8.583603,1.2560339,11.957714],"rotation":{"angle":22.5,"axis":"x","origin":[8.297889,-0.45825195,11.100572]},"faces":{"east":{"uv":[1.8125,7.1875,1.9375,7.625],"rotation":0,"texture":"#0","tintindex":0},"south":{"uv":[2.8125,7.5625,2.9375,8.0],"rotation":0,"texture":"#0","tintindex":0},"north":{"uv":[4.375,0.0,4.5,0.4375],"rotation":0,"texture":"#0","tintindex":0},"west":{"uv":[2.6875,8.0625,2.8125,8.5],"rotation":0,"texture":"#0","tintindex":0},"up":{"uv":[10.1875,2.75,10.0625,2.625],"rotation":0,"texture":"#0","tintindex":0},"down":{"uv":[10.1875,2.75,10.0625,2.875],"rotation":0,"texture":"#0","tintindex":0}}},{"from":[7.1550317,-1.6011086,6.814857],