{"textures":{"0":"modelengine:entity/enforcer"},"elements":[{"name":"cube","from":[6.787217,-3.7091136,0.9930501],"to":[9.187217,-1.909112,6.39305],"rotation":{"angle":22.5,"axis":"x","origin":[7.987217,-2.5091133,4.59305]},"faces":{"down":{"uv":[7.5625,8.125,7.8125,8.6875],"rotation":0,"texture":"#0","tintindex":0},"east":{"uv":[6.25,5.1875,5.6875,5.375],"rotation":0,"texture":"#0","tintindex":0},"north":{"uv":[9.75,5.5,9.5,5.6875],"rotation":0,"texture":"#0","tintindex":0},"south":{"uv":[9.75,6.8125,9.5,7.0],"rotation":0,"texture":"#0","tintindex":0},"up":{"uv":[1.5625,8.6875,1.8125,8.125],"rotation":0,"texture":"#0","tintindex":0},"west":{"uv":[4.25,2.75,3.6875,2.9375],"rotation":0,"texture":"#0","tintindex":0}}},{"name":"cube","from":[7.421805,-1.397861,6.8807535],"to":[8.621805,2.2021391,8.080754],"rotation":{"angle":22.5,"axis":"x","origin":[8.921804,3.102139,4.180753]},"faces":{"down":{"uv":[10.0625,4.25,10.1875,4.375],"rotation":0,"texture":"#0","tintindex":0},"east":{"uv":[0.125,9.625,0.0,10.0],"rotation":0,"texture":"#0","tintindex":0},"north":{"uv":[3.6875,1.25,3.5625,1.625],"rotation":0,"texture":"#0","tintindex":0},"south":{"uv":[9.6875,9.5625,9.5625,9.9375],"rotation":0,"texture":"#0","tintindex":0},"up":{"uv":[10.0625,4.25,10.1875,4.125],"rotation":0,"texture":"#0","tintindex":0},"west":{"uv":[6.9375,5.875,6.8125,6.25],"rotation":0,"texture":"#0","tintindex":0}}},{"name":"cube","from":[6.521805,-2.4672394,0.3007226],"to":[9.521805,-0.06723809,1.0687225],"rotation":{"angle":0.0,"axis":"x","origin":[8.021805,-2.4672394,0.9007225]},"faces":{"down":{"uv":[9.9375,6.0625,10.25,6.125],"rotation":0,"texture":"#0","tintindex":0},"east":{"uv":[10.125,8.1875,10.0625,8.4375],"rotation":0,"texture":"#0","tintindex":0},"north":{"uv":[8.3125,9.0,8.0,9.25],"rotation":0,"texture":"#0","tintindex":0},"south":{"uv":[8.625,9.0,8.3125,9.25],"rotation":0,"texture":"#0","tintindex":0},"up":{"uv":[9.375,3.625,9.6875,3.5625],"rotation":0,"texture":"#0","tintindex":0},"west":{"uv":[10.125,7.9375,10.0625,8.1875],"rotation":0,"texture":"#0","tintindex":0}}},{"name":"cube","from":[6.521805,-0.2968502,0.25505042],"to":[9.521805,3.30315,1.0230496],"rotation":{"angle":22.5,"axis":"x","origin":[8.021805,-0.2968502,0.8550503]},"faces":{"down":{"uv":[4.6875,7.1875,5.0,7.25],"rotation":0,"texture":"#0","tintindex":0},"east":{"uv":[4.9375,9.9375,4.875,10.3125],"rotation":0,"texture":"#0","tintindex":0},"north":{"uv":[2.8125,5.875,2.5,6.25],"rotation":0,"texture":"#0","tintindex":0},"south":{"uv":[2.125,8.625,1.8125,9.0],"rotation":0,"texture":"#0","tintindex":0},"up":{"uv":[7.0625,3.6875,7.375,3.625],"rotation":0,"texture":"#0","tintindex":0},"west":{"uv":[4.875,9.9375,4.8125,10.3125],"rotation":0,"texture":"#0","tintindex":0}}},{"name":"cube","from":[5.9218054,-1.909112,1.2793138],"to":[10.121805,1.090888,4.279314],"rotation":{"angle":45.0,"axis":"x","origin":[7.721805,-0.40911222,3.3793142]},"faces":{"down":{"uv":[2.6875,8.5,3.125,8.8125],"rotation":0,"texture":"#0","tintindex":0},"east":{"uv":[3.3125,8.8125,3.0,9.125],"rotation":0,"texture":"#0","tintindex":0},"north":{"uv":[7.375,8.4375,6.9375,8.75],"rotation":0,"texture":"#0","tintindex":0},"south":{"uv":[8.875,2.0,8.4375,2.3125],"rotation":0,"texture":"#0","tintindex":0},"up":{"uv":[8.4375,4.6875,8.875,4.375],"rotation":0,"texture":"#0","tintindex":0},"west":{"uv":[3.0,8.8125,2.6875,9.125],"rotation":0,"texture":"#0","tintindex":0}}},{"name":"cube","from":[6.5,-1.1578627,3.3707538],"to":[9.5,7.842138,6.9707537],"rotation":{"angle":22.5,"axis":"x","origin":[8.6,3.3421378,4.270754]},"faces":{"down":{"uv":[8.3125,8.625,8.625,9.0],"rotation":0,"texture":"#0","tintindex":0},"east":{"uv":[0.9375,5.875,0.5625,6.8125],"rotation":0,"texture":"#0","tintindex":0},"north":{"uv":[0.3125,6.0,0.0,6.9375],"rotation":0,"texture":"#0","tintindex":0},"south":{"uv":[4.6875,6.3125,4.375,7.25],"rotation":0,"texture":"#0","tintindex":0},"up":{"uv":[8.0,9.0,8.3125,8.625],"rotation":0,"texture":"#0","tintindex":0},"west":{"uv":[3.1875,5.375,2.8125,6.3125],"rotation":0,"texture":"#0","tintindex":0}}},{"name":"cube","from":[6.8,3.0421376,3.5627534],"to":[9.2,13.242138,5.9627533],"rotation":{"angle":22.5,"axis":"x","origin":[8.3,6.342138,3.2627535]},"faces":{"down":{"uv":[4.3125,9.25,4.5625,9.5],"rotation":0,"texture":"#0","tintindex":0},"east":{"uv":[5.25,6.625,5.0,7.6875],"rotation":0,"texture":"#0","tintindex":0},"north":{"uv":[0.5625,6.0,0.3125,7.0625],"rotation":0,"texture":"#0","tintindex":0},"south":{"uv":[2.4375,6.625,2.1875,7.6875],"rotation":0,"texture":"#0","tintindex":0},"up":{"uv":[9.1875,4.5,9.4375,4.25],"rotation":0,"texture":"#0","tintindex":0},"west":{"uv":[2.1875,6.625,1.9375,7.6875],"rotation":0,"texture":"#0","tintindex":0}}},{"name":"cube","from":[7.421805,4.602139,6.8807535],"to":[8.621805,7.002139,8.080754],"rotation":{"angle":22.5,"axis":"x","origin":[8.921804,3.102139,4.180753]},"faces":{"down":{"uv":[10.0625,3.0,10.1875,3.125],"rotation":0,"texture":"#0","tintindex":0},"east":{"uv":[8.5,9.8125,8.375,10.0625],"rotation":0,"texture":"#0","tintindex":0},"north":{"uv":[6.8125,9.8125,6.6875,10.0625],"rotation":0,"texture":"#0","tintindex":0},"south":{"uv":[7.625,9.8125,7.5,10.0625],"rotation":0,"texture":"#0","tintindex":0},"up":{"uv":[10.0625,3.0,10.1875,2.875],"rotation":0,"texture":"#0","tintindex":0},"west":{"uv":[7.5,9.8125,7.375,10.0625],"rotation":0,"texture":"#0","tintindex":0}}},{"name":"cube","from":[7.7098055,1.0021391,7.216754],"to":[8.309805,5.8021393,7.816754],"rotation":{"angle":22.5,"axis":"x","origin":[9.2098055,3.102139,4.5167537]},"faces":{"down":{"uv":[10.25,3.75,10.3125,3.8125],"rotation":0,"texture":"#0","tintindex":0},"east":{"uv":[6.5625,9.8125,6.5,10.3125],"rotation":0,"texture":"#0","tintindex":0},"north":{"uv":[3.1875,8.0,3.125,8.5],"rotation":0,"texture":"#0","tintindex":0},"south":{"uv":[5.6875,9.8125,5.625,10.3125],"rotation":0,"texture":"#0","tintindex":0},"up":{"uv":[10.25,3.75,10.3125,3.6875],"rotation":0,"texture":"#0","tintindex":0},"west":{"uv":[5.625,9.8125,5.5625,10.3125],"rotation":0,"texture":"#0","tintindex":0}}},{"name":"cube","from":[5.8999996,5.290888,5.4793143],"to":[10.1,10.090889,10.279314],"rotation":{"angle":22.5,"axis":"x","origin":[7.7,7.390888,7.579314]},"faces":{"down":{"uv":[4.1875,7.25,4.625,7.75],"rotation":0,"texture":"#0","tintindex":0},"east":{"uv":[7.25,0.375,6.75,0.875],"rotation":0,"texture":"#0","tintindex":0},"north":{"uv":[2.0,2.375,1.5625,2.875],"rotation":0,"texture":"#0","tintindex":0},"south":{"uv":[7.625,1.375,7.1875,1.875],"rotation":0,"texture":"#0","tintindex":0},"up":{"uv":[7.1875,5.5625,7.625,5.0625],"rotation":0,"texture":"#0","tintindex":0},"west":{"uv":[7.25,6.75,6.75,7.25],"rotation":0,"texture":"#0","tintindex":0}}},{"name":"cube","from":[7.1,4.2244153,9.082267],"to":[8.9,4.824415,12.082267],"rotation":{"angle":22.5,"axis":"x","origin":[8.0,6.9244156,11.107267]},"faces":{"down":{"uv":[5.875,9.3125,6.0625,9.625],"rotation":0,"texture":"#0","tintindex":0},"east":{"uv":[9.25,8.875,8.9375,8.9375],"rotation":0,"texture":"#0","tintindex":0},"north":{"uv":[10.3125,10.1875,10.125,10.25],"rotation":0,"texture":"#0","tintindex":0},"south":{"uv":[10.375,0.0,10.1875,0.0625],"rotation":0,"texture":"#0","tintindex":0},"up":{"uv":[3.4375,9.625,3.625,9.3125],"rotation":0,"texture":"#0","tintindex":0},"west":{"uv":[8.75,4.8125,8.4375,4.875],"rotation":0,"texture":"#0","tintindex":0}}},{"name":"cube","from":[6.5,4.2244153,9.682266],"to":[7.1,9.624416,12.082267],"rotation":{"angle":22.5,"axis":"x","origin":[8.0,6.9244156,11.107267]},"faces":{"down":{"uv":[10.0625,5.3125,10.125,5.5625],"rotation":0,"texture":"#0","tintindex":0},"east":{"uv":[1.5625,8.125,1.3125,8.6875],"rotation":0,"texture":"#0","tintindex":0},"north":{"uv":[8.8125,9.625,8.75,10.1875],"rotation":0,"texture":"#0","tintindex":0},"south":{"uv":[1.6875,9.6875,1.625,10.25],"rotation":0,"texture":"#0","tintindex":0},"up":{"uv":[10.0625,5.3125,10.125,5.0625],"rotation":0,"texture":"#0","tintindex":0},