{"elements":[{"from":[8.559255,-3.325715,7.1543],"to":[9.496397,-2.3885717,9.668586],"rotation":{"angle":45.0,"axis":"x","origin":[8.284968,-2.8571434,9.7143]},"faces":{"east":{"uv":[10.0,3.6875,9.75,3.8125],"rotation":0,"texture":"#0","tintindex":0},"south":{"uv":[7.5,9.375,7.375,9.5],"rotation":0,"texture":"#0","tintindex":0},"north":{"uv":[9.0625,7.5,8.9375,7.625],"rotation":0,"texture":"#0","tintindex":0},"west":{"uv":[9.9375,7.8125,9.6875,7.9375],"rotation":0,"texture":"#0","tintindex":0},"up":{"uv":[4.3125,10.0625,4.4375,9.8125],"rotation":0,"texture":"#0","tintindex":0},"down":{"uv":[4.4375,9.8125,4.5625,10.0625],"rotation":0,"texture":"#0","tintindex":0}}},{"from":[7.130683,8.935577,8.055086],"to":[8.844969,10.078434,10.912229],"rotation":{"angle":-22.5,"axis":"x","origin":[7.9878254,9.79272,9.769371]},"faces":{"east":{"uv":[9.9375,2.125,9.625,2.25],"rotation":0,"texture":"#0","tintindex":0},"south":{"uv":[10.125,9.9375,9.9375,10.0625],"rotation":0,"texture":"#0","tintindex":0},"north":{"uv":[6.375,9.9375,6.1875,10.0625],"rotation":0,"texture":"#0","tintindex":0},"west":{"uv":[0.3125,6.9375,0.0,7.0625],"rotation":0,"texture":"#0","tintindex":0},"up":{"uv":[7.6875,4.4375,7.875,4.125],"rotation":0,"texture":"#0","tintindex":0},"down":{"uv":[3.25,9.3125,3.4375,9.625],"rotation":0,"texture":"#0","tintindex":0}}},{"from":[6.8449683,6.6273775,7.848054],"to":[9.130683,8.913092,11.276626],"rotation":{"angle":-45.0,"axis":"x","origin":[7.9878254,7.7702346,9.56234]},"faces":{"east":{"uv":[9.125,6.875,8.75,7.125],"rotation":0,"texture":"#0","tintindex":0},"south":{"uv":[9.4375,2.0,9.1875,2.25],"rotation":0,"texture":"#0","tintindex":0},"north":{"uv":[8.4375,4.375,8.1875,4.625],"rotation":0,"texture":"#0","tintindex":0},"west":{"uv":[9.0625,0.875,8.6875,1.125],"rotation":0,"texture":"#0","tintindex":0},"up":{"uv":[7.75,9.1875,8.0,8.8125],"rotation":0,"texture":"#0","tintindex":0},"down":{"uv":[6.0625,8.875,6.3125,9.25],"rotation":0,"texture":"#0","tintindex":0}}},{"from":[5.9876237,5.9667525,9.550911],"to":[9.987624,8.823895,12.408054],"rotation":{"angle":0.0,"axis":"y","origin":[7.987624,7.395324,10.979483]},"faces":{"east":{"uv":[3.9375,8.8125,3.625,9.125],"rotation":0,"texture":"#0","tintindex":0},"south":{"uv":[4.0,8.5,3.5625,8.8125],"rotation":0,"texture":"#0","tintindex":0},"north":{"uv":[3.5625,8.5,3.125,8.8125],"rotation":0,"texture":"#0","tintindex":0},"west":{"uv":[3.625,8.8125,3.3125,9.125],"rotation":0,"texture":"#0","tintindex":0},"up":{"uv":[5.1875,8.8125,5.625,8.5],"rotation":0,"texture":"#0","tintindex":0},"down":{"uv":[8.5625,1.375,9.0,1.6875],"rotation":0,"texture":"#0","tintindex":0}}},{"from":[7.416397,6.856713,12.986263],"to":[8.559255,9.142427,14.12912],"rotation":{"angle":45.0,"axis":"x","origin":[9.416397,8.856713,12.700548]},"faces":{"east":{"uv":[5.5625,9.8125,5.4375,10.0625],"rotation":0,"texture":"#0","tintindex":0},"south":{"uv":[5.4375,9.8125,5.3125,10.0625],"rotation":0,"texture":"#0","tintindex":0},"north":{"uv":[4.6875,9.8125,4.5625,10.0625],"rotation":0,"texture":"#0","tintindex":0},"west":{"uv":[5.3125,9.8125,5.1875,10.0625],"rotation":0,"texture":"#0","tintindex":0},"up":{"uv":[10.0,3.8125,10.125,3.6875],"rotation":0,"texture":"#0","tintindex":0},"down":{"uv":[10.0,9.3125,10.125,9.4375],"rotation":0,"texture":"#0","tintindex":0}}},{"from":[6.83354,4.665734,12.9984455],"to":[9.119254,9.808591,14.141303],"rotation":{"angle":0.0,"axis":"y","origin":[9.404968,10.094305,12.712732]},"faces":{"east":{"uv":[0.75,9.125,0.625,9.6875],"rotation":0,"texture":"#0","tintindex":0},"south":{"uv":[8.25,6.375,8.0,6.9375],"rotation":0,"texture":"#0","tintindex":0},"north":{"uv":[8.25,0.0,8.0,0.5625],"rotation":0,"texture":"#0","tintindex":0},"west":{"uv":[6.875,8.9375,6.75,9.5],"rotation":0,"texture":"#0","tintindex":0},"up":{"uv":[6.0,9.9375,6.25,9.8125],"rotation":0,"texture":"#0","tintindex":0},"down":{"uv":[6.25,9.8125,6.5,9.9375],"rotation":0,"texture":"#0","tintindex":0}}},{"from":[6.559254,4.3881416,9.16912],"to":[9.416397,6.673856,12.026263],"rotation":{"angle":22.5,"axis":"x","origin":[7.9878254,5.5309987,10.597692]},"faces":{"east":{"uv":[2.125,9.0,1.8125,9.25],"rotation":0,"texture":"#0","tintindex":0},"south":{"uv":[9.25,8.625,8.9375,8.875],"rotation":0,"texture":"#0","tintindex":0},"north":{"uv":[9.25,8.9375,8.9375,9.1875],"rotation":0,"texture":"#0","tintindex":0},"west":{"uv":[9.25,0.0,8.9375,0.25],"rotation":0,"texture":"#0","tintindex":0},"up":{"uv":[8.75,6.875,9.0625,6.5625],"rotation":0,"texture":"#0","tintindex":0},"down":{"uv":[8.75,7.625,9.0625,7.9375],"rotation":0,"texture":"#0","tintindex":0}}},{"from":[7.130683,4.7760344,7.2034283],"to":[8.844969,5.9188914,8.917714],"rotation":{"angle":22.5,"axis":"x","origin":[7.416397,-0.3668232,6.917714]},"faces":{"east":{"uv":[6.1875,9.9375,6.0,10.0625],"rotation":0,"texture":"#0","tintindex":0},"south":{"uv":[10.0625,9.75,9.875,9.875],"rotation":0,"texture":"#0","tintindex":0},"north":{"uv":[6.6875,4.0625,6.5,4.1875],"rotation":0,"texture":"#0","tintindex":0},"west":{"uv":[10.0625,9.625,9.875,9.75],"rotation":0,"texture":"#0","tintindex":0},"up":{"uv":[8.1875,6.0,8.375,5.8125],"rotation":0,"texture":"#0","tintindex":0},"down":{"uv":[8.375,5.25,8.5625,5.4375],"rotation":0,"texture":"#0","tintindex":0}}},{"from":[6.8449683,1.918891,6.632],"to":[9.130683,4.7760344,9.489143],"rotation":{"angle":22.5,"axis":"x","origin":[7.7021112,-0.3668232,6.917714]},"faces":{"east":{"uv":[9.0625,4.8125,8.75,5.125],"rotation":0,"texture":"#0","tintindex":0},"south":{"uv":[4.5625,8.9375,4.3125,9.25],"rotation":0,"texture":"#0","tintindex":0},"north":{"uv":[7.4375,5.5625,7.1875,5.875],"rotation":0,"texture":"#0","tintindex":0},"west":{"uv":[9.0625,3.3125,8.75,3.625],"rotation":0,"texture":"#0","tintindex":0},"up":{"uv":[5.625,9.25,5.875,8.9375],"rotation":0,"texture":"#0","tintindex":0},"down":{"uv":[6.5,8.9375,6.75,9.25],"rotation":0,"texture":"#0","tintindex":0}}},{"from":[7.416397,4.2960343,10.8148575],"to":[8.559255,5.4388914,11.957714],"rotation":{"angle":22.5,"axis":"x","origin":[7.7021112,-0.45825195,11.100572]},"faces":{"east":{"uv":[10.1875,10.0625,10.0625,10.1875],"rotation":0,"texture":"#0","tintindex":0},"south":{"uv":[10.0625,10.0625,9.9375,10.1875],"rotation":0,"texture":"#0","tintindex":0},"north":{"uv":[9.0625,10.0625,8.9375,10.1875],"rotation":0,"texture":"#0","tintindex":0},"west":{"uv":[9.1875,10.0625,9.0625,10.1875],"rotation":0,"texture":"#0","tintindex":0},"up":{"uv":[10.0625,0.125,10.1875,0.0],"rotation":0,"texture":"#0","tintindex":0},"down":{"uv":[10.0625,0.5625,10.1875,0.6875],"rotation":0,"texture":"#0","tintindex":0}}},{"from":[7.7021112,0.7760339,11.112],"to":[8.27354,4.204606,11.683429],"rotation":{"angle":22.5,"axis":"x","origin":[7.416397,-0.45825195,11.397715]},"faces":{"east":{"uv":[0.5625,9.9375,0.5,10.3125],"rotation":0,"texture":"#0","tintindex":0},"south":{"uv":[0.5,9.9375,0.4375,10.3125],"rotation":0,"texture":"#0","tintindex":0},"north":{"uv":[7.625,7.75,7.5625,8.125],"rotation":0,"texture":"#0","tintindex":0},"west":{"uv":[8.0625,0.5625,8.0,0.9375],"rotation":0,"texture":"#0","tintindex":0},"up":{"uv":[10.25,3.625,10.3125,3.5625],"rotation":0,"texture":"#0","tintindex":0},"down":{"uv":[10.25,3.625,10.3125,3.6875],"rotation":0,"texture":"#0","tintindex":0}}},{"from":[7.416397,-2.743966,10.8148575],"to":[8.559255,1.2560339,11.957714],"rotation":{"angle":22.5,"axis":"x","origin":[7.7021112,-0.45825195,11.100572]},"faces":{"east":{"uv":[2.8125,8.0625,2.6875,8.5],"rotation":0,"texture":"#0","tintindex":0},"south":{"uv":[2.9375,7.5625,2.8125,8.0],"rotation":0,"texture":"#0","tintindex":0},"north":{"uv":[4.5,0.0,4.375,0.4375],"rotation":0,"texture":"#0","tintindex":0},"west":{"uv":[1.9375,7.1875,1.8125,7.625],"rotation":0,"texture":"#0","tintindex":0},"up":{"uv":[10.0625,2.75,10.1875,2.625],"rotation":0,"texture":"#0","tintindex":0},"down":{"uv":[10.0625,2.75,10.1875,2.875],"rotation":0,"texture":"#0","tintindex":0}}},{"from":[7.130683,-1.6011086,6.814857],