{"textures":{"0":"modelengine:entity/enforcer"},"elements":[{"name":"cube","from":[7.183217,2.8435507,8.447466],"to":[8.791217,9.443551,10.655466],"rotation":{"angle":-22.5,"axis":"x","origin":[7.987217,4.3435507,9.647467]},"faces":{"down":{"uv":[9.0625,9.5625,9.25,9.8125],"rotation":0,"texture":"#0","tintindex":0},"east":{"uv":[7.5625,7.75,7.3125,8.4375],"rotation":0,"texture":"#0","tintindex":0},"north":{"uv":[8.0,8.125,7.8125,8.8125],"rotation":0,"texture":"#0","tintindex":0},"south":{"uv":[6.5,8.4375,6.3125,9.125],"rotation":0,"texture":"#0","tintindex":0},"up":{"uv":[8.875,9.8125,9.0625,9.5625],"rotation":0,"texture":"#0","tintindex":0},"west":{"uv":[7.3125,7.75,7.0625,8.4375],"rotation":0,"texture":"#0","tintindex":0}}}],"display":{"head":{"translation":[0.0,-6.4,0.0],"rotation":[0.0,0.0,0.0],"scale":[3.8095,3.8095,3.8095]}}}