{"textures":{"0":"modelengine:entity/enforcer"},"elements":[{"name":"cube","from":[8.587217,-3.8920002,7.112015],"to":[9.571217,-2.9080005,9.752015],"rotation":{"angle":45.0,"axis":"x","origin":[8.299217,-3.4000006,9.8000145]},"faces":{"down":{"uv":[4.4375,9.8125,4.5625,10.0625],"rotation":0,"texture":"#0","tintindex":0},"east":{"uv":[10.0,3.6875,9.75,3.8125],"rotation":0,"texture":"#0","tintindex":0},"north":{"uv":[9.0625,7.5,8.9375,7.625],"rotation":0,"texture":"#0","tintindex":0},"south":{"uv":[7.5,9.375,7.375,9.5],"rotation":0,"texture":"#0","tintindex":0},"up":{"uv":[4.3125,10.0625,4.4375,9.8125],"rotation":0,"texture":"#0","tintindex":0},"west":{"uv":[9.9375,7.8125,9.6875,7.9375],"rotation":0,"texture":"#0","tintindex":0}}},{"name":"cube","from":[7.087217,8.982356,8.05784],"to":[8.887217,10.182356,11.05784],"rotation":{"angle":-22.5,"axis":"x","origin":[7.987217,9.882357,9.85784]},"faces":{"down":{"uv":[3.25,9.3125,3.4375,9.625],"rotation":0,"texture":"#0","tintindex":0},"east":{"uv":[9.9375,2.125,9.625,2.25],"rotation":0,"texture":"#0","tintindex":0},"north":{"uv":[6.375,9.9375,6.1875,10.0625],"rotation":0,"texture":"#0","tintindex":0},"south":{"uv":[10.125,9.9375,9.9375,10.0625],"rotation":0,"texture":"#0","tintindex":0},"up":{"uv":[7.6875,4.4375,7.875,4.125],"rotation":0,"texture":"#0","tintindex":0},"west":{"uv":[0.3125,6.9375,0.0,7.0625],"rotation":0,"texture":"#0","tintindex":0}}},{"name":"cube","from":[6.787217,6.558746,7.840457],"to":[9.187217,8.958746,11.440457],"rotation":{"angle":-45.0,"axis":"x","origin":[7.987217,7.758746,9.640457]},"faces":{"down":{"uv":[6.0625,8.875,6.3125,9.25],"rotation":0,"texture":"#0","tintindex":0},"east":{"uv":[9.125,6.875,8.75,7.125],"rotation":0,"texture":"#0","tintindex":0},"north":{"uv":[8.4375,4.375,8.1875,4.625],"rotation":0,"texture":"#0","tintindex":0},"south":{"uv":[9.4375,2.0,9.1875,2.25],"rotation":0,"texture":"#0","tintindex":0},"up":{"uv":[7.75,9.1875,8.0,8.8125],"rotation":0,"texture":"#0","tintindex":0},"west":{"uv":[9.0625,0.875,8.6875,1.125],"rotation":0,"texture":"#0","tintindex":0}}},{"name":"cube","from":[5.887005,5.8650894,9.628456],"to":[10.087006,8.865089,12.628457],"rotation":{"angle":0.0,"axis":"x","origin":[7.987005,7.36509,11.128456]},"faces":{"down":{"uv":[8.5625,1.375,9.0,1.6875],"rotation":0,"texture":"#0","tintindex":0},"east":{"uv":[3.9375,8.8125,3.625,9.125],"rotation":0,"texture":"#0","tintindex":0},"north":{"uv":[3.5625,8.5,3.125,8.8125],"rotation":0,"texture":"#0","tintindex":0},"south":{"uv":[4.0,8.5,3.5625,8.8125],"rotation":0,"texture":"#0","tintindex":0},"up":{"uv":[5.1875,8.8125,5.625,8.5],"rotation":0,"texture":"#0","tintindex":0},"west":{"uv":[3.625,8.8125,3.3125,9.125],"rotation":0,"texture":"#0","tintindex":0}}},{"name":"cube","from":[7.387217,6.799548,13.235576],"to":[8.587217,9.199548,14.435576],"rotation":{"angle":45.0,"axis":"x","origin":[9.487217,8.899548,12.935576]},"faces":{"down":{"uv":[10.0,9.3125,10.125,9.4375],"rotation":0,"texture":"#0","tintindex":0},"east":{"uv":[5.5625,9.8125,5.4375,10.0625],"rotation":0,"texture":"#0","tintindex":0},"north":{"uv":[4.6875,9.8125,4.5625,10.0625],"rotation":0,"texture":"#0","tintindex":0},"south":{"uv":[5.4375,9.8125,5.3125,10.0625],"rotation":0,"texture":"#0","tintindex":0},"up":{"uv":[10.0,3.8125,10.125,3.6875],"rotation":0,"texture":"#0","tintindex":0},"west":{"uv":[5.3125,9.8125,5.1875,10.0625],"rotation":0,"texture":"#0","tintindex":0}}},{"name":"cube","from":[6.7752166,4.4990206,13.248368],"to":[9.175217,9.89902,14.448368],"rotation":{"angle":0.0,"axis":"x","origin":[9.475217,10.19902,12.948368]},"faces":{"down":{"uv":[6.25,9.8125,6.5,9.9375],"rotation":0,"texture":"#0","tintindex":0},"east":{"uv":[0.75,9.125,0.625,9.6875],"rotation":0,"texture":"#0","tintindex":0},"north":{"uv":[8.25,0.0,8.0,0.5625],"rotation":0,"texture":"#0","tintindex":0},"south":{"uv":[8.25,6.375,8.0,6.9375],"rotation":0,"texture":"#0","tintindex":0},"up":{"uv":[6.0,9.9375,6.25,9.8125],"rotation":0,"texture":"#0","tintindex":0},"west":{"uv":[6.875,8.9375,6.75,9.5],"rotation":0,"texture":"#0","tintindex":0}}},{"name":"cube","from":[6.487217,4.2075486,9.227576],"to":[9.487217,6.6075478,12.227576],"rotation":{"angle":22.5,"axis":"x","origin":[7.987217,5.407548,10.727575]},"faces":{"down":{"uv":[8.75,7.625,9.0625,7.9375],"rotation":0,"texture":"#0","tintindex":0},"east":{"uv":[2.125,9.0,1.8125,9.25],"rotation":0,"texture":"#0","tintindex":0},"north":{"uv":[9.25,8.9375,8.9375,9.1875],"rotation":0,"texture":"#0","tintindex":0},"south":{"uv":[9.25,8.625,8.9375,8.875],"rotation":0,"texture":"#0","tintindex":0},"up":{"uv":[8.75,6.875,9.0625,6.5625],"rotation":0,"texture":"#0","tintindex":0},"west":{"uv":[9.25,0.0,8.9375,0.25],"rotation":0,"texture":"#0","tintindex":0}}},{"name":"cube","from":[7.087217,4.6148357,7.1636],"to":[8.887217,5.8148365,8.9636],"rotation":{"angle":22.5,"axis":"x","origin":[7.387217,-0.78516436,6.8636]},"faces":{"down":{"uv":[8.375,5.25,8.5625,5.4375],"rotation":0,"texture":"#0","tintindex":0},"east":{"uv":[6.1875,9.9375,6.0,10.0625],"rotation":0,"texture":"#0","tintindex":0},"north":{"uv":[6.6875,4.0625,6.5,4.1875],"rotation":0,"texture":"#0","tintindex":0},"south":{"uv":[10.0625,9.75,9.875,9.875],"rotation":0,"texture":"#0","tintindex":0},"up":{"uv":[8.1875,6.0,8.375,5.8125],"rotation":0,"texture":"#0","tintindex":0},"west":{"uv":[10.0625,9.625,9.875,9.75],"rotation":0,"texture":"#0","tintindex":0}}},{"name":"cube","from":[6.787217,1.6148356,6.5635996],"to":[9.187217,4.6148357,9.563601],"rotation":{"angle":22.5,"axis":"x","origin":[7.6872168,-0.78516436,6.8636]},"faces":{"down":{"uv":[6.5,8.9375,6.75,9.25],"rotation":0,"texture":"#0","tintindex":0},"east":{"uv":[9.0625,4.8125,8.75,5.125],"rotation":0,"texture":"#0","tintindex":0},"north":{"uv":[7.4375,5.5625,7.1875,5.875],"rotation":0,"texture":"#0","tintindex":0},"south":{"uv":[4.5625,8.9375,4.3125,9.25],"rotation":0,"texture":"#0","tintindex":0},"up":{"uv":[5.625,9.25,5.875,8.9375],"rotation":0,"texture":"#0","tintindex":0},"west":{"uv":[9.0625,3.3125,8.75,3.625],"rotation":0,"texture":"#0","tintindex":0}}},{"name":"cube","from":[7.387217,4.1108356,10.955601],"to":[8.587217,5.3108363,12.1556],"rotation":{"angle":22.5,"axis":"x","origin":[7.6872168,-0.88116455,11.255601]},"faces":{"down":{"uv":[10.0625,0.5625,10.1875,0.6875],"rotation":0,"texture":"#0","tintindex":0},"east":{"uv":[10.1875,10.0625,10.0625,10.1875],"rotation":0,"texture":"#0","tintindex":0},"north":{"uv":[9.0625,10.0625,8.9375,10.1875],"rotation":0,"texture":"#0","tintindex":0},"south":{"uv":[10.0625,10.0625,9.9375,10.1875],"rotation":0,"texture":"#0","tintindex":0},"up":{"uv":[10.0625,0.125,10.1875,0.0],"rotation":0,"texture":"#0","tintindex":0},"west":{"uv":[9.1875,10.0625,9.0625,10.1875],"rotation":0,"texture":"#0","tintindex":0}}},{"name":"cube","from":[7.6872168,0.4148357,11.2676],"to":[8.287217,4.014836,11.8676],"rotation":{"angle":22.5,"axis":"x","origin":[7.387217,-0.88116455,11.5676]},"faces":{"down":{"uv":[10.25,3.625,10.3125,3.6875],"rotation":0,"texture":"#0","tintindex":0},"east":{"uv":[0.5625,9.9375,0.5,10.3125],"rotation":0,"texture":"#0","tintindex":0},"north":{"uv":[7.625,7.75,7.5625,8.125],"rotation":0,"texture":"#0","tintindex":0},"south":{"uv":[0.5,9.9375,0.4375,10.3125],"rotation":0,"texture":"#0","tintindex":0},"up":{"uv":[10.25,3.625,10.3125,3.5625],"rotation":0,"texture":"#0","tintindex":0},"west":{"uv":[8.0625,0.5625,8.0,0.9375],"rotation":0,"texture":"#0","tintindex":0}}},{"name":"cube","from":[7.387217,-3.2811651,10.955601],"to":[8.587217,0.91883564,12.1556],"rotation":{"angle":22.5,"axis":"x","origin":[7.6872168,-0.88116455,11.255601]},"faces":{"down":{"uv":[10.0625,2.75,10.1875,2.875],"rotation":0,"texture":"#0","tintindex":0},"east":{"uv":[2.8125,8.0625,2.6875,8.5],"rotation":0,"texture":"#0","tintindex":0},"north":{"uv":[4.5,0.0,4.375,0.4375],"rotation":0,"texture":"#0","tintindex":0},"south":{"uv":[2.9375,7.5625,2.8125,8.0],"rotation":0,"texture":"#0","tintindex":0},