{"elements":[{"from":[3.7142854,10.571428,3.142857],"to":[12.285715,12.285715,12.857143],"rotation":{"angle":0.0,"axis":"y","origin":[6.285714,7.714286,7.714286]},"faces":{"east":{"uv":[7.0625,2.3125,8.125,2.5],"rotation":0,"texture":"#0","tintindex":0},"south":{"uv":[7.4375,4.875,8.375,5.0625],"rotation":0,"texture":"#0","tintindex":0},"north":{"uv":[5.75,0.4375,6.6875,0.625],"rotation":0,"texture":"#0","tintindex":0},"west":{"uv":[7.0625,3.4375,8.125,3.625],"rotation":0,"texture":"#0","tintindex":0},"up":{"uv":[2.9375,3.0625,2.0,2.0],"rotation":0,"texture":"#0","tintindex":0},"down":{"uv":[2.9375,0.0,2.0,1.0625],"rotation":0,"texture":"#0","tintindex":0}}},{"from":[7.142857,4.285714,6.0],"to":[8.857143,5.428571,10.0],"rotation":{"angle":0.0,"axis":"y","origin":[8.0,9.142858,8.0]},"faces":{"east":{"uv":[9.3125,3.6875,9.75,3.8125],"rotation":0,"texture":"#0","tintindex":0},"south":{"uv":[9.9375,0.9375,10.125,1.0625],"rotation":0,"texture":"#0","tintindex":0},"north":{"uv":[9.9375,0.375,10.125,0.5],"rotation":0,"texture":"#0","tintindex":0},"west":{"uv":[9.3125,7.6875,9.75,7.8125],"rotation":0,"texture":"#0","tintindex":0},"up":{"uv":[1.6875,9.375,1.5,8.9375],"rotation":0,"texture":"#0","tintindex":0},"down":{"uv":[4.3125,8.9375,4.125,9.375],"rotation":0,"texture":"#0","tintindex":0}}},{"from":[7.144914,4.2773037,5.979695],"to":[8.855085,5.420161,7.602552],"rotation":{"angle":-45.0,"axis":"x","origin":[8.002057,9.134446,7.979695]},"faces":{"east":{"uv":[9.9375,1.1875,10.125,1.3125],"rotation":0,"texture":"#0","tintindex":0},"south":{"uv":[9.9375,1.3125,10.125,1.4375],"rotation":0,"texture":"#0","tintindex":0},"north":{"uv":[9.9375,1.0625,10.125,1.1875],"rotation":0,"texture":"#0","tintindex":0},"west":{"uv":[9.9375,1.4375,10.125,1.5625],"rotation":0,"texture":"#0","tintindex":0},"up":{"uv":[9.875,5.875,9.6875,5.6875],"rotation":0,"texture":"#0","tintindex":0},"down":{"uv":[9.875,6.375,9.6875,6.5625],"rotation":0,"texture":"#0","tintindex":0}}},{"from":[7.144914,4.692113,5.0188656],"to":[8.855085,5.8349705,6.6417227],"rotation":{"angle":45.0,"axis":"x","origin":[8.002057,5.2635417,5.830294]},"faces":{"east":{"uv":[9.9375,1.8125,10.125,1.9375],"rotation":0,"texture":"#0","tintindex":0},"south":{"uv":[9.9375,2.125,10.125,2.25],"rotation":0,"texture":"#0","tintindex":0},"north":{"uv":[9.9375,1.6875,10.125,1.8125],"rotation":0,"texture":"#0","tintindex":0},"west":{"uv":[9.9375,2.3125,10.125,2.4375],"rotation":0,"texture":"#0","tintindex":0},"up":{"uv":[9.875,6.75,9.6875,6.5625],"rotation":0,"texture":"#0","tintindex":0},"down":{"uv":[9.875,8.25,9.6875,8.4375],"rotation":0,"texture":"#0","tintindex":0}}},{"from":[10.23858,7.3448877,1.4331427],"to":[11.381437,8.967745,2.5673137],"rotation":{"angle":-45.0,"axis":"z","origin":[12.810009,10.20203,5.428571]},"faces":{"east":{"uv":[5.0625,10.0,5.1875,10.1875],"rotation":0,"texture":"#0","tintindex":0},"south":{"uv":[5.875,10.0,6.0,10.1875],"rotation":0,"texture":"#0","tintindex":0},"north":{"uv":[4.9375,10.0,5.0625,10.1875],"rotation":0,"texture":"#0","tintindex":0},"west":{"uv":[6.875,10.0,7.0,10.1875],"rotation":0,"texture":"#0","tintindex":0},"up":{"uv":[10.25,7.1875,10.125,7.0625],"rotation":0,"texture":"#0","tintindex":0},"down":{"uv":[10.25,7.1875,10.125,7.3125],"rotation":0,"texture":"#0","tintindex":0}}},{"from":[8.971429,2.5714283,1.4285712],"to":[10.114286,10.0,2.5714283],"rotation":{"angle":0.0,"axis":"y","origin":[11.542857,7.714286,5.428571]},"faces":{"east":{"uv":[1.0,8.8125,1.125,9.625],"rotation":0,"texture":"#0","tintindex":0},"south":{"uv":[1.125,8.8125,1.25,9.625],"rotation":0,"texture":"#0","tintindex":0},"north":{"uv":[0.875,8.8125,1.0,9.625],"rotation":0,"texture":"#0","tintindex":0},"west":{"uv":[2.125,8.8125,2.25,9.625],"rotation":0,"texture":"#0","tintindex":0},"up":{"uv":[10.25,6.75,10.125,6.625],"rotation":0,"texture":"#0","tintindex":0},"down":{"uv":[10.25,6.9375,10.125,7.0625],"rotation":0,"texture":"#0","tintindex":0}}},{"from":[10.114286,2.5714283,1.4285712],"to":[11.257143,11.142858,2.5714283],"rotation":{"angle":0.0,"axis":"y","origin":[11.542857,7.714286,5.428571]},"faces":{"east":{"uv":[0.0,8.6875,0.125,9.625],"rotation":0,"texture":"#0","tintindex":0},"south":{"uv":[0.125,8.6875,0.25,9.625],"rotation":0,"texture":"#0","tintindex":0},"north":{"uv":[8.625,6.1875,8.75,7.125],"rotation":0,"texture":"#0","tintindex":0},"west":{"uv":[0.25,8.6875,0.375,9.625],"rotation":0,"texture":"#0","tintindex":0},"up":{"uv":[10.25,7.6875,10.125,7.5625],"rotation":0,"texture":"#0","tintindex":0},"down":{"uv":[10.25,7.9375,10.125,8.0625],"rotation":0,"texture":"#0","tintindex":0}}},{"from":[4.742857,2.5714283,1.4285712],"to":[5.885714,11.142858,2.5714283],"rotation":{"angle":0.0,"axis":"y","origin":[4.457143,7.714286,5.428571]},"faces":{"east":{"uv":[4.0,8.5,4.125,9.4375],"rotation":0,"texture":"#0","tintindex":0},"south":{"uv":[2.4375,8.625,2.5625,9.5625],"rotation":0,"texture":"#0","tintindex":0},"north":{"uv":[7.375,8.4375,7.5,9.375],"rotation":0,"texture":"#0","tintindex":0},"west":{"uv":[2.5625,8.625,2.6875,9.5625],"rotation":0,"texture":"#0","tintindex":0},"up":{"uv":[10.1875,6.0,10.0625,5.875],"rotation":0,"texture":"#0","tintindex":0},"down":{"uv":[10.1875,6.75,10.0625,6.875],"rotation":0,"texture":"#0","tintindex":0}}},{"from":[4.618563,7.3448877,1.4331427],"to":[5.7614202,8.967745,2.5673137],"rotation":{"angle":45.0,"axis":"z","origin":[3.1899915,10.20203,5.428571]},"faces":{"east":{"uv":[1.4375,6.4375,1.5625,6.625],"rotation":0,"texture":"#0","tintindex":0},"south":{"uv":[1.3125,7.0,1.4375,7.1875],"rotation":0,"texture":"#0","tintindex":0},"north":{"uv":[4.25,2.75,4.375,2.9375],"rotation":0,"texture":"#0","tintindex":0},"west":{"uv":[0.875,8.25,1.0,8.4375],"rotation":0,"texture":"#0","tintindex":0},"up":{"uv":[10.1875,7.875,10.0625,7.75],"rotation":0,"texture":"#0","tintindex":0},"down":{"uv":[10.1875,8.4375,10.0625,8.5625],"rotation":0,"texture":"#0","tintindex":0}}},{"from":[5.885714,2.5714283,1.4285712],"to":[7.028571,10.0,2.5714283],"rotation":{"angle":0.0,"axis":"y","origin":[4.457143,7.714286,5.428571]},"faces":{"east":{"uv":[4.8125,8.6875,4.9375,9.5],"rotation":0,"texture":"#0","tintindex":0},"south":{"uv":[7.1875,8.75,7.3125,9.5625],"rotation":0,"texture":"#0","tintindex":0},"north":{"uv":[1.6875,8.6875,1.8125,9.5],"rotation":0,"texture":"#0","tintindex":0},"west":{"uv":[8.75,5.75,8.875,6.5625],"rotation":0,"texture":"#0","tintindex":0},"up":{"uv":[10.1875,8.6875,10.0625,8.5625],"rotation":0,"texture":"#0","tintindex":0},"down":{"uv":[10.1875,8.6875,10.0625,8.8125],"rotation":0,"texture":"#0","tintindex":0}}},{"from":[3.6,2.5714283,1.4285712],"to":[4.742857,6.5714283,2.5714283],"rotation":{"angle":0.0,"axis":"y","origin":[6.1714287,7.714286,5.428571]},"faces":{"east":{"uv":[9.5,2.75,9.625,3.1875],"rotation":0,"texture":"#0","tintindex":0},"south":{"uv":[2.4375,9.5625,2.5625,10.0],"rotation":0,"texture":"#0","tintindex":0},"north":{"uv":[4.8125,9.5,4.9375,9.9375],"rotation":0,"texture":"#0","tintindex":0},"west":{"uv":[2.5625,9.5625,2.6875,10.0],"rotation":0,"texture":"#0","tintindex":0},"up":{"uv":[10.1875,4.5,10.0625,4.375],"rotation":0,"texture":"#0","tintindex":0},"down":{"uv":[10.1875,4.6875,10.0625,4.8125],"rotation":0,"texture":"#0","tintindex":0}}},{"from":[6.483395,3.2468457,1.4365711],"to":[7.626252,4.8468456,2.564343],"rotation":{"angle":-45.0,"axis":"z","origin":[9.054824,8.389703,5.428571]},"faces":{"east":{"uv":[9.9375,2.75,10.0625,2.9375],"rotation":0,"texture":"#0","tintindex":0},"south":{"uv":[9.9375,2.9375,10.0625,3.125],"rotation":0,"texture":"#0","tintindex":0},"north":{"uv":[9.5625,9.9375,9.6875,10.125],"rotation":0,"texture":"#0","tintindex":0},"west":{"uv":[9.9375,3.4375,10.0625,3.625],"rotation":0,"texture":"#0","tintindex":0},"up":{"uv":[10.1875,8.9375,10.0625,8.8125],"rotation":0,"texture":"#0","tintindex":0},"down":{"uv":[10.1875,8.9375,10.0625,9.0625],"rotation":0,"texture":"#0","tintindex":0}}},{"from":[8.373748,3.2468457,1.4365711],