{"textures":{"0":"modelengine:entity/enforcer"},"elements":[{"name":"cube","from":[3.4999998,10.700001,2.8999999],"to":[12.5,12.5,13.1],"rotation":{"angle":0.0,"axis":"x","origin":[6.2,7.7,7.7]},"faces":{"down":{"uv":[2.9375,0.0,2.0,1.0625],"rotation":0,"texture":"#0","tintindex":0},"east":{"uv":[7.0625,2.3125,8.125,2.5],"rotation":0,"texture":"#0","tintindex":0},"north":{"uv":[5.75,0.4375,6.6875,0.625],"rotation":0,"texture":"#0","tintindex":0},"south":{"uv":[7.4375,4.875,8.375,5.0625],"rotation":0,"texture":"#0","tintindex":0},"up":{"uv":[2.9375,3.0625,2.0,2.0],"rotation":0,"texture":"#0","tintindex":0},"west":{"uv":[7.0625,3.4375,8.125,3.625],"rotation":0,"texture":"#0","tintindex":0}}},{"name":"cube","from":[7.1,4.1,5.8999996],"to":[8.9,5.3,10.1],"rotation":{"angle":0.0,"axis":"x","origin":[8.0,9.2,8.0]},"faces":{"down":{"uv":[4.3125,8.9375,4.125,9.375],"rotation":0,"texture":"#0","tintindex":0},"east":{"uv":[9.3125,3.6875,9.75,3.8125],"rotation":0,"texture":"#0","tintindex":0},"north":{"uv":[9.9375,0.375,10.125,0.5],"rotation":0,"texture":"#0","tintindex":0},"south":{"uv":[9.9375,0.9375,10.125,1.0625],"rotation":0,"texture":"#0","tintindex":0},"up":{"uv":[1.6875,9.375,1.5,8.9375],"rotation":0,"texture":"#0","tintindex":0},"west":{"uv":[9.3125,7.6875,9.75,7.8125],"rotation":0,"texture":"#0","tintindex":0}}},{"name":"cube","from":[7.10216,4.0911694,5.8786793],"to":[8.8978405,5.2911696,7.5826793],"rotation":{"angle":-45.0,"axis":"x","origin":[8.00216,9.19117,7.9786797]},"faces":{"down":{"uv":[9.875,6.375,9.6875,6.5625],"rotation":0,"texture":"#0","tintindex":0},"east":{"uv":[9.9375,1.1875,10.125,1.3125],"rotation":0,"texture":"#0","tintindex":0},"north":{"uv":[9.9375,1.0625,10.125,1.1875],"rotation":0,"texture":"#0","tintindex":0},"south":{"uv":[9.9375,1.3125,10.125,1.4375],"rotation":0,"texture":"#0","tintindex":0},"up":{"uv":[9.875,5.875,9.6875,5.6875],"rotation":0,"texture":"#0","tintindex":0},"west":{"uv":[9.9375,1.4375,10.125,1.5625],"rotation":0,"texture":"#0","tintindex":0}}},{"name":"cube","from":[7.10216,4.52672,4.869809],"to":[8.8978405,5.7267203,6.5738087],"rotation":{"angle":45.0,"axis":"x","origin":[8.00216,5.1267204,5.721809]},"faces":{"down":{"uv":[9.875,8.25,9.6875,8.4375],"rotation":0,"texture":"#0","tintindex":0},"east":{"uv":[9.9375,1.8125,10.125,1.9375],"rotation":0,"texture":"#0","tintindex":0},"north":{"uv":[9.9375,1.6875,10.125,1.8125],"rotation":0,"texture":"#0","tintindex":0},"south":{"uv":[9.9375,2.125,10.125,2.25],"rotation":0,"texture":"#0","tintindex":0},"up":{"uv":[9.875,6.75,9.6875,6.5625],"rotation":0,"texture":"#0","tintindex":0},"west":{"uv":[9.9375,2.3125,10.125,2.4375],"rotation":0,"texture":"#0","tintindex":0}}},{"name":"cube","from":[10.35051,7.3121324,1.1047993],"to":[11.550509,9.016132,2.2956796],"rotation":{"angle":-45.0,"axis":"z","origin":[13.050509,10.312132,5.3]},"faces":{"down":{"uv":[10.25,7.1875,10.125,7.3125],"rotation":0,"texture":"#0","tintindex":0},"east":{"uv":[5.0625,10.0,5.1875,10.1875],"rotation":0,"texture":"#0","tintindex":0},"north":{"uv":[4.9375,10.0,5.0625,10.1875],"rotation":0,"texture":"#0","tintindex":0},"south":{"uv":[5.875,10.0,6.0,10.1875],"rotation":0,"texture":"#0","tintindex":0},"up":{"uv":[10.25,7.1875,10.125,7.0625],"rotation":0,"texture":"#0","tintindex":0},"west":{"uv":[6.875,10.0,7.0,10.1875],"rotation":0,"texture":"#0","tintindex":0}}},{"name":"cube","from":[9.02,2.2999997,1.0999997],"to":[10.219999,10.1,2.2999997],"rotation":{"angle":0.0,"axis":"x","origin":[11.72,7.7,5.3]},"faces":{"down":{"uv":[10.25,6.9375,10.125,7.0625],"rotation":0,"texture":"#0","tintindex":0},"east":{"uv":[1.0,8.8125,1.125,9.625],"rotation":0,"texture":"#0","tintindex":0},"north":{"uv":[0.875,8.8125,1.0,9.625],"rotation":0,"texture":"#0","tintindex":0},"south":{"uv":[1.125,8.8125,1.25,9.625],"rotation":0,"texture":"#0","tintindex":0},"up":{"uv":[10.25,6.75,10.125,6.625],"rotation":0,"texture":"#0","tintindex":0},"west":{"uv":[2.125,8.8125,2.25,9.625],"rotation":0,"texture":"#0","tintindex":0}}},{"name":"cube","from":[10.219999,2.2999997,1.0999997],"to":[11.42,11.3,2.2999997],"rotation":{"angle":0.0,"axis":"x","origin":[11.72,7.7,5.3]},"faces":{"down":{"uv":[10.25,7.9375,10.125,8.0625],"rotation":0,"texture":"#0","tintindex":0},"east":{"uv":[0.0,8.6875,0.125,9.625],"rotation":0,"texture":"#0","tintindex":0},"north":{"uv":[8.625,6.1875,8.75,7.125],"rotation":0,"texture":"#0","tintindex":0},"south":{"uv":[0.125,8.6875,0.25,9.625],"rotation":0,"texture":"#0","tintindex":0},"up":{"uv":[10.25,7.6875,10.125,7.5625],"rotation":0,"texture":"#0","tintindex":0},"west":{"uv":[0.25,8.6875,0.375,9.625],"rotation":0,"texture":"#0","tintindex":0}}},{"name":"cube","from":[4.58,2.2999997,1.0999997],"to":[5.7799997,11.3,2.2999997],"rotation":{"angle":0.0,"axis":"x","origin":[4.2799997,7.7,5.3]},"faces":{"down":{"uv":[10.1875,6.75,10.0625,6.875],"rotation":0,"texture":"#0","tintindex":0},"east":{"uv":[4.0,8.5,4.125,9.4375],"rotation":0,"texture":"#0","tintindex":0},"north":{"uv":[7.375,8.4375,7.5,9.375],"rotation":0,"texture":"#0","tintindex":0},"south":{"uv":[2.4375,8.625,2.5625,9.5625],"rotation":0,"texture":"#0","tintindex":0},"up":{"uv":[10.1875,6.0,10.0625,5.875],"rotation":0,"texture":"#0","tintindex":0},"west":{"uv":[2.5625,8.625,2.6875,9.5625],"rotation":0,"texture":"#0","tintindex":0}}},{"name":"cube","from":[4.4494915,7.3121324,1.1047993],"to":[5.6494913,9.016132,2.2956796],"rotation":{"angle":45.0,"axis":"z","origin":[2.949491,10.312132,5.3]},"faces":{"down":{"uv":[10.1875,8.4375,10.0625,8.5625],"rotation":0,"texture":"#0","tintindex":0},"east":{"uv":[1.4375,6.4375,1.5625,6.625],"rotation":0,"texture":"#0","tintindex":0},"north":{"uv":[4.25,2.75,4.375,2.9375],"rotation":0,"texture":"#0","tintindex":0},"south":{"uv":[1.3125,7.0,1.4375,7.1875],"rotation":0,"texture":"#0","tintindex":0},"up":{"uv":[10.1875,7.875,10.0625,7.75],"rotation":0,"texture":"#0","tintindex":0},"west":{"uv":[0.875,8.25,1.0,8.4375],"rotation":0,"texture":"#0","tintindex":0}}},{"name":"cube","from":[5.7799997,2.2999997,1.0999997],"to":[6.98,10.1,2.2999997],"rotation":{"angle":0.0,"axis":"x","origin":[4.2799997,7.7,5.3]},"faces":{"down":{"uv":[10.1875,8.6875,10.0625,8.8125],"rotation":0,"texture":"#0","tintindex":0},"east":{"uv":[4.8125,8.6875,4.9375,9.5],"rotation":0,"texture":"#0","tintindex":0},"north":{"uv":[1.6875,8.6875,1.8125,9.5],"rotation":0,"texture":"#0","tintindex":0},"south":{"uv":[7.1875,8.75,7.3125,9.5625],"rotation":0,"texture":"#0","tintindex":0},"up":{"uv":[10.1875,8.6875,10.0625,8.5625],"rotation":0,"texture":"#0","tintindex":0},"west":{"uv":[8.75,5.75,8.875,6.5625],"rotation":0,"texture":"#0","tintindex":0}}},{"name":"cube","from":[3.3799999,2.2999997,1.0999997],"to":[4.58,6.5,2.2999997],"rotation":{"angle":0.0,"axis":"x","origin":[6.08,7.7,5.3]},"faces":{"down":{"uv":[10.1875,4.6875,10.0625,4.8125],"rotation":0,"texture":"#0","tintindex":0},"east":{"uv":[9.5,2.75,9.625,3.1875],"rotation":0,"texture":"#0","tintindex":0},"north":{"uv":[4.8125,9.5,4.9375,9.9375],"rotation":0,"texture":"#0","tintindex":0},"south":{"uv":[2.4375,9.5625,2.5625,10.0],"rotation":0,"texture":"#0","tintindex":0},"up":{"uv":[10.1875,4.5,10.0625,4.375],"rotation":0,"texture":"#0","tintindex":0},"west":{"uv":[2.5625,9.5625,2.6875,10.0],"rotation":0,"texture":"#0","tintindex":0}}},{"name":"cube","from":[6.407565,3.009188,1.1083996],"to":[7.607565,4.6891875,2.29256],"rotation":{"angle":-45.0,"axis":"z","origin":[9.107565,8.409188,5.3]},"faces":{"down":{"uv":[10.1875,8.9375,10.0625,9.0625],"rotation":0,"texture":"#0","tintindex":0},"east":{"uv":[9.9375,2.75,10.0625,2.9375],"rotation":0,"texture":"#0","tintindex":0},"north":{"uv":[9.5625,9.9375,9.6875,10.125],"rotation":0,"texture":"#0","tintindex":0},"south":{"uv":[9.9375,2.9375,10.0625,3.125],"rotation":0,"texture":"#0","tintindex":0},"up":{"uv":[10.1875,8.9375,10.0625,8.8125],"rotation":0,"texture":"#0","tintindex":0},"west":{"uv":[9.9375,3.4375,10.0625,3.625],"rotation":0,"texture":"#0",