{"elements":[{"from":[7.586142,2.2001615,6.8128586],"to":[8.956118,3.5701375,8.182835],"rotation":{"angle":0.0,"axis":"y","origin":[7.243648,3.5701375,6.8128586]},"faces":{"east":{"uv":[0.0,0.0,0.25,0.25],"rotation":0,"texture":"#5","tintindex":0},"south":{"uv":[0.0,0.0,0.25,0.25],"rotation":0,"texture":"#5","tintindex":0},"north":{"uv":[0.0,0.0,0.25,0.25],"rotation":0,"texture":"#5","tintindex":0},"west":{"uv":[0.0,0.0,0.25,0.25],"rotation":0,"texture":"#5","tintindex":0},"up":{"uv":[0.0,0.0,0.25,0.25],"rotation":90,"texture":"#5","tintindex":0},"down":{"uv":[0.0,0.0,0.25,0.25],"rotation":270,"texture":"#5","tintindex":0}}},{"from":[11.011082,8.365053,-0.37951565],"to":[16.490986,13.159969,5.1003885],"rotation":{"angle":0.0,"axis":"y","origin":[7.243648,3.5701375,6.8128586]},"faces":{"east":{"uv":[4.0,4.0,11.0,11.875],"rotation":0,"texture":"#3","tintindex":0},"south":{"uv":[4.0,4.0,11.0,11.875],"rotation":0,"texture":"#4","tintindex":0},"north":{"uv":[2.0,2.0,9.0,9.875],"rotation":0,"texture":"#3","tintindex":0},"west":{"uv":[9.0,6.0,16.0,13.875],"rotation":0,"texture":"#4","tintindex":0},"up":{"uv":[0.0,3.0,7.0,10.875],"rotation":90,"texture":"#3","tintindex":0},"down":{"uv":[1.0,1.0,8.0,8.875],"rotation":270,"texture":"#4","tintindex":0}}},{"from":[5.873672,6.9950776,0.6479664],"to":[11.353576,11.789993,6.1278706],"rotation":{"angle":0.0,"axis":"y","origin":[7.243648,3.5701375,6.8128586]},"faces":{"east":{"uv":[4.0,4.0,11.0,11.875],"rotation":0,"texture":"#4","tintindex":0},"south":{"uv":[4.0,4.0,11.0,11.875],"rotation":0,"texture":"#4","tintindex":0},"north":{"uv":[5.0,1.0,12.0,8.875],"rotation":0,"texture":"#3","tintindex":0},"west":{"uv":[4.0,3.0,11.0,10.875],"rotation":0,"texture":"#4","tintindex":0},"up":{"uv":[0.0,3.0,7.0,10.875],"rotation":90,"texture":"#4","tintindex":0},"down":{"uv":[1.0,1.0,8.0,8.875],"rotation":270,"texture":"#4","tintindex":0}}},{"from":[6.216166,5.6251016,4.4154005],"to":[11.69607,10.420017,9.895305],"rotation":{"angle":0.0,"axis":"y","origin":[7.243648,3.5701375,6.8128586]},"faces":{"east":{"uv":[4.0,4.0,10.0,11.875],"rotation":0,"texture":"#3","tintindex":0},"south":{"uv":[4.0,4.0,10.0,11.875],"rotation":0,"texture":"#4","tintindex":0},"north":{"uv":[4.0,4.0,10.0,11.875],"rotation":0,"texture":"#3","tintindex":0},"west":{"uv":[4.0,4.0,10.0,11.875],"rotation":0,"texture":"#4","tintindex":0},"up":{"uv":[4.0,4.0,10.0,11.875],"rotation":90,"texture":"#4","tintindex":0},"down":{"uv":[4.0,4.0,10.0,11.875],"rotation":270,"texture":"#3","tintindex":0}}},{"from":[4.161202,9.735029,1.3329549],"to":[9.641106,14.529945,6.8128586],"rotation":{"angle":0.0,"axis":"y","origin":[7.243648,3.5701375,6.8128586]},"faces":{"east":{"uv":[4.0,4.0,11.0,11.875],"rotation":0,"texture":"#4","tintindex":0},"south":{"uv":[4.0,4.0,11.0,11.875],"rotation":0,"texture":"#4","tintindex":0},"north":{"uv":[7.0,1.0,14.0,8.875],"rotation":0,"texture":"#4","tintindex":0},"west":{"uv":[3.0,6.0,10.0,13.875],"rotation":0,"texture":"#4","tintindex":0},"up":{"uv":[0.0,3.0,7.0,10.875],"rotation":90,"texture":"#4","tintindex":0},"down":{"uv":[1.0,1.0,8.0,8.875],"rotation":270,"texture":"#4","tintindex":0}}},{"from":[0.59926414,8.022559,1.6754484],"to":[6.0791683,12.817476,7.1553526],"rotation":{"angle":0.0,"axis":"y","origin":[7.243648,3.5701375,6.8128586]},"faces":{"east":{"uv":[3.0,2.0,9.0,9.875],"rotation":0,"texture":"#4","tintindex":0},"south":{"uv":[3.0,2.0,9.0,9.875],"rotation":0,"texture":"#4","tintindex":0},"north":{"uv":[3.0,3.0,9.0,10.875],"rotation":0,"texture":"#3","tintindex":0},"west":{"uv":[2.0,0.0,8.0,7.875],"rotation":0,"texture":"#4","tintindex":0},"up":{"uv":[4.0,0.0,10.0,7.875],"rotation":90,"texture":"#4","tintindex":0},"down":{"uv":[7.0,6.125,13.0,14.0],"rotation":270,"texture":"#4","tintindex":0}}},{"from":[1.9692402,10.077524,9.210317],"to":[7.4491444,14.872439,14.690221],"rotation":{"angle":0.0,"axis":"y","origin":[7.243648,3.5701375,6.8128586]},"faces":{"east":{"uv":[4.0,4.0,11.0,11.875],"rotation":0,"texture":"#4","tintindex":0},"south":{"uv":[0.0,8.125,7.0,16.0],"rotation":0,"texture":"#4","tintindex":0},"north":{"uv":[4.0,4.0,11.0,11.875],"rotation":0,"texture":"#4","tintindex":0},"west":{"uv":[3.0,2.0,10.0,9.875],"rotation":0,"texture":"#3","tintindex":0},"up":{"uv":[7.0,4.125,14.0,12.0],"rotation":90,"texture":"#4","tintindex":0},"down":{"uv":[5.0,7.125,12.0,15.0],"rotation":270,"texture":"#4","tintindex":0}}},{"from":[2.3117342,11.105005,5.1003885],"to":[7.7916384,15.899921,10.580293],"rotation":{"angle":0.0,"axis":"y","origin":[7.243648,3.5701375,6.8128586]},"faces":{"east":{"uv":[4.0,4.0,11.0,11.875],"rotation":0,"texture":"#4","tintindex":0},"south":{"uv":[4.0,4.0,11.0,11.875],"rotation":0,"texture":"#4","tintindex":0},"north":{"uv":[4.0,4.0,11.0,11.875],"rotation":0,"texture":"#4","tintindex":0},"west":{"uv":[3.0,2.0,10.0,9.875],"rotation":0,"texture":"#4","tintindex":0},"up":{"uv":[5.0,2.0,12.0,9.875],"rotation":90,"texture":"#4","tintindex":0},"down":{"uv":[8.0,8.125,15.0,16.0],"rotation":270,"texture":"#4","tintindex":0}}},{"from":[9.641106,8.022559,9.210317],"to":[15.12101,12.817476,14.690221],"rotation":{"angle":0.0,"axis":"y","origin":[7.243648,3.5701375,6.8128586]},"faces":{"east":{"uv":[1.0,1.0,8.0,8.875],"rotation":0,"texture":"#4","tintindex":0},"south":{"uv":[0.0,8.125,7.0,16.0],"rotation":0,"texture":"#3","tintindex":0},"north":{"uv":[3.0,3.0,10.0,10.875],"rotation":0,"texture":"#4","tintindex":0},"west":{"uv":[3.0,6.0,10.0,13.875],"rotation":0,"texture":"#4","tintindex":0},"up":{"uv":[9.0,8.125,16.0,16.0],"rotation":90,"texture":"#4","tintindex":0},"down":{"uv":[5.0,0.0,12.0,7.875],"rotation":270,"texture":"#3","tintindex":0}}},{"from":[8.956118,10.420017,7.8403406],"to":[14.436022,15.214933,13.320245],"rotation":{"angle":0.0,"axis":"y","origin":[7.243648,3.5701375,6.8128586]},"faces":{"east":{"uv":[1.0,1.0,8.0,8.875],"rotation":0,"texture":"#4","tintindex":0},"south":{"uv":[0.0,8.125,7.0,16.0],"rotation":0,"texture":"#4","tintindex":0},"north":{"uv":[3.0,3.0,10.0,10.875],"rotation":0,"texture":"#4","tintindex":0},"west":{"uv":[3.0,6.0,10.0,13.875],"rotation":0,"texture":"#4","tintindex":0},"up":{"uv":[9.0,8.125,16.0,16.0],"rotation":90,"texture":"#4","tintindex":0},"down":{"uv":[5.0,0.0,12.0,7.875],"rotation":270,"texture":"#4","tintindex":0}}},{"from":[10.326094,9.735029,4.4154005],"to":[15.805998,14.529945,9.895305],"rotation":{"angle":0.0,"axis":"y","origin":[7.243648,3.5701375,6.8128586]},"faces":{"east":{"uv":[1.0,1.0,8.0,8.875],"rotation":0,"texture":"#3","tintindex":0},"south":{"uv":[4.0,4.0,11.0,11.875],"rotation":0,"texture":"#4","tintindex":0},"north":{"uv":[3.0,3.0,10.0,10.875],"rotation":0,"texture":"#4","tintindex":0},"west":{"uv":[3.0,6.0,10.0,13.875],"rotation":0,"texture":"#4","tintindex":0},"up":{"uv":[7.0,6.0,14.0,13.875],"rotation":90,"texture":"#3","tintindex":0},"down":{"uv":[8.0,1.0,15.0,8.875],"rotation":270,"texture":"#4","tintindex":0}}},{"from":[5.188684,8.707547,8.525329],"to":[10.668588,13.502463,14.005232],"rotation":{"angle":0.0,"axis":"y","origin":[7.243648,3.5701375,6.8128586]},"faces":{"east":{"uv":[4.0,4.0,11.0,11.875],"rotation":0,"texture":"#4","tintindex":0},"south":{"uv":[0.0,8.125,7.0,16.0],"rotation":0,"texture":"#3","tintindex":0},"north":{"uv":[4.0,4.0,11.0,11.875],"rotation":0,"texture":"#4","tintindex":0},"west":{"uv":[4.0,4.0,11.0,11.875],"rotation":0,"texture":"#4","tintindex":0},"up":{"uv":[6.0,6.125,13.0,14.0],"rotation":90,"texture":"#4","tintindex":0},"down":{"uv":[1.0,3.0,8.0,10.875],"rotation":270,"texture":"#4","tintindex":0}}},{"from":[1.2842526,7.6800656,6.1278706],"to":[6.7641563,12.474981,11.607775],"rotation":{"angle":0.0,"axis":"y","origin":[7.243648,3.5701375,6.8128586]},"faces":{"east":{"uv":[4.0,4.0,11.0,11.875],"rotation":0,"texture":"#4","tintindex":0},"south":{"uv":[4.0,4.0,11.0,11.875],"rotation":0,"texture":"#4","tintindex":0},"north":{"uv":[4.0,4.0,11.0,11.875],"rotation":0,"texture":"#4","tintindex":0},"west":{"uv":[3.0,2.0,10.0,9.875],