{"textures":{"0":"block/magma","7":"block/dropper_front_vertical","8":"block/furnace_side","9":"block/smooth_stone_slab_side"},"elements":[{"from":[6.4185834,-5.858431,5.7061996],"to":[10.375284,-2.3373299,10.497801],"faces":{"east":{"uv":[0.0,0.0,6.6,4.85],"tintindex":0,"rotation":0,"texture":"#0"},"south":{"uv":[0.0,0.0,5.45,4.85],"tintindex":0,"rotation":0,"texture":"#0"},"north":{"uv":[2.0,1.0,7.45,5.85],"tintindex":0,"rotation":0,"texture":"#0"},"west":{"uv":[0.0,0.0,6.6,4.85],"tintindex":0,"rotation":0,"texture":"#0"}},"rotation":{"origin":[-11.9310665,3.5977197,8.102],"angle":22.5,"axis":"z"}},{"from":[7.816133,-5.241331,5.21615],"to":[8.977734,-3.6804304,10.98785],"faces":{"east":{"uv":[8.0,14.05,10.45,14.9],"tintindex":0,"rotation":180,"texture":"#8"},"south":{"uv":[8.0,14.05,10.45,14.9],"tintindex":0,"rotation":180,"texture":"#8"},"north":{"uv":[8.0,14.05,10.45,14.9],"tintindex":0,"rotation":180,"texture":"#8"},"west":{"uv":[8.0,14.05,10.45,14.9],"tintindex":0,"rotation":180,"texture":"#8"},"up":{"uv":[8.0,14.05,10.45,14.9],"tintindex":0,"rotation":270,"texture":"#8"},"down":{"uv":[8.0,14.05,10.45,14.9],"tintindex":0,"rotation":90,"texture":"#8"}},"rotation":{"origin":[-11.9310665,3.5977197,8.102],"angle":22.5,"axis":"z"}},{"from":[5.874083,-5.241331,7.5212],"to":[10.919784,-3.6804304,8.6828],"faces":{"east":{"uv":[8.0,14.05,10.45,14.9],"tintindex":0,"rotation":180,"texture":"#8"},"south":{"uv":[8.0,14.05,10.45,14.9],"tintindex":0,"rotation":180,"texture":"#8"},"north":{"uv":[8.0,14.05,10.45,14.9],"tintindex":0,"rotation":180,"texture":"#8"},"west":{"uv":[8.0,14.05,10.45,14.9],"tintindex":0,"rotation":180,"texture":"#8"},"up":{"uv":[8.0,14.05,10.45,14.9],"tintindex":0,"rotation":180,"texture":"#8"},"down":{"uv":[8.0,14.05,10.45,14.9],"tintindex":0,"rotation":180,"texture":"#8"}},"rotation":{"origin":[-11.9310665,3.5977197,8.102],"angle":22.5,"axis":"z"}},{"from":[5.692583,-8.76243,4.9802],"to":[11.101283,-5.241331,11.223801],"faces":{"east":{"uv":[1.0,9.05,14.45,14.9],"tintindex":0,"rotation":180,"texture":"#8"},"south":{"uv":[1.0,9.05,14.45,14.9],"tintindex":0,"rotation":180,"texture":"#8"},"north":{"uv":[1.0,9.05,14.45,14.9],"tintindex":0,"rotation":180,"texture":"#8"},"west":{"uv":[1.0,9.05,14.45,14.9],"tintindex":0,"rotation":180,"texture":"#8"},"up":{"uv":[4.0,4.0,11.95,11.6],"tintindex":0,"rotation":0,"texture":"#7"},"down":{"uv":[2.0,1.0,8.45,6.6],"tintindex":0,"rotation":0,"texture":"#9"}},"rotation":{"origin":[-11.9310665,3.5977197,8.102],"angle":22.5,"axis":"z"}},{"from":[5.692583,-3.6804304,4.9802],"to":[11.101283,-0.15933037,11.223801],"faces":{"east":{"uv":[1.0,9.0,14.45,14.85],"tintindex":0,"rotation":0,"texture":"#8"},"south":{"uv":[1.0,9.0,14.45,14.85],"tintindex":0,"rotation":0,"texture":"#8"},"north":{"uv":[1.0,9.0,14.45,14.85],"tintindex":0,"rotation":0,"texture":"#8"},"west":{"uv":[1.0,9.0,14.45,14.85],"tintindex":0,"rotation":0,"texture":"#8"},"up":{"uv":[2.0,1.0,8.45,6.6],"tintindex":0,"rotation":0,"texture":"#9"},"down":{"uv":[4.0,4.0,11.95,11.6],"tintindex":0,"rotation":0,"texture":"#7"}},"rotation":{"origin":[-11.9310665,3.5977197,8.102],"angle":22.5,"axis":"z"}}],"display":{"gui":{"rotation":[30,225,0]}}}