{"file_name":"bone2","texture_size":[256,256],"textures":{"283f017f-fe3b-a834-c67e-5b3174e722a6":"modelengine:entity/iron_demon","064ba5c2-b75f-2d2e-74b9-76ed85c89ebf":"modelengine:entity/molten_iron"},"elements":[{"name":"cube","from":[4.0256,14.8886385,5.9125996],"to":[5.0192,17.372639,7.403],"rotation":{"angle":-22.5,"axis":"x","origin":[8.0,17.628803,8.645]},"faces":{"down":{"uv":[13.8125,1.375,13.875,1.5],"rotation":0,"texture":"#283f017f-fe3b-a834-c67e-5b3174e722a6","tintindex":0},"east":{"uv":[8.1875,14.0625,8.3125,14.25],"rotation":0,"texture":"#283f017f-fe3b-a834-c67e-5b3174e722a6","tintindex":0},"north":{"uv":[10.0625,13.5625,10.125,13.75],"rotation":0,"texture":"#283f017f-fe3b-a834-c67e-5b3174e722a6","tintindex":0},"south":{"uv":[10.4375,13.8125,10.5,14.0],"rotation":0,"texture":"#283f017f-fe3b-a834-c67e-5b3174e722a6","tintindex":0},"up":{"uv":[15.75,0.1875,15.8125,0.3125],"rotation":0,"texture":"#283f017f-fe3b-a834-c67e-5b3174e722a6","tintindex":0},"west":{"uv":[11.0,13.5625,11.125,13.75],"rotation":0,"texture":"#283f017f-fe3b-a834-c67e-5b3174e722a6","tintindex":0}}},{"name":"cube","from":[4.0256,14.8886385,8.8934],"to":[5.0192,17.372639,10.3838005],"rotation":{"angle":-22.5,"axis":"x","origin":[8.0,17.628803,8.645]},"faces":{"down":{"uv":[14.0,1.375,14.0625,1.5],"rotation":0,"texture":"#283f017f-fe3b-a834-c67e-5b3174e722a6","tintindex":0},"east":{"uv":[7.75,13.6875,7.875,13.875],"rotation":0,"texture":"#283f017f-fe3b-a834-c67e-5b3174e722a6","tintindex":0},"north":{"uv":[10.6875,14.1875,10.75,14.375],"rotation":0,"texture":"#283f017f-fe3b-a834-c67e-5b3174e722a6","tintindex":0},"south":{"uv":[10.25,13.625,10.3125,13.8125],"rotation":0,"texture":"#283f017f-fe3b-a834-c67e-5b3174e722a6","tintindex":0},"up":{"uv":[13.625,1.3125,13.6875,1.4375],"rotation":0,"texture":"#283f017f-fe3b-a834-c67e-5b3174e722a6","tintindex":0},"west":{"uv":[13.5,11.625,13.625,11.8125],"rotation":0,"texture":"#283f017f-fe3b-a834-c67e-5b3174e722a6","tintindex":0}}},{"name":"cube","from":[10.980801,14.8886385,8.8934],"to":[11.9744005,17.372639,10.3838005],"rotation":{"angle":-22.5,"axis":"x","origin":[8.0,17.628803,8.645]},"faces":{"down":{"uv":[14.0625,1.375,14.0,1.5],"rotation":0,"texture":"#283f017f-fe3b-a834-c67e-5b3174e722a6","tintindex":0},"east":{"uv":[13.625,11.625,13.5,11.8125],"rotation":0,"texture":"#283f017f-fe3b-a834-c67e-5b3174e722a6","tintindex":0},"north":{"uv":[10.75,14.1875,10.6875,14.375],"rotation":0,"texture":"#283f017f-fe3b-a834-c67e-5b3174e722a6","tintindex":0},"south":{"uv":[10.3125,13.625,10.25,13.8125],"rotation":0,"texture":"#283f017f-fe3b-a834-c67e-5b3174e722a6","tintindex":0},"up":{"uv":[13.6875,1.3125,13.625,1.4375],"rotation":0,"texture":"#283f017f-fe3b-a834-c67e-5b3174e722a6","tintindex":0},"west":{"uv":[7.875,13.6875,7.75,13.875],"rotation":0,"texture":"#283f017f-fe3b-a834-c67e-5b3174e722a6","tintindex":0}}},{"name":"cube","from":[10.980801,14.8886385,5.9125996],"to":[11.9744005,17.372639,7.403],"rotation":{"angle":-22.5,"axis":"x","origin":[8.0,17.628803,8.645]},"faces":{"down":{"uv":[13.875,1.375,13.8125,1.5],"rotation":0,"texture":"#283f017f-fe3b-a834-c67e-5b3174e722a6","tintindex":0},"east":{"uv":[11.125,13.5625,11.0,13.75],"rotation":0,"texture":"#283f017f-fe3b-a834-c67e-5b3174e722a6","tintindex":0},"north":{"uv":[10.125,13.5625,10.0625,13.75],"rotation":0,"texture":"#283f017f-fe3b-a834-c67e-5b3174e722a6","tintindex":0},"south":{"uv":[10.5,13.8125,10.4375,14.0],"rotation":0,"texture":"#283f017f-fe3b-a834-c67e-5b3174e722a6","tintindex":0},"up":{"uv":[15.8125,0.1875,15.75,0.3125],"rotation":0,"texture":"#283f017f-fe3b-a834-c67e-5b3174e722a6","tintindex":0},"west":{"uv":[8.3125,14.0625,8.1875,14.25],"rotation":0,"texture":"#283f017f-fe3b-a834-c67e-5b3174e722a6","tintindex":0}}},{"name":"cube","from":[4.5224,14.896402,4.6706],"to":[11.4776,16.386803,11.6258],"rotation":{"angle":-22.5,"axis":"x","origin":[8.0,17.628803,8.645]},"faces":{"down":{"uv":[15.125,9.0,15.6875,9.5625],"rotation":0,"texture":"#283f017f-fe3b-a834-c67e-5b3174e722a6","tintindex":0},"east":{"uv":[13.1875,11.9375,13.75,12.0625],"rotation":0,"texture":"#283f017f-fe3b-a834-c67e-5b3174e722a6","tintindex":0},"north":{"uv":[15.125,0.1875,15.6875,0.3125],"rotation":0,"texture":"#283f017f-fe3b-a834-c67e-5b3174e722a6","tintindex":0},"south":{"uv":[15.3125,2.8125,15.4375,3.375],"rotation":90,"texture":"#283f017f-fe3b-a834-c67e-5b3174e722a6","tintindex":0},"up":{"uv":[14.625,5.6875,15.1875,6.25],"rotation":0,"texture":"#283f017f-fe3b-a834-c67e-5b3174e722a6","tintindex":0},"west":{"uv":[13.1875,11.5,13.75,11.625],"rotation":0,"texture":"#283f017f-fe3b-a834-c67e-5b3174e722a6","tintindex":0}}},{"name":"cube","from":[6.0127997,14.8595295,4.1738],"to":[7.5032,17.380402,5.1674],"rotation":{"angle":-22.5,"axis":"x","origin":[8.0,17.628803,8.645]},"faces":{"down":{"uv":[0.6875,15.375,0.8125,15.4375],"rotation":0,"texture":"#283f017f-fe3b-a834-c67e-5b3174e722a6","tintindex":0},"east":{"uv":[1.25,15.0,1.3125,15.1875],"rotation":0,"texture":"#283f017f-fe3b-a834-c67e-5b3174e722a6","tintindex":0},"north":{"uv":[1.375,15.0,1.5,15.1875],"rotation":0,"texture":"#283f017f-fe3b-a834-c67e-5b3174e722a6","tintindex":0},"south":{"uv":[0.0,15.5625,0.125,15.75],"rotation":0,"texture":"#283f017f-fe3b-a834-c67e-5b3174e722a6","tintindex":0},"up":{"uv":[1.375,14.875,1.5,14.9375],"rotation":0,"texture":"#283f017f-fe3b-a834-c67e-5b3174e722a6","tintindex":0},"west":{"uv":[1.625,15.0,1.6875,15.1875],"rotation":0,"texture":"#283f017f-fe3b-a834-c67e-5b3174e722a6","tintindex":0}}},{"name":"cube","from":[8.496799,14.8595295,4.1738],"to":[9.9872,17.380402,5.1674],"rotation":{"angle":-22.5,"axis":"x","origin":[8.0,17.628803,8.645]},"faces":{"down":{"uv":[0.0,15.8125,0.125,15.875],"rotation":0,"texture":"#283f017f-fe3b-a834-c67e-5b3174e722a6","tintindex":0},"east":{"uv":[0.5625,15.5625,0.625,15.75],"rotation":0,"texture":"#283f017f-fe3b-a834-c67e-5b3174e722a6","tintindex":0},"north":{"uv":[0.125,15.625,0.25,15.8125],"rotation":0,"texture":"#283f017f-fe3b-a834-c67e-5b3174e722a6","tintindex":0},"south":{"uv":[0.375,15.5625,0.5,15.75],"rotation":0,"texture":"#283f017f-fe3b-a834-c67e-5b3174e722a6","tintindex":0},"up":{"uv":[1.25,15.1875,1.375,15.25],"rotation":0,"texture":"#283f017f-fe3b-a834-c67e-5b3174e722a6","tintindex":0},"west":{"uv":[0.3125,15.5625,0.375,15.75],"rotation":0,"texture":"#283f017f-fe3b-a834-c67e-5b3174e722a6","tintindex":0}}}],"display":{"head":{"translation":[0.0,-6.4,0.0],"rotation":[0.0,0.0,0.0],"scale":[3.8095,3.8095,3.8095]},"gui":{"translation":[0.0,0.0,0.0],"rotation":[35.0,225.0,0.0],"scale":[0.625,0.625,0.625]}}}