{"textures":{"0":"modelengine:entity/iron_demon"},"elements":[{"name":"cube","from":[-0.058883905,13.657774,4.26999],"to":[6.6911163,19.657776,13.978975],"rotation":{"angle":22.5,"axis":"z","origin":[8.038247,16.554617,9.126909]},"faces":{"down":{"uv":[2.875,8.5625,2.1875,9.5625],"rotation":0,"texture":"#0","tintindex":0},"east":{"uv":[9.3125,7.25,10.3125,7.875],"rotation":0,"texture":"#0","tintindex":0},"north":{"uv":[11.5,1.625,12.1875,2.25],"rotation":0,"texture":"#0","tintindex":0},"south":{"uv":[11.625,0.8125,12.3125,1.4375],"rotation":0,"texture":"#0","tintindex":0},"up":{"uv":[9.1875,5.0,8.5,4.0],"rotation":0,"texture":"#0","tintindex":0},"west":{"uv":[5.75,9.375,6.75,10.0],"rotation":0,"texture":"#0","tintindex":0}}},{"name":"cube","from":[1.1553307,13.347195,4.3110056],"to":[7.905331,19.347195,13.9660845],"rotation":{"angle":0.0,"axis":"x","origin":[8.038247,16.554617,9.126909]},"faces":{"down":{"uv":[9.3125,6.875,8.625,7.875],"rotation":0,"texture":"#0","tintindex":0},"east":{"uv":[9.375,7.875,10.375,8.5],"rotation":0,"texture":"#0","tintindex":0},"north":{"uv":[11.625,5.75,12.3125,6.375],"rotation":0,"texture":"#0","tintindex":0},"south":{"uv":[11.4375,11.625,12.125,12.25],"rotation":0,"texture":"#0","tintindex":0},"up":{"uv":[8.6875,9.5625,8.0,8.5625],"rotation":0,"texture":"#0","tintindex":0},"west":{"uv":[9.375,8.5,10.375,9.125],"rotation":0,"texture":"#0","tintindex":0}}},{"name":"cube","from":[8.090756,13.347195,4.3110056],"to":[14.840756,19.347195,13.9660845],"rotation":{"angle":0.0,"axis":"x","origin":[8.038247,16.554617,9.126909]},"faces":{"down":{"uv":[7.75,8.875,7.0625,9.875],"rotation":0,"texture":"#0","tintindex":0},"east":{"uv":[9.375,9.125,10.375,9.75],"rotation":0,"texture":"#0","tintindex":0},"north":{"uv":[11.6875,0.0,12.375,0.625],"rotation":0,"texture":"#0","tintindex":0},"south":{"uv":[8.875,11.6875,9.5625,12.3125],"rotation":0,"texture":"#0","tintindex":0},"up":{"uv":[9.375,8.875,8.6875,7.875],"rotation":0,"texture":"#0","tintindex":0},"west":{"uv":[4.5,9.4375,5.5,10.0625],"rotation":0,"texture":"#0","tintindex":0}}},{"name":"cube","from":[9.317282,13.59588,4.26999],"to":[16.067282,19.595879,13.978975],"rotation":{"angle":-22.5,"axis":"z","origin":[8.038247,16.554617,9.126909]},"faces":{"down":{"uv":[9.625,5.0,8.9375,6.0],"rotation":0,"texture":"#0","tintindex":0},"east":{"uv":[9.625,4.8125,10.625,5.4375],"rotation":0,"texture":"#0","tintindex":0},"north":{"uv":[3.5625,11.75,4.25,12.375],"rotation":0,"texture":"#0","tintindex":0},"south":{"uv":[10.4375,11.75,11.125,12.375],"rotation":0,"texture":"#0","tintindex":0},"up":{"uv":[9.375,9.875,8.6875,8.875],"rotation":0,"texture":"#0","tintindex":0},"west":{"uv":[9.375,9.75,10.375,10.375],"rotation":0,"texture":"#0","tintindex":0}}},{"name":"cube","from":[7.5101433,22.267887,3.2744823],"to":[12.910143,27.217888,14.974483],"rotation":{"angle":-22.5,"axis":"z","origin":[8.038247,16.554617,9.126909]},"faces":{"down":{"uv":[5.75,8.1875,5.1875,9.4375],"rotation":0,"texture":"#0","tintindex":0},"east":{"uv":[9.625,5.4375,10.875,5.9375],"rotation":0,"texture":"#0","tintindex":0},"north":{"uv":[0.0,9.5,0.5625,10.0],"rotation":0,"texture":"#0","tintindex":0},"south":{"uv":[12.75,11.4375,13.3125,11.9375],"rotation":0,"texture":"#0","tintindex":0},"up":{"uv":[2.1875,9.25,1.625,8.0],"rotation":0,"texture":"#0","tintindex":0},"west":{"uv":[9.8125,0.0,11.0625,0.5],"rotation":0,"texture":"#0","tintindex":0}}},{"name":"cube","from":[3.0898566,22.267887,3.2744823],"to":[8.639856,27.217888,14.974483],"rotation":{"angle":22.5,"axis":"z","origin":[7.961753,16.554617,9.126909]},"faces":{"down":{"uv":[8.9375,5.625,8.375,6.875],"rotation":0,"texture":"#0","tintindex":0},"east":{"uv":[9.8125,0.5,11.0625,1.0],"rotation":0,"texture":"#0","tintindex":0},"north":{"uv":[11.8125,12.75,12.375,13.25],"rotation":0,"texture":"#0","tintindex":0},"south":{"uv":[12.75,11.9375,13.3125,12.4375],"rotation":0,"texture":"#0","tintindex":0},"up":{"uv":[0.5625,9.5,0.0,8.25],"rotation":0,"texture":"#0","tintindex":0},"west":{"uv":[9.8125,3.1875,11.0625,3.6875],"rotation":0,"texture":"#0","tintindex":0}}},{"name":"cube","from":[3.5749998,17.995216,6.6439066],"to":[12.425,26.245216,11.143908],"rotation":{"angle":-22.5,"axis":"x","origin":[8.038247,16.554617,9.126909]},"faces":{"down":{"uv":[12.1875,2.4375,11.25,2.9375],"rotation":0,"texture":"#0","tintindex":0},"east":{"uv":[8.375,11.4375,8.875,12.3125],"rotation":0,"texture":"#0","tintindex":0},"north":{"uv":[5.9375,7.0,6.875,7.875],"rotation":0,"texture":"#0","tintindex":0},"south":{"uv":[7.0625,1.875,8.0,2.75],"rotation":0,"texture":"#0","tintindex":0},"up":{"uv":[10.0,11.6875,9.0625,11.1875],"rotation":0,"texture":"#0","tintindex":0},"west":{"uv":[2.0625,11.5625,2.5625,12.4375],"rotation":0,"texture":"#0","tintindex":0}}},{"name":"cube","from":[3.5749998,17.993359,7.1054273],"to":[12.425,26.243359,11.605428],"rotation":{"angle":22.5,"axis":"x","origin":[8.038247,16.554617,9.126909]},"faces":{"down":{"uv":[6.1875,11.375,5.25,11.875],"rotation":0,"texture":"#0","tintindex":0},"east":{"uv":[2.5625,11.5625,3.0625,12.4375],"rotation":0,"texture":"#0","tintindex":0},"north":{"uv":[2.1875,7.0625,3.125,7.9375],"rotation":0,"texture":"#0","tintindex":0},"south":{"uv":[3.125,7.0625,4.0625,7.9375],"rotation":0,"texture":"#0","tintindex":0},"up":{"uv":[12.25,4.8125,11.3125,4.3125],"rotation":0,"texture":"#0","tintindex":0},"west":{"uv":[3.0625,11.5625,3.5625,12.4375],"rotation":0,"texture":"#0","tintindex":0}}},{"name":"cube","from":[3.873043,8.20736,6.124482],"to":[12.123043,16.307362,12.124483],"rotation":{"angle":0.0,"axis":"x","origin":[8.038247,16.554617,9.126909]},"faces":{"down":{"uv":[11.625,1.0,10.75,1.625],"rotation":0,"texture":"#0","tintindex":0},"east":{"uv":[2.4375,10.6875,3.0625,11.5625],"rotation":0,"texture":"#0","tintindex":0},"north":{"uv":[7.5,5.625,8.375,6.5],"rotation":0,"texture":"#0","tintindex":0},"south":{"uv":[7.5,6.5,8.375,7.375],"rotation":0,"texture":"#0","tintindex":0},"up":{"uv":[11.25,3.125,10.375,2.5],"rotation":0,"texture":"#0","tintindex":0},"west":{"uv":[3.0625,10.6875,3.6875,11.5625],"rotation":0,"texture":"#0","tintindex":0}}},{"name":"cube","from":[0.25810766,14.623179,6.1397166],"to":[1.9081078,16.723179,12.109248],"rotation":{"angle":45.0,"axis":"z","origin":[8.038247,16.554617,9.126909]},"faces":{"down":{"uv":[7.9375,8.875,7.75,9.5],"rotation":0,"texture":"#0","tintindex":0},"east":{"uv":[8.25,1.625,8.875,1.875],"rotation":0,"texture":"#0","tintindex":0},"north":{"uv":[1.4375,10.8125,1.625,11.0625],"rotation":0,"texture":"#0","tintindex":0},"south":{"uv":[8.875,11.4375,9.0625,11.6875],"rotation":0,"texture":"#0","tintindex":0},"up":{"uv":[2.375,7.0625,2.1875,6.4375],"rotation":0,"texture":"#0","tintindex":0},"west":{"uv":[11.1875,7.75,11.8125,8.0],"rotation":0,"texture":"#0","tintindex":0}}},{"name":"cube","from":[14.138116,14.511585,6.1397166],"to":[15.7881155,16.611586,12.109248],"rotation":{"angle":-45.0,"axis":"z","origin":[8.038247,16.554617,9.126909]},"faces":{"down":{"uv":[2.0,13.5625,1.8125,14.1875],"rotation":0,"texture":"#0","tintindex":0},"east":{"uv":[13.625,13.0625,14.25,13.3125],"rotation":0,"texture":"#0","tintindex":0},"north":{"uv":[7.25,12.5625,7.4375,12.8125],"rotation":0,"texture":"#0","tintindex":0},"south":{"uv":[10.9375,12.9375,11.125,13.1875],"rotation":0,"texture":"#0","tintindex":0},"up":{"uv":[5.5,10.6875,5.3125,10.0625],"rotation":0,"texture":"#0","tintindex":0},"west":{"uv":[13.6875,2.875,14.3125,3.125],"rotation":0,"texture":"#0","tintindex":0}}},{"name":"cube","from":[4.623043,13.726416,8.201681],"to":[11.373043,16.726416,15.701682],"rotation":{"angle":45.0,"axis":"x","origin":[8.038247,16.554617,9.126909]},"faces":{"down":{"uv":[11.0625,9.5,10.375,10.3125],"rotation":0,"texture":"#0","tintindex":0},"east":{"uv":[12.3125,6.0625,13.125,6.375],"rotation":0,"texture":"#0","tintindex":0},"north":{"uv":[13.25,8.3125,13.9375,8.625],"rotation":0,"texture":"#0","tintindex":0},