{"file_name":"chest","texture_size":[256,256],"textures":{"283f017f-fe3b-a834-c67e-5b3174e722a6":"modelengine:entity/iron_demon","064ba5c2-b75f-2d2e-74b9-76ed85c89ebf":"modelengine:entity/molten_iron"},"elements":[{"name":"cube","from":[-0.058883905,13.657774,4.26999],"to":[6.6911163,19.657776,13.978975],"rotation":{"angle":22.5,"axis":"z","origin":[8.038247,16.554617,9.126909]},"faces":{"down":{"uv":[8.0625,8.75,7.375,9.75],"rotation":0,"texture":"#283f017f-fe3b-a834-c67e-5b3174e722a6","tintindex":0},"east":{"uv":[5.6875,9.75,6.6875,10.375],"rotation":0,"texture":"#283f017f-fe3b-a834-c67e-5b3174e722a6","tintindex":0},"north":{"uv":[6.6875,9.75,7.375,10.375],"rotation":0,"texture":"#283f017f-fe3b-a834-c67e-5b3174e722a6","tintindex":0},"south":{"uv":[8.375,9.75,9.0625,10.375],"rotation":0,"texture":"#283f017f-fe3b-a834-c67e-5b3174e722a6","tintindex":0},"up":{"uv":[7.375,9.75,6.6875,8.75],"rotation":0,"texture":"#283f017f-fe3b-a834-c67e-5b3174e722a6","tintindex":0},"west":{"uv":[7.375,9.75,8.375,10.375],"rotation":0,"texture":"#283f017f-fe3b-a834-c67e-5b3174e722a6","tintindex":0}}},{"name":"cube","from":[1.1553307,13.347195,4.3110056],"to":[7.905331,19.347195,13.9660845],"rotation":{"angle":0.0,"axis":"x","origin":[8.038247,16.554617,9.126909]},"faces":{"down":{"uv":[11.0625,7.75,10.375,8.75],"rotation":0,"texture":"#283f017f-fe3b-a834-c67e-5b3174e722a6","tintindex":0},"east":{"uv":[8.6875,8.75,9.6875,9.375],"rotation":0,"texture":"#283f017f-fe3b-a834-c67e-5b3174e722a6","tintindex":0},"north":{"uv":[9.6875,8.75,10.375,9.375],"rotation":0,"texture":"#283f017f-fe3b-a834-c67e-5b3174e722a6","tintindex":0},"south":{"uv":[11.375,8.75,12.0625,9.375],"rotation":0,"texture":"#283f017f-fe3b-a834-c67e-5b3174e722a6","tintindex":0},"up":{"uv":[10.375,8.75,9.6875,7.75],"rotation":0,"texture":"#283f017f-fe3b-a834-c67e-5b3174e722a6","tintindex":0},"west":{"uv":[10.375,8.75,11.375,9.375],"rotation":0,"texture":"#283f017f-fe3b-a834-c67e-5b3174e722a6","tintindex":0}}},{"name":"cube","from":[8.090756,13.347195,4.3110056],"to":[14.840756,19.347195,13.9660845],"rotation":{"angle":0.0,"axis":"x","origin":[8.038247,16.554617,9.126909]},"faces":{"down":{"uv":[9.5,4.1875,8.8125,5.1875],"rotation":0,"texture":"#283f017f-fe3b-a834-c67e-5b3174e722a6","tintindex":0},"east":{"uv":[7.125,5.1875,8.125,5.8125],"rotation":0,"texture":"#283f017f-fe3b-a834-c67e-5b3174e722a6","tintindex":0},"north":{"uv":[8.125,5.1875,8.8125,5.8125],"rotation":0,"texture":"#283f017f-fe3b-a834-c67e-5b3174e722a6","tintindex":0},"south":{"uv":[9.8125,5.1875,10.5,5.8125],"rotation":0,"texture":"#283f017f-fe3b-a834-c67e-5b3174e722a6","tintindex":0},"up":{"uv":[8.8125,5.1875,8.125,4.1875],"rotation":0,"texture":"#283f017f-fe3b-a834-c67e-5b3174e722a6","tintindex":0},"west":{"uv":[8.8125,5.1875,9.8125,5.8125],"rotation":0,"texture":"#283f017f-fe3b-a834-c67e-5b3174e722a6","tintindex":0}}},{"name":"cube","from":[9.317282,13.59588,4.26999],"to":[16.067282,19.595879,13.978975],"rotation":{"angle":-22.5,"axis":"z","origin":[8.038247,16.554617,9.126909]},"faces":{"down":{"uv":[10.875,5.8125,10.1875,6.8125],"rotation":0,"texture":"#283f017f-fe3b-a834-c67e-5b3174e722a6","tintindex":0},"east":{"uv":[8.5,6.8125,9.5,7.4375],"rotation":0,"texture":"#283f017f-fe3b-a834-c67e-5b3174e722a6","tintindex":0},"north":{"uv":[9.5,6.8125,10.1875,7.4375],"rotation":0,"texture":"#283f017f-fe3b-a834-c67e-5b3174e722a6","tintindex":0},"south":{"uv":[11.1875,6.8125,11.875,7.4375],"rotation":0,"texture":"#283f017f-fe3b-a834-c67e-5b3174e722a6","tintindex":0},"up":{"uv":[10.1875,6.8125,9.5,5.8125],"rotation":0,"texture":"#283f017f-fe3b-a834-c67e-5b3174e722a6","tintindex":0},"west":{"uv":[10.1875,6.8125,11.1875,7.4375],"rotation":0,"texture":"#283f017f-fe3b-a834-c67e-5b3174e722a6","tintindex":0}}},{"name":"cube","from":[7.5101433,22.267887,3.2744823],"to":[12.910143,27.217888,14.974483],"rotation":{"angle":-22.5,"axis":"z","origin":[8.038247,16.554617,9.126909]},"faces":{"down":{"uv":[8.5,6.75,7.9375,7.9375],"rotation":0,"texture":"#283f017f-fe3b-a834-c67e-5b3174e722a6","tintindex":0},"east":{"uv":[6.1875,7.9375,7.375,8.4375],"rotation":0,"texture":"#283f017f-fe3b-a834-c67e-5b3174e722a6","tintindex":0},"north":{"uv":[7.375,7.9375,7.9375,8.4375],"rotation":0,"texture":"#283f017f-fe3b-a834-c67e-5b3174e722a6","tintindex":0},"south":{"uv":[9.125,7.9375,9.6875,8.4375],"rotation":0,"texture":"#283f017f-fe3b-a834-c67e-5b3174e722a6","tintindex":0},"up":{"uv":[7.9375,7.9375,7.375,6.75],"rotation":0,"texture":"#283f017f-fe3b-a834-c67e-5b3174e722a6","tintindex":0},"west":{"uv":[7.9375,7.9375,9.125,8.4375],"rotation":0,"texture":"#283f017f-fe3b-a834-c67e-5b3174e722a6","tintindex":0}}},{"name":"cube","from":[3.5749998,17.995216,6.6439066],"to":[12.425,26.245216,11.143908],"rotation":{"angle":-22.5,"axis":"x","origin":[8.038247,16.554617,9.126909]},"faces":{"down":{"uv":[14.5,8.5,13.625,8.9375],"rotation":0,"texture":"#283f017f-fe3b-a834-c67e-5b3174e722a6","tintindex":0},"east":{"uv":[12.3125,8.9375,12.75,9.75],"rotation":0,"texture":"#283f017f-fe3b-a834-c67e-5b3174e722a6","tintindex":0},"north":{"uv":[12.75,8.9375,13.625,9.75],"rotation":0,"texture":"#283f017f-fe3b-a834-c67e-5b3174e722a6","tintindex":0},"south":{"uv":[14.0625,8.9375,14.9375,9.75],"rotation":0,"texture":"#283f017f-fe3b-a834-c67e-5b3174e722a6","tintindex":0},"up":{"uv":[13.625,8.9375,12.75,8.5],"rotation":0,"texture":"#283f017f-fe3b-a834-c67e-5b3174e722a6","tintindex":0},"west":{"uv":[13.625,8.9375,14.0625,9.75],"rotation":0,"texture":"#283f017f-fe3b-a834-c67e-5b3174e722a6","tintindex":0}}},{"name":"cube","from":[3.5749998,17.993359,7.1054273],"to":[12.425,26.243359,11.605428],"rotation":{"angle":22.5,"axis":"x","origin":[8.038247,16.554617,9.126909]},"faces":{"down":{"uv":[8.625,12.25,7.75,12.6875],"rotation":0,"texture":"#283f017f-fe3b-a834-c67e-5b3174e722a6","tintindex":0},"east":{"uv":[6.4375,12.6875,6.875,13.5],"rotation":0,"texture":"#283f017f-fe3b-a834-c67e-5b3174e722a6","tintindex":0},"north":{"uv":[6.875,12.6875,7.75,13.5],"rotation":0,"texture":"#283f017f-fe3b-a834-c67e-5b3174e722a6","tintindex":0},"south":{"uv":[8.1875,12.6875,9.0625,13.5],"rotation":0,"texture":"#283f017f-fe3b-a834-c67e-5b3174e722a6","tintindex":0},"up":{"uv":[7.75,12.6875,6.875,12.25],"rotation":0,"texture":"#283f017f-fe3b-a834-c67e-5b3174e722a6","tintindex":0},"west":{"uv":[7.75,12.6875,8.1875,13.5],"rotation":0,"texture":"#283f017f-fe3b-a834-c67e-5b3174e722a6","tintindex":0}}},{"name":"cube","from":[3.0982544,19.029778,3.2744823],"to":[8.798254,27.279778,14.974483],"rotation":{"angle":22.5,"axis":"z","origin":[8.038247,16.554617,9.126909]},"faces":{"down":{"uv":[4.5,7.9375,3.9375,9.125],"rotation":0,"texture":"#283f017f-fe3b-a834-c67e-5b3174e722a6","tintindex":0},"east":{"uv":[2.1875,9.125,3.375,9.9375],"rotation":0,"texture":"#283f017f-fe3b-a834-c67e-5b3174e722a6","tintindex":0},"north":{"uv":[3.375,9.125,3.9375,9.9375],"rotation":0,"texture":"#283f017f-fe3b-a834-c67e-5b3174e722a6","tintindex":0},"south":{"uv":[5.125,9.125,5.6875,9.9375],"rotation":0,"texture":"#283f017f-fe3b-a834-c67e-5b3174e722a6","tintindex":0},"up":{"uv":[3.9375,9.125,3.375,7.9375],"rotation":0,"texture":"#283f017f-fe3b-a834-c67e-5b3174e722a6","tintindex":0},"west":{"uv":[3.9375,9.125,5.125,9.9375],"rotation":0,"texture":"#283f017f-fe3b-a834-c67e-5b3174e722a6","tintindex":0}}},{"name":"cube","from":[3.873043,8.20736,6.124482],"to":[12.123043,16.307362,12.124483],"rotation":{"angle":0.0,"axis":"x","origin":[8.038247,16.554617,9.126909]},"faces":{"down":{"uv":[13.125,5.0,12.3125,5.625],"rotation":0,"texture":"#283f017f-fe3b-a834-c67e-5b3174e722a6","tintindex":0},"east":{"uv":[10.875,5.625,11.5,6.4375],"rotation":0,"texture":"#283f017f-fe3b-a834-c67e-5b3174e722a6","tintindex":0},"north":{"uv":[11.5,5.625,12.3125,6.4375],"rotation":0,"texture":"#283f017f-fe3b-a834-c67e-5b3174e722a6","tintindex":0},"south":{"uv":[12.9375,5.625,13.75,6.4375],"rotation":0,"texture":"#283f017f-fe3b-a834-c67e-5b3174e722a6","tintindex":0},