{"textures":{"0":"modelengine:entity/iron_demon"},"elements":[{"name":"cube","from":[5.45,5.7697077,2.7759864],"to":[6.95,7.929708,6.075987],"rotation":{"angle":-22.5,"axis":"x","origin":[1.0830431,7.149708,5.325987]},"faces":{"down":{"uv":[6.4375,13.0625,6.25,13.4375],"rotation":0,"texture":"#0","tintindex":0},"east":{"uv":[8.0,2.5,8.375,2.75],"rotation":0,"texture":"#0","tintindex":0},"north":{"uv":[6.625,14.25,6.8125,14.5],"rotation":0,"texture":"#0","tintindex":0},"south":{"uv":[11.25,14.25,11.4375,14.5],"rotation":0,"texture":"#0","tintindex":0},"up":{"uv":[2.5625,5.1875,2.375,4.8125],"rotation":0,"texture":"#0","tintindex":0},"west":{"uv":[10.875,13.9375,11.25,14.1875],"rotation":0,"texture":"#0","tintindex":0}}},{"name":"cube","from":[5.7499995,5.0917077,5.6757727],"to":[10.25,8.151709,10.175774],"rotation":{"angle":0.0,"axis":"x","origin":[8.0,13.839021,8.000026]},"faces":{"down":{"uv":[13.4375,9.4375,12.9375,9.9375],"rotation":0,"texture":"#0","tintindex":0},"east":{"uv":[6.125,13.75,6.625,14.0625],"rotation":0,"texture":"#0","tintindex":0},"north":{"uv":[12.3125,1.125,12.8125,1.4375],"rotation":0,"texture":"#0","tintindex":0},"south":{"uv":[13.75,0.0,14.25,0.3125],"rotation":0,"texture":"#0","tintindex":0},"up":{"uv":[6.9375,13.4375,6.4375,12.9375],"rotation":0,"texture":"#0","tintindex":0},"west":{"uv":[6.125,13.75,6.625,14.0625],"rotation":0,"texture":"#0","tintindex":0}}},{"name":"cube","from":[6.95,5.6917076,9.800774],"to":[9.05,7.851708,13.400774],"rotation":{"angle":22.5,"axis":"x","origin":[3.183043,7.0717077,10.625772]},"faces":{"down":{"uv":[8.5625,13.75,8.3125,14.125],"rotation":0,"texture":"#0","tintindex":0},"east":{"uv":[10.875,13.9375,11.25,14.1875],"rotation":0,"texture":"#0","tintindex":0},"north":{"uv":[13.375,14.125,13.625,14.375],"rotation":0,"texture":"#0","tintindex":0},"south":{"uv":[13.625,14.125,13.875,14.375],"rotation":0,"texture":"#0","tintindex":0},"up":{"uv":[7.1875,13.3125,6.9375,12.9375],"rotation":0,"texture":"#0","tintindex":0},"west":{"uv":[11.25,13.9375,10.875,14.1875],"rotation":0,"texture":"#0","tintindex":0}}},{"name":"cube","from":[7.3999996,7.5321417,11.77455],"to":[8.6,8.792142,14.47455],"rotation":{"angle":45.0,"axis":"x","origin":[3.183043,6.7371416,10.6495495]},"faces":{"down":{"uv":[6.25,14.3125,6.125,14.625],"rotation":0,"texture":"#0","tintindex":0},"east":{"uv":[14.25,9.875,14.5625,10.0],"rotation":0,"texture":"#0","tintindex":0},"north":{"uv":[1.1875,14.5,1.3125,14.625],"rotation":0,"texture":"#0","tintindex":0},"south":{"uv":[1.3125,14.5,1.4375,14.625],"rotation":0,"texture":"#0","tintindex":0},"up":{"uv":[14.4375,6.375,14.3125,6.0625],"rotation":0,"texture":"#0","tintindex":0},"west":{"uv":[14.3125,3.375,14.625,3.5],"rotation":0,"texture":"#0","tintindex":0}}},{"name":"cube","from":[9.05,5.7697077,2.7759864],"to":[10.55,7.929708,6.075987],"rotation":{"angle":-22.5,"axis":"x","origin":[4.683043,7.149708,5.325987]},"faces":{"down":{"uv":[6.625,14.0625,6.4375,14.4375],"rotation":0,"texture":"#0","tintindex":0},"east":{"uv":[10.875,13.9375,11.25,14.1875],"rotation":0,"texture":"#0","tintindex":0},"north":{"uv":[14.25,11.3125,14.4375,11.5625],"rotation":0,"texture":"#0","tintindex":0},"south":{"uv":[12.75,14.25,12.9375,14.5],"rotation":0,"texture":"#0","tintindex":0},"up":{"uv":[13.375,14.375,13.1875,14.0],"rotation":0,"texture":"#0","tintindex":0},"west":{"uv":[13.875,7.125,14.25,7.375],"rotation":0,"texture":"#0","tintindex":0}}},{"name":"cube","from":[9.35,7.5351415,1.7022096],"to":[10.25,8.795141,4.4022098],"rotation":{"angle":-45.0,"axis":"x","origin":[4.683043,6.8151417,5.30221]},"faces":{"down":{"uv":[14.4375,6.375,14.3125,6.6875],"rotation":0,"texture":"#0","tintindex":0},"east":{"uv":[14.3125,3.5,14.625,3.625],"rotation":0,"texture":"#0","tintindex":0},"north":{"uv":[14.5,1.375,14.625,1.5],"rotation":0,"texture":"#0","tintindex":0},"south":{"uv":[1.4375,14.5,1.5625,14.625],"rotation":0,"texture":"#0","tintindex":0},"up":{"uv":[6.375,14.625,6.25,14.3125],"rotation":0,"texture":"#0","tintindex":0},"west":{"uv":[14.3125,5.625,14.625,5.75],"rotation":0,"texture":"#0","tintindex":0}}},{"name":"cube","from":[7.2499995,5.7697077,2.7759864],"to":[8.75,7.929708,6.075987],"rotation":{"angle":-22.5,"axis":"x","origin":[2.883043,7.149708,5.325987]},"faces":{"down":{"uv":[1.125,14.125,0.9375,14.5],"rotation":0,"texture":"#0","tintindex":0},"east":{"uv":[13.375,13.875,13.75,14.125],"rotation":0,"texture":"#0","tintindex":0},"north":{"uv":[14.25,12.75,14.4375,13.0],"rotation":0,"texture":"#0","tintindex":0},"south":{"uv":[12.9375,14.25,13.125,14.5],"rotation":0,"texture":"#0","tintindex":0},"up":{"uv":[9.0,14.4375,8.8125,14.0625],"rotation":0,"texture":"#0","tintindex":0},"west":{"uv":[13.75,13.875,14.125,14.125],"rotation":0,"texture":"#0","tintindex":0}}},{"name":"cube","from":[7.5499997,7.5351415,1.7022096],"to":[8.45,8.795141,4.4022098],"rotation":{"angle":-45.0,"axis":"x","origin":[2.883043,6.8151417,5.30221]},"faces":{"down":{"uv":[9.8125,14.3125,9.6875,14.625],"rotation":0,"texture":"#0","tintindex":0},"east":{"uv":[14.3125,6.6875,14.625,6.8125],"rotation":0,"texture":"#0","tintindex":0},"north":{"uv":[14.5,1.5,14.625,1.625],"rotation":0,"texture":"#0","tintindex":0},"south":{"uv":[1.5625,14.5,1.6875,14.625],"rotation":0,"texture":"#0","tintindex":0},"up":{"uv":[9.6875,14.625,9.5625,14.3125],"rotation":0,"texture":"#0","tintindex":0},"west":{"uv":[14.3125,6.8125,14.625,6.9375],"rotation":0,"texture":"#0","tintindex":0}}},{"name":"cube","from":[5.7499995,7.5351415,1.7022096],"to":[6.6499996,8.795141,4.4022098],"rotation":{"angle":-45.0,"axis":"x","origin":[1.0830431,6.8151417,5.30221]},"faces":{"down":{"uv":[10.0625,14.3125,9.9375,14.625],"rotation":0,"texture":"#0","tintindex":0},"east":{"uv":[14.3125,6.9375,14.625,7.0625],"rotation":0,"texture":"#0","tintindex":0},"north":{"uv":[14.5,1.625,14.625,1.75],"rotation":0,"texture":"#0","tintindex":0},"south":{"uv":[14.5,1.75,14.625,1.875],"rotation":0,"texture":"#0","tintindex":0},"up":{"uv":[9.9375,14.625,9.8125,14.3125],"rotation":0,"texture":"#0","tintindex":0},"west":{"uv":[14.3125,8.3125,14.625,8.4375],"rotation":0,"texture":"#0","tintindex":0}}}],"display":{"head":{"translation":[0.0,-6.4,0.0],"rotation":[0.0,0.0,0.0],"scale":[3.8095,3.8095,3.8095]}}}