{"file_name":"foot_l","texture_size":[256,256],"textures":{"283f017f-fe3b-a834-c67e-5b3174e722a6":"modelengine:entity/iron_demon","064ba5c2-b75f-2d2e-74b9-76ed85c89ebf":"modelengine:entity/molten_iron"},"elements":[{"name":"cube","from":[9.05,5.7697077,2.7759864],"to":[10.55,7.929708,6.075987],"rotation":{"angle":-22.5,"axis":"x","origin":[14.916957,7.149708,5.325987]},"faces":{"down":{"uv":[11.25,12.5625,11.125,12.875],"rotation":0,"texture":"#283f017f-fe3b-a834-c67e-5b3174e722a6","tintindex":0},"east":{"uv":[10.6875,12.875,11.0,13.0625],"rotation":0,"texture":"#283f017f-fe3b-a834-c67e-5b3174e722a6","tintindex":0},"north":{"uv":[11.0,12.875,11.125,13.0625],"rotation":0,"texture":"#283f017f-fe3b-a834-c67e-5b3174e722a6","tintindex":0},"south":{"uv":[11.4375,12.875,11.5625,13.0625],"rotation":0,"texture":"#283f017f-fe3b-a834-c67e-5b3174e722a6","tintindex":0},"up":{"uv":[11.125,12.875,11.0,12.5625],"rotation":0,"texture":"#283f017f-fe3b-a834-c67e-5b3174e722a6","tintindex":0},"west":{"uv":[11.125,12.875,11.4375,13.0625],"rotation":0,"texture":"#283f017f-fe3b-a834-c67e-5b3174e722a6","tintindex":0}}},{"name":"cube","from":[5.75,5.0917077,5.6757727],"to":[10.25,8.151709,10.175774],"rotation":{"angle":0.0,"axis":"x","origin":[8.0,13.839021,8.000026]},"faces":{"down":{"uv":[11.6875,14.0625,11.25,14.5],"rotation":0,"texture":"#283f017f-fe3b-a834-c67e-5b3174e722a6","tintindex":0},"east":{"uv":[10.375,14.5,10.8125,14.8125],"rotation":0,"texture":"#283f017f-fe3b-a834-c67e-5b3174e722a6","tintindex":0},"north":{"uv":[10.8125,14.5,11.25,14.8125],"rotation":0,"texture":"#283f017f-fe3b-a834-c67e-5b3174e722a6","tintindex":0},"south":{"uv":[11.6875,14.5,12.125,14.8125],"rotation":0,"texture":"#283f017f-fe3b-a834-c67e-5b3174e722a6","tintindex":0},"up":{"uv":[11.25,14.5,10.8125,14.0625],"rotation":0,"texture":"#283f017f-fe3b-a834-c67e-5b3174e722a6","tintindex":0},"west":{"uv":[11.25,14.5,11.6875,14.8125],"rotation":0,"texture":"#283f017f-fe3b-a834-c67e-5b3174e722a6","tintindex":0}}},{"name":"cube","from":[6.95,5.6917076,9.800774],"to":[9.05,7.851708,13.400774],"rotation":{"angle":22.5,"axis":"x","origin":[12.8169565,7.0717077,10.625772]},"faces":{"down":{"uv":[6.6875,1.9375,6.5,2.3125],"rotation":0,"texture":"#283f017f-fe3b-a834-c67e-5b3174e722a6","tintindex":0},"east":{"uv":[5.9375,2.3125,6.3125,2.5],"rotation":0,"texture":"#283f017f-fe3b-a834-c67e-5b3174e722a6","tintindex":0},"north":{"uv":[6.3125,2.3125,6.5,2.5],"rotation":0,"texture":"#283f017f-fe3b-a834-c67e-5b3174e722a6","tintindex":0},"south":{"uv":[6.875,2.3125,7.0625,2.5],"rotation":0,"texture":"#283f017f-fe3b-a834-c67e-5b3174e722a6","tintindex":0},"up":{"uv":[6.5,2.3125,6.3125,1.9375],"rotation":0,"texture":"#283f017f-fe3b-a834-c67e-5b3174e722a6","tintindex":0},"west":{"uv":[6.5,2.3125,6.875,2.5],"rotation":0,"texture":"#283f017f-fe3b-a834-c67e-5b3174e722a6","tintindex":0}}},{"name":"cube","from":[7.4,7.5321417,11.77455],"to":[8.6,8.792142,14.47455],"rotation":{"angle":45.0,"axis":"x","origin":[12.8169565,6.7371416,10.6495495]},"faces":{"down":{"uv":[1.3125,2.0625,1.1875,2.3125],"rotation":0,"texture":"#283f017f-fe3b-a834-c67e-5b3174e722a6","tintindex":0},"east":{"uv":[0.8125,2.3125,1.0625,2.4375],"rotation":0,"texture":"#283f017f-fe3b-a834-c67e-5b3174e722a6","tintindex":0},"north":{"uv":[1.0625,2.3125,1.1875,2.4375],"rotation":0,"texture":"#283f017f-fe3b-a834-c67e-5b3174e722a6","tintindex":0},"south":{"uv":[1.4375,2.3125,1.5625,2.4375],"rotation":0,"texture":"#283f017f-fe3b-a834-c67e-5b3174e722a6","tintindex":0},"up":{"uv":[1.1875,2.3125,1.0625,2.0625],"rotation":0,"texture":"#283f017f-fe3b-a834-c67e-5b3174e722a6","tintindex":0},"west":{"uv":[1.1875,2.3125,1.4375,2.4375],"rotation":0,"texture":"#283f017f-fe3b-a834-c67e-5b3174e722a6","tintindex":0}}},{"name":"cube","from":[5.45,5.7697077,2.7759864],"to":[6.95,7.929708,6.075987],"rotation":{"angle":-22.5,"axis":"x","origin":[11.3169565,7.149708,5.325987]},"faces":{"down":{"uv":[5.9375,12.625,5.8125,12.9375],"rotation":0,"texture":"#283f017f-fe3b-a834-c67e-5b3174e722a6","tintindex":0},"east":{"uv":[5.375,12.9375,5.6875,13.125],"rotation":0,"texture":"#283f017f-fe3b-a834-c67e-5b3174e722a6","tintindex":0},"north":{"uv":[5.6875,12.9375,5.8125,13.125],"rotation":0,"texture":"#283f017f-fe3b-a834-c67e-5b3174e722a6","tintindex":0},"south":{"uv":[6.125,12.9375,6.25,13.125],"rotation":0,"texture":"#283f017f-fe3b-a834-c67e-5b3174e722a6","tintindex":0},"up":{"uv":[5.8125,12.9375,5.6875,12.625],"rotation":0,"texture":"#283f017f-fe3b-a834-c67e-5b3174e722a6","tintindex":0},"west":{"uv":[5.8125,12.9375,6.125,13.125],"rotation":0,"texture":"#283f017f-fe3b-a834-c67e-5b3174e722a6","tintindex":0}}},{"name":"cube","from":[5.75,7.5351415,1.7022096],"to":[6.6499996,8.795141,4.4022098],"rotation":{"angle":-45.0,"axis":"x","origin":[11.3169565,6.8151417,5.30221]},"faces":{"down":{"uv":[6.75,10.375,6.6875,10.625],"rotation":0,"texture":"#283f017f-fe3b-a834-c67e-5b3174e722a6","tintindex":0},"east":{"uv":[6.375,10.625,6.625,10.75],"rotation":0,"texture":"#283f017f-fe3b-a834-c67e-5b3174e722a6","tintindex":0},"north":{"uv":[6.625,10.625,6.6875,10.75],"rotation":0,"texture":"#283f017f-fe3b-a834-c67e-5b3174e722a6","tintindex":0},"south":{"uv":[6.9375,10.625,7.0,10.75],"rotation":0,"texture":"#283f017f-fe3b-a834-c67e-5b3174e722a6","tintindex":0},"up":{"uv":[6.6875,10.625,6.625,10.375],"rotation":0,"texture":"#283f017f-fe3b-a834-c67e-5b3174e722a6","tintindex":0},"west":{"uv":[6.6875,10.625,6.9375,10.75],"rotation":0,"texture":"#283f017f-fe3b-a834-c67e-5b3174e722a6","tintindex":0}}},{"name":"cube","from":[7.25,5.7697077,2.7759864],"to":[8.75,7.929708,6.075987],"rotation":{"angle":-22.5,"axis":"x","origin":[13.116957,7.149708,5.325987]},"faces":{"down":{"uv":[2.0625,11.4375,1.9375,11.75],"rotation":0,"texture":"#283f017f-fe3b-a834-c67e-5b3174e722a6","tintindex":0},"east":{"uv":[1.5,11.75,1.8125,11.9375],"rotation":0,"texture":"#283f017f-fe3b-a834-c67e-5b3174e722a6","tintindex":0},"north":{"uv":[1.8125,11.75,1.9375,11.9375],"rotation":0,"texture":"#283f017f-fe3b-a834-c67e-5b3174e722a6","tintindex":0},"south":{"uv":[2.25,11.75,2.375,11.9375],"rotation":0,"texture":"#283f017f-fe3b-a834-c67e-5b3174e722a6","tintindex":0},"up":{"uv":[1.9375,11.75,1.8125,11.4375],"rotation":0,"texture":"#283f017f-fe3b-a834-c67e-5b3174e722a6","tintindex":0},"west":{"uv":[1.9375,11.75,2.25,11.9375],"rotation":0,"texture":"#283f017f-fe3b-a834-c67e-5b3174e722a6","tintindex":0}}},{"name":"cube","from":[7.55,7.5351415,1.7022096],"to":[8.45,8.795141,4.4022098],"rotation":{"angle":-45.0,"axis":"x","origin":[13.116957,6.8151417,5.30221]},"faces":{"down":{"uv":[4.125,9.9375,4.0625,10.1875],"rotation":0,"texture":"#283f017f-fe3b-a834-c67e-5b3174e722a6","tintindex":0},"east":{"uv":[3.75,10.1875,4.0,10.3125],"rotation":0,"texture":"#283f017f-fe3b-a834-c67e-5b3174e722a6","tintindex":0},"north":{"uv":[4.0,10.1875,4.0625,10.3125],"rotation":0,"texture":"#283f017f-fe3b-a834-c67e-5b3174e722a6","tintindex":0},"south":{"uv":[4.3125,10.1875,4.375,10.3125],"rotation":0,"texture":"#283f017f-fe3b-a834-c67e-5b3174e722a6","tintindex":0},"up":{"uv":[4.0625,10.1875,4.0,9.9375],"rotation":0,"texture":"#283f017f-fe3b-a834-c67e-5b3174e722a6","tintindex":0},"west":{"uv":[4.0625,10.1875,4.3125,10.3125],"rotation":0,"texture":"#283f017f-fe3b-a834-c67e-5b3174e722a6","tintindex":0}}},{"name":"cube","from":[9.35,7.5351415,1.7022096],"to":[10.25,8.795141,4.4022098],"rotation":{"angle":-45.0,"axis":"x","origin":[14.916957,6.8151417,5.30221]},"faces":{"down":{"uv":[0.375,10.3125,0.3125,10.5625],"rotation":0,"texture":"#283f017f-fe3b-a834-c67e-5b3174e722a6","tintindex":0},"east":{"uv":[0.0,10.5625,0.25,10.6875],"rotation":0,"texture":"#283f017f-fe3b-a834-c67e-5b3174e722a6","tintindex":0},"north":{"uv":[0.25,10.5625,0.3125,10.6875],"rotation":0,"texture":"#283f017f-fe3b-a834-c67e-5b3174e722a6","tintindex":0},"south":{"uv":[0.5625,10.5625,0.625,10.6875],"rotation":0,"texture":"#283f017f-fe3b-a834-c67e-5b3174e722a6","tintindex":0},