{"textures":{"0":"modelengine:entity/iron_demon"},"elements":[{"from":[5.5714283,5.875912,3.0247488],"to":[7.0,7.9330554,6.1676064],"rotation":{"angle":-22.5,"axis":"x","origin":[1.4124217,7.190198,5.4533205]},"faces":{"east":{"uv":[8.0,2.5,8.375,2.75],"rotation":0,"texture":"#0","tintindex":0},"south":{"uv":[11.25,14.25,11.4375,14.5],"rotation":0,"texture":"#0","tintindex":0},"north":{"uv":[6.625,14.25,6.8125,14.5],"rotation":0,"texture":"#0","tintindex":0},"west":{"uv":[10.875,13.9375,11.25,14.1875],"rotation":0,"texture":"#0","tintindex":0},"up":{"uv":[2.5625,5.1875,2.375,4.8125],"rotation":0,"texture":"#0","tintindex":0},"down":{"uv":[6.4375,13.0625,6.25,13.4375],"rotation":0,"texture":"#0","tintindex":0}}},{"from":[5.8571424,5.230198,5.7864504],"to":[10.142858,8.144484,10.072165],"rotation":{"angle":0.0,"axis":"y","origin":[8.0,13.560972,8.000025]},"faces":{"east":{"uv":[6.125,13.75,6.625,14.0625],"rotation":0,"texture":"#0","tintindex":0},"south":{"uv":[13.75,0.0,14.25,0.3125],"rotation":0,"texture":"#0","tintindex":0},"north":{"uv":[12.3125,1.125,12.8125,1.4375],"rotation":0,"texture":"#0","tintindex":0},"west":{"uv":[6.125,13.75,6.625,14.0625],"rotation":0,"texture":"#0","tintindex":0},"up":{"uv":[6.9375,13.4375,6.4375,12.9375],"rotation":0,"texture":"#0","tintindex":0},"down":{"uv":[13.4375,9.4375,12.9375,9.9375],"rotation":0,"texture":"#0","tintindex":0}}},{"from":[7.0,5.801626,9.715022],"to":[9.0,7.8587694,13.143594],"rotation":{"angle":22.5,"axis":"x","origin":[3.4124222,7.1159124,10.500736]},"faces":{"east":{"uv":[10.875,13.9375,11.25,14.1875],"rotation":0,"texture":"#0","tintindex":0},"south":{"uv":[13.625,14.125,13.875,14.375],"rotation":0,"texture":"#0","tintindex":0},"north":{"uv":[13.375,14.125,13.625,14.375],"rotation":0,"texture":"#0","tintindex":0},"west":{"uv":[11.25,13.9375,10.875,14.1875],"rotation":0,"texture":"#0","tintindex":0},"up":{"uv":[7.1875,13.3125,6.9375,12.9375],"rotation":0,"texture":"#0","tintindex":0},"down":{"uv":[8.5625,13.75,8.3125,14.125],"rotation":0,"texture":"#0","tintindex":0}}},{"from":[7.428571,7.5544205,11.59481],"to":[8.571428,8.75442,14.166239],"rotation":{"angle":45.0,"axis":"x","origin":[3.4124222,6.7972775,10.523381]},"faces":{"east":{"uv":[14.25,9.875,14.5625,10.0],"rotation":0,"texture":"#0","tintindex":0},"south":{"uv":[1.3125,14.5,1.4375,14.625],"rotation":0,"texture":"#0","tintindex":0},"north":{"uv":[1.1875,14.5,1.3125,14.625],"rotation":0,"texture":"#0","tintindex":0},"west":{"uv":[14.3125,3.375,14.625,3.5],"rotation":0,"texture":"#0","tintindex":0},"up":{"uv":[14.4375,6.375,14.3125,6.0625],"rotation":0,"texture":"#0","tintindex":0},"down":{"uv":[6.25,14.3125,6.125,14.625],"rotation":0,"texture":"#0","tintindex":0}}},{"from":[9.0,5.875912,3.0247488],"to":[10.428572,7.9330554,6.1676064],"rotation":{"angle":-22.5,"axis":"x","origin":[4.840994,7.190198,5.4533205]},"faces":{"east":{"uv":[10.875,13.9375,11.25,14.1875],"rotation":0,"texture":"#0","tintindex":0},"south":{"uv":[12.75,14.25,12.9375,14.5],"rotation":0,"texture":"#0","tintindex":0},"north":{"uv":[14.25,11.3125,14.4375,11.5625],"rotation":0,"texture":"#0","tintindex":0},"west":{"uv":[13.875,7.125,14.25,7.375],"rotation":0,"texture":"#0","tintindex":0},"up":{"uv":[13.375,14.375,13.1875,14.0],"rotation":0,"texture":"#0","tintindex":0},"down":{"uv":[6.625,14.0625,6.4375,14.4375],"rotation":0,"texture":"#0","tintindex":0}}},{"from":[9.285714,7.5572777,2.0021043],"to":[10.142858,8.7572775,4.573533],"rotation":{"angle":-45.0,"axis":"x","origin":[4.840994,6.8715634,5.430676]},"faces":{"east":{"uv":[14.3125,3.5,14.625,3.625],"rotation":0,"texture":"#0","tintindex":0},"south":{"uv":[1.4375,14.5,1.5625,14.625],"rotation":0,"texture":"#0","tintindex":0},"north":{"uv":[14.5,1.375,14.625,1.5],"rotation":0,"texture":"#0","tintindex":0},"west":{"uv":[14.3125,5.625,14.625,5.75],"rotation":0,"texture":"#0","tintindex":0},"up":{"uv":[6.375,14.625,6.25,14.3125],"rotation":0,"texture":"#0","tintindex":0},"down":{"uv":[14.4375,6.375,14.3125,6.6875],"rotation":0,"texture":"#0","tintindex":0}}},{"from":[7.285714,5.875912,3.0247488],"to":[8.714286,7.9330554,6.1676064],"rotation":{"angle":-22.5,"axis":"x","origin":[3.1267076,7.190198,5.4533205]},"faces":{"east":{"uv":[13.375,13.875,13.75,14.125],"rotation":0,"texture":"#0","tintindex":0},"south":{"uv":[12.9375,14.25,13.125,14.5],"rotation":0,"texture":"#0","tintindex":0},"north":{"uv":[14.25,12.75,14.4375,13.0],"rotation":0,"texture":"#0","tintindex":0},"west":{"uv":[13.75,13.875,14.125,14.125],"rotation":0,"texture":"#0","tintindex":0},"up":{"uv":[9.0,14.4375,8.8125,14.0625],"rotation":0,"texture":"#0","tintindex":0},"down":{"uv":[1.125,14.125,0.9375,14.5],"rotation":0,"texture":"#0","tintindex":0}}},{"from":[7.5714283,7.5572777,2.0021043],"to":[8.428572,8.7572775,4.573533],"rotation":{"angle":-45.0,"axis":"x","origin":[3.1267076,6.8715634,5.430676]},"faces":{"east":{"uv":[14.3125,6.6875,14.625,6.8125],"rotation":0,"texture":"#0","tintindex":0},"south":{"uv":[1.5625,14.5,1.6875,14.625],"rotation":0,"texture":"#0","tintindex":0},"north":{"uv":[14.5,1.5,14.625,1.625],"rotation":0,"texture":"#0","tintindex":0},"west":{"uv":[14.3125,6.8125,14.625,6.9375],"rotation":0,"texture":"#0","tintindex":0},"up":{"uv":[9.6875,14.625,9.5625,14.3125],"rotation":0,"texture":"#0","tintindex":0},"down":{"uv":[9.8125,14.3125,9.6875,14.625],"rotation":0,"texture":"#0","tintindex":0}}},{"from":[5.8571424,7.5572777,2.0021043],"to":[6.714286,8.7572775,4.573533],"rotation":{"angle":-45.0,"axis":"x","origin":[1.4124217,6.8715634,5.430676]},"faces":{"east":{"uv":[14.3125,6.9375,14.625,7.0625],"rotation":0,"texture":"#0","tintindex":0},"south":{"uv":[14.5,1.75,14.625,1.875],"rotation":0,"texture":"#0","tintindex":0},"north":{"uv":[14.5,1.625,14.625,1.75],"rotation":0,"texture":"#0","tintindex":0},"west":{"uv":[14.3125,8.3125,14.625,8.4375],"rotation":0,"texture":"#0","tintindex":0},"up":{"uv":[9.9375,14.625,9.8125,14.3125],"rotation":0,"texture":"#0","tintindex":0},"down":{"uv":[10.0625,14.3125,9.9375,14.625],"rotation":0,"texture":"#0","tintindex":0}}}],"display":{"head":{"translation":[0.0,-6.4,0.0],"scale":[4.0,4.0,4.0]}}}