{"textures":{"0":"modelengine:entity/iron_demon"},"elements":[{"name":"cube","from":[2.9132326,3.6251204,0.63710904],"to":[10.563232,7.3751206,14.16289],"rotation":{"angle":0.0,"axis":"x","origin":[3.7382326,-0.34987974,7.262891]},"faces":{"down":{"uv":[4.5625,0.875,3.75,2.3125],"rotation":0,"texture":"#0","tintindex":0},"east":{"uv":[10.4375,6.6875,11.875,7.0625],"rotation":0,"texture":"#0","tintindex":0},"north":{"uv":[12.4375,7.5625,13.25,7.9375],"rotation":0,"texture":"#0","tintindex":0},"south":{"uv":[12.4375,7.9375,13.25,8.3125],"rotation":0,"texture":"#0","tintindex":0},"up":{"uv":[2.5625,4.8125,1.75,3.375],"rotation":0,"texture":"#0","tintindex":0},"west":{"uv":[10.75,10.3125,12.1875,10.6875],"rotation":0,"texture":"#0","tintindex":0}}},{"name":"cube","from":[3.3260002,4.1,0.6949997],"to":[9.776001,6.95,14.120001],"rotation":{"angle":22.5,"axis":"z","origin":[2.0510004,6.125,7.25]},"faces":{"down":{"uv":[6.375,5.25,5.6875,6.625],"rotation":0,"texture":"#0","tintindex":0},"east":{"uv":[11.3125,4.8125,12.6875,5.125],"rotation":0,"texture":"#0","tintindex":0},"north":{"uv":[13.3125,11.3125,14.0,11.625],"rotation":0,"texture":"#0","tintindex":0},"south":{"uv":[13.3125,11.625,14.0,11.9375],"rotation":0,"texture":"#0","tintindex":0},"up":{"uv":[6.375,5.25,5.6875,3.875],"rotation":0,"texture":"#0","tintindex":0},"west":{"uv":[11.625,6.375,13.0,6.6875],"rotation":0,"texture":"#0","tintindex":0}}},{"name":"cube","from":[9.679451,8.483719,-0.5125003],"to":[16.129452,11.345717,-0.5125003],"rotation":{"angle":-22.5,"axis":"z","origin":[12.90445,9.914721,-0.5125003]},"faces":{"down":{"uv":[0.6875,0.0,0.0,0.0],"rotation":0,"texture":"#0","tintindex":0},"east":{"uv":[0.0,0.0,0.0,0.3125],"rotation":0,"texture":"#0","tintindex":0},"north":{"uv":[13.3125,11.9375,14.0,12.25],"rotation":0,"texture":"#0","tintindex":0},"south":{"uv":[12.1875,13.3125,12.875,13.625],"rotation":0,"texture":"#0","tintindex":0},"up":{"uv":[0.6875,0.0,0.0,0.0],"rotation":0,"texture":"#0","tintindex":0},"west":{"uv":[0.0,0.0,0.0,0.3125],"rotation":0,"texture":"#0","tintindex":0}}},{"name":"cube","from":[12.8255825,12.937632,1.8977067],"to":[17.187582,14.177475,1.8977067],"rotation":{"angle":22.5,"axis":"x","origin":[15.006582,13.557553,1.8977067]},"faces":{"down":{"uv":[0.4375,0.0,0.0,0.0],"rotation":0,"texture":"#0","tintindex":0},"east":{"uv":[0.0,0.0,0.0,0.125],"rotation":0,"texture":"#0","tintindex":0},"north":{"uv":[11.3125,5.125,11.75,5.25],"rotation":0,"texture":"#0","tintindex":0},"south":{"uv":[10.0,12.25,10.4375,12.375],"rotation":0,"texture":"#0","tintindex":0},"up":{"uv":[0.4375,0.0,0.0,0.0],"rotation":0,"texture":"#0","tintindex":0},"west":{"uv":[0.0,0.0,0.0,0.125],"rotation":0,"texture":"#0","tintindex":0}}},{"name":"cube","from":[6.9815817,3.5406356,-0.5500004],"to":[16.431583,10.002634,15.35],"rotation":{"angle":0.0,"axis":"x","origin":[11.706582,6.771637,3.4203124]},"faces":{"down":{"uv":[2.8125,1.6875,1.8125,3.375],"rotation":0,"texture":"#0","tintindex":0},"east":{"uv":[4.625,0.0,6.3125,0.6875],"rotation":0,"texture":"#0","tintindex":0},"north":{"uv":[8.8125,3.3125,9.8125,4.0],"rotation":0,"texture":"#0","tintindex":0},"south":{"uv":[8.9375,6.0,9.9375,6.6875],"rotation":0,"texture":"#0","tintindex":0},"up":{"uv":[2.8125,1.6875,1.8125,0.0],"rotation":0,"texture":"#0","tintindex":0},"west":{"uv":[0.0,4.8125,1.6875,5.5],"rotation":0,"texture":"#0","tintindex":0}}},{"name":"cube","from":[9.626001,-3.7000003,2.928125],"to":[17.888,10.25,11.871875],"rotation":{"angle":22.5,"axis":"z","origin":[2.0510004,6.125,4.671875]},"faces":{"down":{"uv":[8.25,0.9375,7.375,1.875],"rotation":0,"texture":"#0","tintindex":0},"east":{"uv":[2.8125,0.875,3.75,2.3125],"rotation":0,"texture":"#0","tintindex":0},"north":{"uv":[0.0,3.375,0.875,4.8125],"rotation":0,"texture":"#0","tintindex":0},"south":{"uv":[0.875,3.375,1.75,4.8125],"rotation":0,"texture":"#0","tintindex":0},"up":{"uv":[8.25,0.9375,7.375,0.0],"rotation":0,"texture":"#0","tintindex":0},"west":{"uv":[2.8125,2.3125,3.75,3.75],"rotation":0,"texture":"#0","tintindex":0}}},{"name":"cube","from":[9.7848625,7.0680065,4.85],"to":[14.884863,22.218006,9.950001],"rotation":{"angle":0.0,"axis":"x","origin":[12.847863,-9.206996,6.6499996]},"faces":{"down":{"uv":[9.5625,12.3125,9.0,12.875],"rotation":0,"texture":"#0","tintindex":0},"east":{"uv":[6.375,3.875,6.9375,5.4375],"rotation":0,"texture":"#0","tintindex":0},"north":{"uv":[4.25,6.0625,4.8125,7.625],"rotation":0,"texture":"#0","tintindex":0},"south":{"uv":[6.375,5.4375,6.9375,7.0],"rotation":0,"texture":"#0","tintindex":0},"up":{"uv":[4.8125,12.875,4.25,12.3125],"rotation":0,"texture":"#0","tintindex":0},"west":{"uv":[1.625,6.4375,2.1875,8.0],"rotation":0,"texture":"#0","tintindex":0}}},{"name":"cube","from":[12.8255825,6.696637,0.19999981],"to":[17.187582,11.646637,1.9999998],"rotation":{"angle":22.5,"axis":"x","origin":[13.956582,7.971637,7.4]},"faces":{"down":{"uv":[14.4375,1.0,14.0,1.1875],"rotation":0,"texture":"#0","tintindex":0},"east":{"uv":[4.0625,7.0625,4.25,7.5625],"rotation":0,"texture":"#0","tintindex":0},"north":{"uv":[7.75,13.125,8.1875,13.625],"rotation":0,"texture":"#0","tintindex":0},"south":{"uv":[13.25,2.875,13.6875,3.375],"rotation":0,"texture":"#0","tintindex":0},"up":{"uv":[14.4375,1.0,14.0,0.8125],"rotation":0,"texture":"#0","tintindex":0},"west":{"uv":[4.5625,7.625,4.75,8.125],"rotation":0,"texture":"#0","tintindex":0}}},{"name":"cube","from":[8.530776,9.308939,-0.50078154],"to":[14.980776,12.170941,15.314844],"rotation":{"angle":-22.5,"axis":"z","origin":[10.255775,7.43994,7.3882813]},"faces":{"down":{"uv":[5.6875,3.75,5.0,5.375],"rotation":0,"texture":"#0","tintindex":0},"east":{"uv":[10.8125,3.6875,12.4375,4.0],"rotation":0,"texture":"#0","tintindex":0},"north":{"uv":[4.5625,13.375,5.25,13.6875],"rotation":0,"texture":"#0","tintindex":0},"south":{"uv":[6.9375,13.375,7.625,13.6875],"rotation":0,"texture":"#0","tintindex":0},"up":{"uv":[2.375,6.4375,1.6875,4.8125],"rotation":0,"texture":"#0","tintindex":0},"west":{"uv":[10.8125,4.0,12.4375,4.3125],"rotation":0,"texture":"#0","tintindex":0}}},{"name":"cube","from":[8.722862,5.8680067,2.8999999],"to":[18.484863,15.618008,11.900001],"rotation":{"angle":-22.5,"axis":"z","origin":[12.847863,-0.20699334,4.7]},"faces":{"down":{"uv":[7.375,0.9375,6.375,1.875],"rotation":0,"texture":"#0","tintindex":0},"east":{"uv":[2.375,6.0625,3.3125,7.0625],"rotation":0,"texture":"#0","tintindex":0},"north":{"uv":[5.375,0.6875,6.375,1.6875],"rotation":0,"texture":"#0","tintindex":0},"south":{"uv":[5.375,1.6875,6.375,2.6875],"rotation":0,"texture":"#0","tintindex":0},"up":{"uv":[7.375,0.9375,6.375,0.0],"rotation":0,"texture":"#0","tintindex":0},"west":{"uv":[3.3125,6.0625,4.25,7.0625],"rotation":0,"texture":"#0","tintindex":0}}},{"name":"cube","from":[17.8144,8.192632,4.85],"to":[22.914398,23.342632,9.950001],"rotation":{"angle":-22.5,"axis":"z","origin":[20.364399,15.767632,7.4]},"faces":{"down":{"uv":[4.125,12.375,3.5625,12.9375],"rotation":0,"texture":"#0","tintindex":0},"east":{"uv":[4.8125,6.5625,5.375,8.125],"rotation":0,"texture":"#0","tintindex":0},"north":{"uv":[6.5,1.875,7.0625,3.4375],"rotation":0,"texture":"#0","tintindex":0},"south":{"uv":[5.375,6.625,5.9375,8.1875],"rotation":0,"texture":"#0","tintindex":0},"up":{"uv":[12.9375,0.5625,12.375,0.0],"rotation":0,"texture":"#0","tintindex":0},"west":{"uv":[0.0,6.6875,0.5625,8.25],"rotation":0,"texture":"#0","tintindex":0}}},{"name":"cube","from":[9.426163,3.554698,0.46257806],"to":[14.976163,10.016697,3.162578],"rotation":{"angle":-45.0,"axis":"y","origin":[14.151163,6.771637,8.412579]},"faces":{"down":{"uv":[14.125,3.8125,13.5625,4.125],"rotation":0,"texture":"#0","tintindex":0},"east":{"uv":[6.75,9.125,7.0625,9.8125],"rotation":0,"texture":"#0","tintindex":0},"north":{"uv":[4.25,11.625,4.8125,12.3125],"rotation":0,"texture":"#0","tintindex":0},"south":{"uv":[0.0,11.875,0.5625,12.5625],"rotation":0,"texture":"#0","tintindex":0},"up":{"uv":[12.75,2.9375,12.1875,2.625],