{"textures":{"0":"modelengine:entity/iron_demon"},"elements":[{"name":"cube","from":[3.8957067,4.552685,4.041449],"to":[11.658207,7.552685,11.241449],"rotation":{"angle":22.5,"axis":"x","origin":[7.776957,4.4627614,8.300013]},"faces":{"down":{"uv":[3.6875,9.9375,2.875,10.6875],"rotation":0,"texture":"#0","tintindex":0},"east":{"uv":[12.875,13.125,13.625,13.4375],"rotation":0,"texture":"#0","tintindex":0},"north":{"uv":[12.9375,4.125,13.75,4.4375],"rotation":0,"texture":"#0","tintindex":0},"south":{"uv":[12.9375,4.4375,13.75,4.75],"rotation":0,"texture":"#0","tintindex":0},"up":{"uv":[10.75,1.75,9.9375,1.0],"rotation":0,"texture":"#0","tintindex":0},"west":{"uv":[10.9375,13.1875,11.6875,13.5],"rotation":0,"texture":"#0","tintindex":0}}},{"name":"cube","from":[3.8769567,-0.7081599,4.3695397],"to":[11.676957,6.19184,4.3695397],"rotation":{"angle":0.0,"axis":"x","origin":[7.776957,2.7418401,4.3343835]},"faces":{"down":{"uv":[0.8125,0.0,0.0,0.0],"rotation":0,"texture":"#0","tintindex":0},"east":{"uv":[0.0,0.0,0.0,0.75],"rotation":0,"texture":"#0","tintindex":0},"north":{"uv":[2.0625,9.5625,2.875,10.3125],"rotation":0,"texture":"#0","tintindex":0},"south":{"uv":[7.75,9.5625,8.5625,10.3125],"rotation":0,"texture":"#0","tintindex":0},"up":{"uv":[0.8125,0.0,0.0,0.0],"rotation":0,"texture":"#0","tintindex":0},"west":{"uv":[0.0,0.0,0.0,0.75],"rotation":0,"texture":"#0","tintindex":0}}},{"name":"cube","from":[3.8580432,-0.7081599,4.430477],"to":[3.8580432,6.19184,12.230477],"rotation":{"angle":0.0,"axis":"x","origin":[7.803044,2.7418401,12.230477]},"faces":{"down":{"uv":[0.0,0.0,0.0,0.8125],"rotation":0,"texture":"#0","tintindex":0},"east":{"uv":[3.6875,9.9375,4.5,10.6875],"rotation":0,"texture":"#0","tintindex":0},"north":{"uv":[0.0,0.0,0.0,0.75],"rotation":0,"texture":"#0","tintindex":0},"south":{"uv":[0.0,0.0,0.0,0.75],"rotation":0,"texture":"#0","tintindex":0},"up":{"uv":[0.0,0.8125,0.0,0.0],"rotation":0,"texture":"#0","tintindex":0},"west":{"uv":[9.9375,5.9375,10.75,6.6875],"rotation":0,"texture":"#0","tintindex":0}}},{"name":"cube","from":[3.8769567,-0.7081599,4.400008],"to":[11.676957,6.19184,12.200008],"rotation":{"angle":0.0,"axis":"x","origin":[7.776957,4.4627614,8.300013]},"faces":{"down":{"uv":[10.0,4.0,9.1875,4.8125],"rotation":0,"texture":"#0","tintindex":0},"east":{"uv":[10.0,3.6875,10.8125,4.4375],"rotation":0,"texture":"#0","tintindex":0},"north":{"uv":[0.0,10.0,0.8125,10.75],"rotation":0,"texture":"#0","tintindex":0},"south":{"uv":[5.5,10.0,6.3125,10.75],"rotation":0,"texture":"#0","tintindex":0},"up":{"uv":[4.5,9.9375,3.6875,9.125],"rotation":0,"texture":"#0","tintindex":0},"west":{"uv":[0.8125,10.0625,1.625,10.8125],"rotation":0,"texture":"#0","tintindex":0}}},{"name":"cube","from":[11.723832,-0.7081599,4.400008],"to":[11.723832,6.19184,12.200008],"rotation":{"angle":0.0,"axis":"x","origin":[7.776957,4.4627614,8.300013]},"faces":{"down":{"uv":[0.0,0.0,0.0,0.8125],"rotation":0,"texture":"#0","tintindex":0},"east":{"uv":[10.0625,1.75,10.875,2.5],"rotation":0,"texture":"#0","tintindex":0},"north":{"uv":[0.0,0.0,0.0,0.75],"rotation":0,"texture":"#0","tintindex":0},"south":{"uv":[0.0,0.0,0.0,0.75],"rotation":0,"texture":"#0","tintindex":0},"up":{"uv":[0.0,0.8125,0.0,0.0],"rotation":0,"texture":"#0","tintindex":0},"west":{"uv":[4.5,10.0625,5.3125,10.8125],"rotation":0,"texture":"#0","tintindex":0}}},{"name":"cube","from":[3.8561685,-0.7081599,12.235165],"to":[11.656168,6.19184,12.235165],"rotation":{"angle":0.0,"axis":"x","origin":[5.829606,2.7418401,10.265244]},"faces":{"down":{"uv":[0.8125,0.0,0.0,0.0],"rotation":0,"texture":"#0","tintindex":0},"east":{"uv":[0.0,0.0,0.0,0.75],"rotation":0,"texture":"#0","tintindex":0},"north":{"uv":[1.625,10.3125,2.4375,11.0625],"rotation":0,"texture":"#0","tintindex":0},"south":{"uv":[7.5625,10.3125,8.375,11.0625],"rotation":0,"texture":"#0","tintindex":0},"up":{"uv":[0.8125,0.0,0.0,0.0],"rotation":0,"texture":"#0","tintindex":0},"west":{"uv":[0.0,0.0,0.0,0.75],"rotation":0,"texture":"#0","tintindex":0}}},{"name":"cube","from":[3.8681688,-0.7081599,4.400008],"to":[3.8681688,6.19184,12.200008],"rotation":{"angle":0.0,"axis":"x","origin":[-28.97696,4.4627614,8.300013]},"faces":{"down":{"uv":[0.0,0.0,0.0,0.8125],"rotation":0,"texture":"#0","tintindex":0},"east":{"uv":[0.0,0.0,0.0,0.0],"rotation":0,"texture":"#0","tintindex":0},"north":{"uv":[0.0,0.0,0.0,0.75],"rotation":0,"texture":"#0","tintindex":0},"south":{"uv":[0.0,0.0,0.0,0.75],"rotation":0,"texture":"#0","tintindex":0},"up":{"uv":[0.0,0.8125,0.0,0.0],"rotation":0,"texture":"#0","tintindex":0},"west":{"uv":[10.375,7.25,11.1875,8.0],"rotation":0,"texture":"#0","tintindex":0}}}],"display":{"head":{"translation":[0.0,-6.4,0.0],"rotation":[0.0,0.0,0.0],"scale":[3.8095,3.8095,3.8095]}}}