{"textures":{"0":"modelengine:entity/iron_demon"},"elements":[{"name":"cube","from":[7.718164,6.1478586,3.8582213],"to":[11.018164,10.947859,10.533222],"rotation":{"angle":45.0,"axis":"z","origin":[9.368164,5.547858,7.2168155]},"faces":{"down":{"uv":[13.25,12.4375,12.875,13.125],"rotation":0,"texture":"#0","tintindex":0},"east":{"uv":[12.25,4.3125,12.9375,4.8125],"rotation":0,"texture":"#0","tintindex":0},"north":{"uv":[2.0625,11.0625,2.4375,11.5625],"rotation":0,"texture":"#0","tintindex":0},"south":{"uv":[0.0,13.625,0.375,14.125],"rotation":0,"texture":"#0","tintindex":0},"up":{"uv":[2.0,13.5625,1.625,12.875],"rotation":0,"texture":"#0","tintindex":0},"west":{"uv":[11.125,12.25,11.8125,12.75],"rotation":0,"texture":"#0","tintindex":0}}},{"name":"cube","from":[7.739258,-0.5098579,1.6473237],"to":[10.994726,1.8901422,2.847324],"rotation":{"angle":45.0,"axis":"x","origin":[8.768164,0.3901422,6.447324]},"faces":{"down":{"uv":[14.3125,2.3125,14.0,2.4375],"rotation":0,"texture":"#0","tintindex":0},"east":{"uv":[8.0625,14.375,8.1875,14.625],"rotation":0,"texture":"#0","tintindex":0},"north":{"uv":[5.375,3.5,5.6875,3.75],"rotation":0,"texture":"#0","tintindex":0},"south":{"uv":[6.4375,9.125,6.75,9.375],"rotation":0,"texture":"#0","tintindex":0},"up":{"uv":[13.3125,4.125,13.0,4.0],"rotation":0,"texture":"#0","tintindex":0},"west":{"uv":[8.1875,14.375,8.3125,14.625],"rotation":0,"texture":"#0","tintindex":0}}},{"name":"cube","from":[7.718164,3.1478581,3.916815],"to":[11.018164,7.9478583,10.516815],"rotation":{"angle":0.0,"axis":"x","origin":[-5.8568363,29.32286,5.116815]},"faces":{"down":{"uv":[0.75,12.9375,0.375,13.625],"rotation":0,"texture":"#0","tintindex":0},"east":{"uv":[12.3125,0.625,13.0,1.125],"rotation":0,"texture":"#0","tintindex":0},"north":{"uv":[0.375,13.625,0.75,14.125],"rotation":0,"texture":"#0","tintindex":0},"south":{"uv":[0.75,13.625,1.125,14.125],"rotation":0,"texture":"#0","tintindex":0},"up":{"uv":[0.375,13.625,0.0,12.9375],"rotation":0,"texture":"#0","tintindex":0},"west":{"uv":[5.25,12.3125,5.9375,12.8125],"rotation":0,"texture":"#0","tintindex":0}}},{"name":"cube","from":[7.718164,1.3478582,2.4168153],"to":[11.018164,3.1478581,12.016816],"rotation":{"angle":0.0,"axis":"x","origin":[-5.8568363,29.32286,5.116815]},"faces":{"down":{"uv":[8.3125,12.125,7.9375,13.125],"rotation":0,"texture":"#0","tintindex":0},"east":{"uv":[13.25,12.875,14.25,13.0625],"rotation":0,"texture":"#0","tintindex":0},"north":{"uv":[8.9375,6.6875,9.3125,6.875],"rotation":0,"texture":"#0","tintindex":0},"south":{"uv":[14.0,3.625,14.375,3.8125],"rotation":0,"texture":"#0","tintindex":0},"up":{"uv":[2.0625,12.875,1.6875,11.875],"rotation":0,"texture":"#0","tintindex":0},"west":{"uv":[13.3125,1.4375,14.3125,1.625],"rotation":0,"texture":"#0","tintindex":0}}},{"name":"cube","from":[8.618164,-2.402142,3.3168151],"to":[11.318164,2.6978583,11.116816],"rotation":{"angle":0.0,"axis":"x","origin":[-5.8568363,29.32286,5.116815]},"faces":{"down":{"uv":[3.875,12.9375,3.5625,13.75],"rotation":0,"texture":"#0","tintindex":0},"east":{"uv":[6.1875,11.4375,7.0,12.0],"rotation":0,"texture":"#0","tintindex":0},"north":{"uv":[9.0625,10.625,9.375,11.1875],"rotation":0,"texture":"#0","tintindex":0},"south":{"uv":[10.4375,11.1875,10.75,11.75],"rotation":0,"texture":"#0","tintindex":0},"up":{"uv":[5.6875,3.5,5.375,2.6875],"rotation":0,"texture":"#0","tintindex":0},"west":{"uv":[11.4375,11.0625,12.25,11.625],"rotation":0,"texture":"#0","tintindex":0}}},{"name":"cube","from":[10.443945,-3.2619185,2.701505],"to":[13.397071,1.2380818,4.501505],"rotation":{"angle":22.5,"axis":"x","origin":[9.218164,-1.1619182,6.6015053]},"faces":{"down":{"uv":[13.5625,3.375,13.25,3.5625],"rotation":0,"texture":"#0","tintindex":0},"east":{"uv":[1.125,13.625,1.3125,14.125],"rotation":0,"texture":"#0","tintindex":0},"north":{"uv":[11.125,11.75,11.4375,12.25],"rotation":0,"texture":"#0","tintindex":0},"south":{"uv":[11.8125,12.25,12.125,12.75],"rotation":0,"texture":"#0","tintindex":0},"up":{"uv":[12.0625,3.125,11.75,2.9375],"rotation":0,"texture":"#0","tintindex":0},"west":{"uv":[5.0625,13.6875,5.25,14.1875],"rotation":0,"texture":"#0","tintindex":0}}},{"name":"cube","from":[10.418164,-2.252142,3.916815],"to":[13.418164,2.5478582,10.516815],"rotation":{"angle":0.0,"axis":"x","origin":[-5.8568363,29.32286,5.116815]},"faces":{"down":{"uv":[2.625,13.4375,2.3125,14.125],"rotation":0,"texture":"#0","tintindex":0},"east":{"uv":[12.3125,5.5625,13.0,6.0625],"rotation":0,"texture":"#0","tintindex":0},"north":{"uv":[9.0,13.625,9.3125,14.125],"rotation":0,"texture":"#0","tintindex":0},"south":{"uv":[12.5625,13.625,12.875,14.125],"rotation":0,"texture":"#0","tintindex":0},"up":{"uv":[2.3125,14.125,2.0,13.4375],"rotation":0,"texture":"#0","tintindex":0},"west":{"uv":[8.3125,12.3125,9.0,12.8125],"rotation":0,"texture":"#0","tintindex":0}}},{"name":"cube","from":[10.418164,0.4478581,4.516815],"to":[13.418164,6.1478586,9.916816],"rotation":{"angle":22.5,"axis":"z","origin":[11.918164,0.14785814,7.2168155]},"faces":{"down":{"uv":[7.9375,13.625,7.625,14.1875],"rotation":0,"texture":"#0","tintindex":0},"east":{"uv":[12.1875,2.0,12.75,2.625],"rotation":0,"texture":"#0","tintindex":0},"north":{"uv":[13.4375,10.1875,13.75,10.8125],"rotation":0,"texture":"#0","tintindex":0},"south":{"uv":[10.3125,13.4375,10.625,14.0625],"rotation":0,"texture":"#0","tintindex":0},"up":{"uv":[6.125,14.1875,5.8125,13.625],"rotation":0,"texture":"#0","tintindex":0},"west":{"uv":[12.1875,10.25,12.75,10.875],"rotation":0,"texture":"#0","tintindex":0}}},{"name":"cube","from":[10.443945,-3.2619185,9.932125],"to":[13.397071,1.2380818,11.732125],"rotation":{"angle":-22.5,"axis":"x","origin":[9.218164,-1.1619182,7.8321257]},"faces":{"down":{"uv":[14.5,1.625,14.1875,1.8125],"rotation":0,"texture":"#0","tintindex":0},"east":{"uv":[12.0,13.6875,12.1875,14.1875],"rotation":0,"texture":"#0","tintindex":0},"north":{"uv":[6.9375,13.6875,7.25,14.1875],"rotation":0,"texture":"#0","tintindex":0},"south":{"uv":[7.25,13.6875,7.5625,14.1875],"rotation":0,"texture":"#0","tintindex":0},"up":{"uv":[14.3125,10.1875,14.0,10.0],"rotation":0,"texture":"#0","tintindex":0},"west":{"uv":[6.625,13.75,6.8125,14.25],"rotation":0,"texture":"#0","tintindex":0}}},{"name":"cube","from":[7.739258,2.9721227,9.5440235],"to":[10.994726,4.172123,11.944023],"rotation":{"angle":45.0,"axis":"x","origin":[9.368164,3.5721228,10.744023]},"faces":{"down":{"uv":[2.9375,14.0,2.625,14.25],"rotation":0,"texture":"#0","tintindex":0},"east":{"uv":[13.3125,4.0,13.5625,4.125],"rotation":0,"texture":"#0","tintindex":0},"north":{"uv":[14.1875,1.8125,14.5,1.9375],"rotation":0,"texture":"#0","tintindex":0},"south":{"uv":[14.25,0.5,14.5625,0.625],"rotation":0,"texture":"#0","tintindex":0},"up":{"uv":[14.3125,2.3125,14.0,2.0625],"rotation":0,"texture":"#0","tintindex":0},"west":{"uv":[7.9375,13.625,8.1875,13.75],"rotation":0,"texture":"#0","tintindex":0}}},{"name":"cube","from":[13.418164,-1.9521418,3.916815],"to":[14.018165,1.0478582,10.516815],"rotation":{"angle":0.0,"axis":"x","origin":[-5.8568363,29.32286,5.116815]},"faces":{"down":{"uv":[6.375,0.0,6.3125,0.6875],"rotation":0,"texture":"#0","tintindex":0},"east":{"uv":[13.4375,4.75,14.125,5.0625],"rotation":0,"texture":"#0","tintindex":0},"north":{"uv":[4.8125,6.0625,4.875,6.375],"rotation":0,"texture":"#0","tintindex":0},"south":{"uv":[6.875,7.0,6.9375,7.3125],"rotation":0,"texture":"#0","tintindex":0},"up":{"uv":[1.6875,6.1875,1.625,5.5],"rotation":0,"texture":"#0","tintindex":0},"west":{"uv":[6.25,13.4375,6.9375,13.75],"rotation":0,"texture":"#0","tintindex":0}}},{"name":"cube","from":[7.130746,-3.172739,3.7668152],"to":[10.130746,-1.0727391,5.866815],"rotation":{"angle":22.5,"axis":"z","origin":[8.630746,-2.1227388,7.2168155]},"faces":{"down":{"uv":[14.3125,5.5625,14.0,5.8125],"rotation":0,"texture":"#0","tintindex":0},"east":{"uv":[8.875,1.625,9.125,1.875],"rotation":0,"texture":"#0","tintindex":0},"north":{"uv":[14.0,3.375,14.3125,3.625],"rotation":0,