{"file_name":"group19","texture_size":[256,256],"textures":{"283f017f-fe3b-a834-c67e-5b3174e722a6":"modelengine:entity/iron_demon","064ba5c2-b75f-2d2e-74b9-76ed85c89ebf":"modelengine:entity/molten_iron"},"elements":[{"name":"cube","from":[3.8957067,4.552685,4.041449],"to":[11.658207,7.552685,11.241449],"rotation":{"angle":22.5,"axis":"x","origin":[7.776957,4.4627614,8.300013]},"faces":{"down":{"uv":[13.3125,7.4375,12.5625,8.1875],"rotation":0,"texture":"#283f017f-fe3b-a834-c67e-5b3174e722a6","tintindex":0},"east":{"uv":[11.0625,8.1875,11.8125,8.5],"rotation":0,"texture":"#283f017f-fe3b-a834-c67e-5b3174e722a6","tintindex":0},"north":{"uv":[11.8125,8.1875,12.5625,8.5],"rotation":0,"texture":"#283f017f-fe3b-a834-c67e-5b3174e722a6","tintindex":0},"south":{"uv":[13.3125,8.1875,14.0625,8.5],"rotation":0,"texture":"#283f017f-fe3b-a834-c67e-5b3174e722a6","tintindex":0},"up":{"uv":[12.5625,8.1875,11.8125,7.4375],"rotation":0,"texture":"#283f017f-fe3b-a834-c67e-5b3174e722a6","tintindex":0},"west":{"uv":[12.5625,8.1875,13.3125,8.5],"rotation":0,"texture":"#283f017f-fe3b-a834-c67e-5b3174e722a6","tintindex":0}}},{"name":"cube","from":[3.8769567,-0.7081599,4.3695397],"to":[11.676957,6.19184,4.3695397],"rotation":{"angle":0.0,"axis":"x","origin":[7.776957,2.7418401,4.3343835]},"faces":{"down":{"uv":[8.5,1.0,10.125,2.375],"rotation":0,"texture":"#064ba5c2-b75f-2d2e-74b9-76ed85c89ebf","tintindex":0},"east":{"uv":[8.5,1.0,10.125,2.375],"rotation":0,"texture":"#064ba5c2-b75f-2d2e-74b9-76ed85c89ebf","tintindex":0},"north":{"uv":[8.5,1.0,10.125,2.375],"rotation":0,"texture":"#064ba5c2-b75f-2d2e-74b9-76ed85c89ebf","tintindex":0},"south":{"uv":[10.125,1.0,8.5,2.375],"rotation":0,"texture":"#064ba5c2-b75f-2d2e-74b9-76ed85c89ebf","tintindex":0},"up":{"uv":[8.5,1.0,10.125,2.375],"rotation":0,"texture":"#064ba5c2-b75f-2d2e-74b9-76ed85c89ebf","tintindex":0},"west":{"uv":[8.5,1.0,10.125,2.375],"rotation":0,"texture":"#064ba5c2-b75f-2d2e-74b9-76ed85c89ebf","tintindex":0}}},{"name":"cube","from":[3.8769567,-0.7081599,4.400008],"to":[11.676957,6.19184,12.200008],"rotation":{"angle":0.0,"axis":"x","origin":[7.776957,4.4627614,8.300013]},"faces":{"down":{"uv":[2.4375,9.9375,1.625,10.75],"rotation":0,"texture":"#283f017f-fe3b-a834-c67e-5b3174e722a6","tintindex":0},"east":{"uv":[0.0,10.75,0.8125,11.4375],"rotation":0,"texture":"#283f017f-fe3b-a834-c67e-5b3174e722a6","tintindex":0},"north":{"uv":[0.8125,10.75,1.625,11.4375],"rotation":0,"texture":"#283f017f-fe3b-a834-c67e-5b3174e722a6","tintindex":0},"south":{"uv":[2.4375,10.75,3.25,11.4375],"rotation":0,"texture":"#283f017f-fe3b-a834-c67e-5b3174e722a6","tintindex":0},"up":{"uv":[1.625,10.75,0.8125,9.9375],"rotation":0,"texture":"#283f017f-fe3b-a834-c67e-5b3174e722a6","tintindex":0},"west":{"uv":[1.625,10.75,2.4375,11.4375],"rotation":0,"texture":"#283f017f-fe3b-a834-c67e-5b3174e722a6","tintindex":0}}},{"name":"cube","from":[11.723832,-0.7081599,4.400008],"to":[11.723832,6.19184,12.200008],"rotation":{"angle":0.0,"axis":"x","origin":[7.776957,4.4627614,8.300013]},"faces":{"down":{"uv":[10.25,1.0,11.875,2.375],"rotation":0,"texture":"#064ba5c2-b75f-2d2e-74b9-76ed85c89ebf","tintindex":0},"east":{"uv":[10.25,1.0,11.875,2.375],"rotation":0,"texture":"#064ba5c2-b75f-2d2e-74b9-76ed85c89ebf","tintindex":0},"north":{"uv":[10.25,1.0,11.875,2.375],"rotation":0,"texture":"#064ba5c2-b75f-2d2e-74b9-76ed85c89ebf","tintindex":0},"south":{"uv":[10.25,1.0,11.875,2.375],"rotation":0,"texture":"#064ba5c2-b75f-2d2e-74b9-76ed85c89ebf","tintindex":0},"up":{"uv":[10.25,1.0,11.875,2.375],"rotation":0,"texture":"#064ba5c2-b75f-2d2e-74b9-76ed85c89ebf","tintindex":0},"west":{"uv":[11.875,1.0,10.25,2.375],"rotation":0,"texture":"#064ba5c2-b75f-2d2e-74b9-76ed85c89ebf","tintindex":0}}},{"name":"cube","from":[3.8681688,-0.7081599,4.400008],"to":[3.8681688,6.19184,12.200008],"rotation":{"angle":0.0,"axis":"x","origin":[-28.97696,4.4627614,8.300013]},"faces":{"down":{"uv":[11.875,1.0,10.25,2.375],"rotation":0,"texture":"#064ba5c2-b75f-2d2e-74b9-76ed85c89ebf","tintindex":0},"east":{"uv":[0.0,0.0,0.0,0.0],"rotation":0,"texture":"#283f017f-fe3b-a834-c67e-5b3174e722a6","tintindex":0},"north":{"uv":[11.875,1.0,10.25,2.375],"rotation":0,"texture":"#064ba5c2-b75f-2d2e-74b9-76ed85c89ebf","tintindex":0},"south":{"uv":[11.875,1.0,10.25,2.375],"rotation":0,"texture":"#064ba5c2-b75f-2d2e-74b9-76ed85c89ebf","tintindex":0},"up":{"uv":[11.875,1.0,10.25,2.375],"rotation":0,"texture":"#064ba5c2-b75f-2d2e-74b9-76ed85c89ebf","tintindex":0},"west":{"uv":[13.5,1.0,11.875,2.375],"rotation":0,"texture":"#064ba5c2-b75f-2d2e-74b9-76ed85c89ebf","tintindex":0}}}],"display":{"head":{"translation":[0.0,-6.4,0.0],"rotation":[0.0,0.0,0.0],"scale":[3.8095,3.8095,3.8095]},"gui":{"translation":[0.0,0.0,0.0],"rotation":[35.0,225.0,0.0],"scale":[0.625,0.625,0.625]}}}