{"textures":{"0":"modelengine:entity/iron_demon"},"elements":[{"from":[7.7286434,3.832632,5.428571],"to":[13.300073,7.8326325,10.571428],"rotation":{"angle":0.0,"axis":"y","origin":[9.371501,4.332632,8.0]},"faces":{"east":{"uv":[2.0,13.0,2.5625,13.4375],"rotation":0,"texture":"#0","tintindex":0},"south":{"uv":[4.125,12.875,4.75,13.3125],"rotation":0,"texture":"#0","tintindex":0},"north":{"uv":[8.3125,12.8125,8.9375,13.25],"rotation":0,"texture":"#0","tintindex":0},"west":{"uv":[2.5625,13.0,3.125,13.4375],"rotation":0,"texture":"#0","tintindex":0},"up":{"uv":[12.75,12.75,12.125,12.1875],"rotation":0,"texture":"#0","tintindex":0},"down":{"uv":[12.875,10.875,12.25,11.4375],"rotation":0,"texture":"#0","tintindex":0}}},{"from":[10.97401,1.8881674,5.459821],"to":[12.259726,5.602453,10.555803],"rotation":{"angle":-22.5,"axis":"z","origin":[8.331154,2.1024532,8.0]},"faces":{"east":{"uv":[13.0,3.5625,13.5625,4.0],"rotation":0,"texture":"#0","tintindex":0},"south":{"uv":[6.8125,13.75,6.9375,14.1875],"rotation":0,"texture":"#0","tintindex":0},"north":{"uv":[4.125,12.375,4.25,12.8125],"rotation":0,"texture":"#0","tintindex":0},"west":{"uv":[13.0,5.5625,13.5625,6.0],"rotation":0,"texture":"#0","tintindex":0},"up":{"uv":[6.5,2.4375,6.375,1.875],"rotation":0,"texture":"#0","tintindex":0},"down":{"uv":[6.3125,10.75,6.1875,11.3125],"rotation":0,"texture":"#0","tintindex":0}}},{"from":[7.7286434,0.40406036,5.428571],"to":[11.871501,3.832632,10.571428],"rotation":{"angle":0.0,"axis":"y","origin":[9.371501,5.4754896,8.0]},"faces":{"east":{"uv":[13.4375,9.4375,14.0,9.8125],"rotation":0,"texture":"#0","tintindex":0},"south":{"uv":[2.4375,10.3125,2.875,10.6875],"rotation":0,"texture":"#0","tintindex":0},"north":{"uv":[5.9375,6.625,6.375,7.0],"rotation":0,"texture":"#0","tintindex":0},"west":{"uv":[13.4375,9.8125,14.0,10.1875],"rotation":0,"texture":"#0","tintindex":0},"up":{"uv":[6.25,13.625,5.8125,13.0625],"rotation":0,"texture":"#0","tintindex":0},"down":{"uv":[13.5625,2.0,13.125,2.5625],"rotation":0,"texture":"#0","tintindex":0}}}],"display":{"head":{"translation":[0.0,-6.4,0.0],"scale":[4.0,4.0,4.0]}}}