{"textures":{"0":"modelengine:entity/iron_demon"},"elements":[{"name":"cube","from":[7.7150755,3.624262,5.3],"to":[13.565076,7.8242645,10.700001],"rotation":{"angle":0.0,"axis":"x","origin":[9.440075,4.149262,8.0]},"faces":{"down":{"uv":[12.875,10.875,12.25,11.4375],"rotation":0,"texture":"#0","tintindex":0},"east":{"uv":[2.0,13.0,2.5625,13.4375],"rotation":0,"texture":"#0","tintindex":0},"north":{"uv":[8.3125,12.8125,8.9375,13.25],"rotation":0,"texture":"#0","tintindex":0},"south":{"uv":[4.125,12.875,4.75,13.3125],"rotation":0,"texture":"#0","tintindex":0},"up":{"uv":[12.75,12.75,12.125,12.1875],"rotation":0,"texture":"#0","tintindex":0},"west":{"uv":[2.5625,13.0,3.125,13.4375],"rotation":0,"texture":"#0","tintindex":0}}},{"name":"cube","from":[11.122711,1.5825742,5.3328123],"to":[12.472711,5.4825745,10.683594],"rotation":{"angle":-22.5,"axis":"z","origin":[8.347711,1.8075743,8.0]},"faces":{"down":{"uv":[6.3125,10.75,6.1875,11.3125],"rotation":0,"texture":"#0","tintindex":0},"east":{"uv":[13.0,3.5625,13.5625,4.0],"rotation":0,"texture":"#0","tintindex":0},"north":{"uv":[4.125,12.375,4.25,12.8125],"rotation":0,"texture":"#0","tintindex":0},"south":{"uv":[6.8125,13.75,6.9375,14.1875],"rotation":0,"texture":"#0","tintindex":0},"up":{"uv":[6.5,2.4375,6.375,1.875],"rotation":0,"texture":"#0","tintindex":0},"west":{"uv":[13.0,5.5625,13.5625,6.0],"rotation":0,"texture":"#0","tintindex":0}}},{"name":"cube","from":[7.7150755,0.024261951,5.3],"to":[12.065076,3.624262,10.700001],"rotation":{"angle":0.0,"axis":"x","origin":[9.440075,5.349262,8.0]},"faces":{"down":{"uv":[13.5625,2.0,13.125,2.5625],"rotation":0,"texture":"#0","tintindex":0},"east":{"uv":[13.4375,9.4375,14.0,9.8125],"rotation":0,"texture":"#0","tintindex":0},"north":{"uv":[5.9375,6.625,6.375,7.0],"rotation":0,"texture":"#0","tintindex":0},"south":{"uv":[2.4375,10.3125,2.875,10.6875],"rotation":0,"texture":"#0","tintindex":0},"up":{"uv":[6.25,13.625,5.8125,13.0625],"rotation":0,"texture":"#0","tintindex":0},"west":{"uv":[13.4375,9.8125,14.0,10.1875],"rotation":0,"texture":"#0","tintindex":0}}}],"display":{"head":{"translation":[0.0,-6.4,0.0],"rotation":[0.0,0.0,0.0],"scale":[3.8095,3.8095,3.8095]}}}