{"file_name":"group14","texture_size":[256,256],"textures":{"283f017f-fe3b-a834-c67e-5b3174e722a6":"modelengine:entity/iron_demon","064ba5c2-b75f-2d2e-74b9-76ed85c89ebf":"modelengine:entity/molten_iron"},"elements":[{"name":"cube","from":[7.7150755,3.624262,5.3],"to":[13.565076,7.8242645,10.700001],"rotation":{"angle":0.0,"axis":"x","origin":[9.440075,4.149262,8.0]},"faces":{"down":{"uv":[14.8125,4.5625,14.25,5.125],"rotation":0,"texture":"#283f017f-fe3b-a834-c67e-5b3174e722a6","tintindex":0},"east":{"uv":[13.125,5.125,13.6875,5.5625],"rotation":0,"texture":"#283f017f-fe3b-a834-c67e-5b3174e722a6","tintindex":0},"north":{"uv":[13.6875,5.125,14.25,5.5625],"rotation":0,"texture":"#283f017f-fe3b-a834-c67e-5b3174e722a6","tintindex":0},"south":{"uv":[14.8125,5.125,15.375,5.5625],"rotation":0,"texture":"#283f017f-fe3b-a834-c67e-5b3174e722a6","tintindex":0},"up":{"uv":[14.25,5.125,13.6875,4.5625],"rotation":0,"texture":"#283f017f-fe3b-a834-c67e-5b3174e722a6","tintindex":0},"west":{"uv":[14.25,5.125,14.8125,5.5625],"rotation":0,"texture":"#283f017f-fe3b-a834-c67e-5b3174e722a6","tintindex":0}}},{"name":"cube","from":[11.122711,1.5825742,5.3328123],"to":[12.472711,5.4825745,10.683594],"rotation":{"angle":-22.5,"axis":"z","origin":[8.347711,1.8075743,8.0]},"faces":{"down":{"uv":[0.75,0.0,0.625,0.5],"rotation":0,"texture":"#283f017f-fe3b-a834-c67e-5b3174e722a6","tintindex":0},"east":{"uv":[0.0,0.5,0.5,0.875],"rotation":0,"texture":"#283f017f-fe3b-a834-c67e-5b3174e722a6","tintindex":0},"north":{"uv":[0.5,0.5,0.625,0.875],"rotation":0,"texture":"#283f017f-fe3b-a834-c67e-5b3174e722a6","tintindex":0},"south":{"uv":[1.125,0.5,1.25,0.875],"rotation":0,"texture":"#283f017f-fe3b-a834-c67e-5b3174e722a6","tintindex":0},"up":{"uv":[0.625,0.5,0.5,0.0],"rotation":0,"texture":"#283f017f-fe3b-a834-c67e-5b3174e722a6","tintindex":0},"west":{"uv":[0.625,0.5,1.125,0.875],"rotation":0,"texture":"#283f017f-fe3b-a834-c67e-5b3174e722a6","tintindex":0}}},{"name":"cube","from":[7.7150755,0.024261951,5.3],"to":[12.065076,3.624262,10.700001],"rotation":{"angle":0.0,"axis":"x","origin":[9.440075,5.349262,8.0]},"faces":{"down":{"uv":[6.1875,0.0,5.75,0.5625],"rotation":0,"texture":"#283f017f-fe3b-a834-c67e-5b3174e722a6","tintindex":0},"east":{"uv":[4.75,0.5625,5.3125,0.9375],"rotation":0,"texture":"#283f017f-fe3b-a834-c67e-5b3174e722a6","tintindex":0},"north":{"uv":[5.3125,0.5625,5.75,0.9375],"rotation":0,"texture":"#283f017f-fe3b-a834-c67e-5b3174e722a6","tintindex":0},"south":{"uv":[6.3125,0.5625,6.75,0.9375],"rotation":0,"texture":"#283f017f-fe3b-a834-c67e-5b3174e722a6","tintindex":0},"up":{"uv":[5.75,0.5625,5.3125,0.0],"rotation":0,"texture":"#283f017f-fe3b-a834-c67e-5b3174e722a6","tintindex":0},"west":{"uv":[5.75,0.5625,6.3125,0.9375],"rotation":0,"texture":"#283f017f-fe3b-a834-c67e-5b3174e722a6","tintindex":0}}}],"display":{"head":{"translation":[0.0,-6.4,0.0],"rotation":[0.0,0.0,0.0],"scale":[3.8095,3.8095,3.8095]},"gui":{"translation":[0.0,0.0,0.0],"rotation":[35.0,225.0,0.0],"scale":[0.625,0.625,0.625]}}}