{"textures":{"0":"modelengine:entity/iron_demon"},"elements":[{"from":[5.1571913,2.9754891,4.428571],"to":[11.585763,9.261204,10.428572],"rotation":{"angle":0.0,"axis":"y","origin":[6.8000484,-3.0959387,7.285714]},"faces":{"east":{"uv":[11.125,8.0,11.8125,8.6875],"rotation":0,"texture":"#0","tintindex":0},"south":{"uv":[11.125,8.6875,11.8125,9.375],"rotation":0,"texture":"#0","tintindex":0},"north":{"uv":[10.75,11.0625,11.4375,11.75],"rotation":0,"texture":"#0","tintindex":0},"west":{"uv":[0.0,11.1875,0.6875,11.875],"rotation":0,"texture":"#0","tintindex":0},"up":{"uv":[1.375,11.875,0.6875,11.1875],"rotation":0,"texture":"#0","tintindex":0},"down":{"uv":[11.875,7.0625,11.1875,7.75],"rotation":0,"texture":"#0","tintindex":0}}}],"display":{"head":{"translation":[0.0,-6.4,0.0],"scale":[4.0,4.0,4.0]}}}