{"textures":{"0":"modelengine:entity/iron_demon"},"elements":[{"name":"cube","from":[3.7200677,6.06561,6.0628586],"to":[8.802332,8.097522,7.920891],"rotation":{"angle":-45.0,"axis":"z","origin":[8.0,7.205766,5.874075]},"faces":{"down":{"uv":[11.5625,0.8125,11.0625,1.0],"rotation":0,"texture":"#0","tintindex":0},"east":{"uv":[12.0,2.25,12.1875,2.4375],"rotation":0,"texture":"#0","tintindex":0},"north":{"uv":[4.625,0.6875,5.125,0.875],"rotation":0,"texture":"#0","tintindex":0},"south":{"uv":[10.4375,7.0625,10.9375,7.25],"rotation":0,"texture":"#0","tintindex":0},"up":{"uv":[11.375,5.9375,10.875,5.75],"rotation":0,"texture":"#0","tintindex":0},"west":{"uv":[11.5,13.5,11.6875,13.6875],"rotation":0,"texture":"#0","tintindex":0}}},{"name":"cube","from":[4.167419,8.825032,5.6555095],"to":[6.1993313,10.9264965,7.513541],"rotation":{"angle":45.0,"axis":"x","origin":[5.183375,8.633764,6.584525]},"faces":{"down":{"uv":[12.375,14.3125,12.1875,14.5],"rotation":0,"texture":"#0","tintindex":0},"east":{"uv":[14.25,0.25,14.4375,0.5],"rotation":0,"texture":"#0","tintindex":0},"north":{"uv":[14.25,0.0,14.4375,0.25],"rotation":0,"texture":"#0","tintindex":0},"south":{"uv":[2.5625,14.25,2.75,14.5],"rotation":0,"texture":"#0","tintindex":0},"up":{"uv":[14.5,12.0625,14.3125,11.875],"rotation":0,"texture":"#0","tintindex":0},"west":{"uv":[14.25,2.5625,14.4375,2.8125],"rotation":0,"texture":"#0","tintindex":0}}},{"name":"cube","from":[1.458918,8.884111,7.5488186],"to":[5.795982,10.916023,9.406851],"rotation":{"angle":-22.5,"axis":"z","origin":[5.98725,9.900067,8.477835]},"faces":{"down":{"uv":[12.6875,11.4375,12.25,11.625],"rotation":0,"texture":"#0","tintindex":0},"east":{"uv":[14.3125,13.4375,14.5,13.625],"rotation":0,"texture":"#0","tintindex":0},"north":{"uv":[9.1875,4.8125,9.625,5.0],"rotation":0,"texture":"#0","tintindex":0},"south":{"uv":[11.875,5.5625,12.3125,5.75],"rotation":0,"texture":"#0","tintindex":0},"up":{"uv":[12.3125,7.75,11.875,7.5625],"rotation":0,"texture":"#0","tintindex":0},"west":{"uv":[14.3125,14.125,14.5,14.3125],"rotation":0,"texture":"#0","tintindex":0}}},{"name":"cube","from":[1.5088233,10.96348,7.789675],"to":[2.5471356,12.0713415,9.647708],"rotation":{"angle":-22.5,"axis":"y","origin":[2.276379,11.540697,8.421776]},"faces":{"down":{"uv":[3.6875,11.5625,3.5625,11.75],"rotation":0,"texture":"#0","tintindex":0},"east":{"uv":[5.9375,12.3125,6.125,12.4375],"rotation":0,"texture":"#0","tintindex":0},"north":{"uv":[10.75,1.625,10.875,1.75],"rotation":0,"texture":"#0","tintindex":0},"south":{"uv":[6.1875,11.3125,6.3125,11.4375],"rotation":0,"texture":"#0","tintindex":0},"up":{"uv":[5.0,5.375,4.875,5.1875],"rotation":0,"texture":"#0","tintindex":0},"west":{"uv":[14.0,12.125,14.1875,12.25],"rotation":0,"texture":"#0","tintindex":0}}},{"name":"cube","from":[10.204018,8.884111,7.5488186],"to":[14.541081,10.916023,9.406851],"rotation":{"angle":22.5,"axis":"z","origin":[10.012751,9.900067,8.477835]},"faces":{"down":{"uv":[14.4375,0.625,14.0,0.8125],"rotation":0,"texture":"#0","tintindex":0},"east":{"uv":[14.3125,14.3125,14.5,14.5],"rotation":0,"texture":"#0","tintindex":0},"north":{"uv":[12.4375,4.125,12.875,4.3125],"rotation":0,"texture":"#0","tintindex":0},"south":{"uv":[13.3125,12.25,13.75,12.4375],"rotation":0,"texture":"#0","tintindex":0},"up":{"uv":[14.375,13.875,13.9375,13.6875],"rotation":0,"texture":"#0","tintindex":0},"west":{"uv":[0.0,14.375,0.1875,14.5625],"rotation":0,"texture":"#0","tintindex":0}}},{"name":"cube","from":[7.197668,6.06561,6.0628586],"to":[12.279933,8.097522,7.920891],"rotation":{"angle":45.0,"axis":"z","origin":[8.0,7.205766,5.874075]},"faces":{"down":{"uv":[12.1875,0.625,11.6875,0.8125],"rotation":0,"texture":"#0","tintindex":0},"east":{"uv":[0.1875,14.375,0.375,14.5625],"rotation":0,"texture":"#0","tintindex":0},"north":{"uv":[11.25,2.9375,11.75,3.125],"rotation":0,"texture":"#0","tintindex":0},"south":{"uv":[11.5,2.25,12.0,2.4375],"rotation":0,"texture":"#0","tintindex":0},"up":{"uv":[12.125,1.625,11.625,1.4375],"rotation":0,"texture":"#0","tintindex":0},"west":{"uv":[0.375,14.375,0.5625,14.5625],"rotation":0,"texture":"#0","tintindex":0}}},{"name":"cube","from":[9.800669,8.825032,5.6555095],"to":[11.832581,10.9264965,7.513541],"rotation":{"angle":45.0,"axis":"x","origin":[10.816626,8.633764,6.584525]},"faces":{"down":{"uv":[0.9375,14.375,0.75,14.5625],"rotation":0,"texture":"#0","tintindex":0},"east":{"uv":[14.25,4.0625,14.4375,4.3125],"rotation":0,"texture":"#0","tintindex":0},"north":{"uv":[2.75,14.25,2.9375,14.5],"rotation":0,"texture":"#0","tintindex":0},"south":{"uv":[14.25,4.3125,14.4375,4.5625],"rotation":0,"texture":"#0","tintindex":0},"up":{"uv":[0.75,14.5625,0.5625,14.375],"rotation":0,"texture":"#0","tintindex":0},"west":{"uv":[14.25,5.8125,14.4375,6.0625],"rotation":0,"texture":"#0","tintindex":0}}},{"name":"cube","from":[12.660135,7.6312256,5.540866],"to":[14.692047,10.72629,7.398898],"rotation":{"angle":45.0,"axis":"x","origin":[13.676091,7.439958,11.934683]},"faces":{"down":{"uv":[3.4375,14.375,3.25,14.5625],"rotation":0,"texture":"#0","tintindex":0},"east":{"uv":[8.375,10.3125,8.5625,10.625],"rotation":0,"texture":"#0","tintindex":0},"north":{"uv":[9.8125,3.6875,10.0,4.0],"rotation":0,"texture":"#0","tintindex":0},"south":{"uv":[7.75,12.8125,7.9375,13.125],"rotation":0,"texture":"#0","tintindex":0},"up":{"uv":[1.875,14.5625,1.6875,14.375],"rotation":0,"texture":"#0","tintindex":0},"west":{"uv":[14.125,14.125,14.3125,14.4375],"rotation":0,"texture":"#0","tintindex":0}}},{"name":"cube","from":[13.315335,13.172025,9.73736],"to":[14.850448,14.284853,12.832423],"rotation":{"angle":0.0,"axis":"x","origin":[13.586091,7.8910384,9.546091]},"faces":{"down":{"uv":[1.6875,14.1875,1.5,14.5],"rotation":0,"texture":"#0","tintindex":0},"east":{"uv":[10.0625,2.5,10.375,2.625],"rotation":0,"texture":"#0","tintindex":0},"north":{"uv":[8.5625,14.375,8.75,14.5],"rotation":0,"texture":"#0","tintindex":0},"south":{"uv":[14.375,8.5625,14.5625,8.6875],"rotation":0,"texture":"#0","tintindex":0},"up":{"uv":[1.5,14.5,1.3125,14.1875],"rotation":0,"texture":"#0","tintindex":0},"west":{"uv":[4.1875,10.6875,4.5,10.8125],"rotation":0,"texture":"#0","tintindex":0}}},{"name":"cube","from":[14.0605345,15.428374,8.367333],"to":[15.098848,16.292805,10.468798],"rotation":{"angle":45.0,"axis":"x","origin":[13.586091,9.898992,8.176065]},"faces":{"down":{"uv":[5.9375,12.8125,5.8125,13.0625],"rotation":0,"texture":"#0","tintindex":0},"east":{"uv":[5.375,6.5625,5.625,6.625],"rotation":0,"texture":"#0","tintindex":0},"north":{"uv":[7.75,9.5,7.875,9.5625],"rotation":0,"texture":"#0","tintindex":0},"south":{"uv":[7.875,9.5,8.0,9.5625],"rotation":0,"texture":"#0","tintindex":0},"up":{"uv":[6.5,2.6875,6.375,2.4375],"rotation":0,"texture":"#0","tintindex":0},"west":{"uv":[7.0625,3.375,7.3125,3.4375],"rotation":0,"texture":"#0","tintindex":0}}}],"display":{"head":{"translation":[0.0,-6.4,0.0],"rotation":[0.0,0.0,0.0],"scale":[3.8095,3.8095,3.8095]}}}