{"textures":{"0":"modelengine:entity/iron_demon"},"elements":[{"name":"cube","from":[5.01505,2.7242644,4.25],"to":[11.76505,9.324265,10.55],"rotation":{"angle":0.0,"axis":"x","origin":[6.7400503,-3.6507382,7.25]},"faces":{"down":{"uv":[11.875,7.0625,11.1875,7.75],"rotation":0,"texture":"#0","tintindex":0},"east":{"uv":[11.125,8.0,11.8125,8.6875],"rotation":0,"texture":"#0","tintindex":0},"north":{"uv":[10.75,11.0625,11.4375,11.75],"rotation":0,"texture":"#0","tintindex":0},"south":{"uv":[11.125,8.6875,11.8125,9.375],"rotation":0,"texture":"#0","tintindex":0},"up":{"uv":[1.375,11.875,0.6875,11.1875],"rotation":0,"texture":"#0","tintindex":0},"west":{"uv":[0.0,11.1875,0.6875,11.875],"rotation":0,"texture":"#0","tintindex":0}}}],"display":{"head":{"translation":[0.0,-6.4,0.0],"rotation":[0.0,0.0,0.0],"scale":[3.8095,3.8095,3.8095]}}}