{"textures":{"0":"modelengine:entity/iron_demon"},"elements":[{"name":"cube","from":[4.626957,3.6838331,4.090909],"to":[9.726957,8.7838335,9.190909],"rotation":{"angle":-45.0,"axis":"x","origin":[7.176957,6.2338333,6.6409097]},"faces":{"down":{"uv":[13.0,3.5625,12.4375,4.125],"rotation":0,"texture":"#0","tintindex":0},"east":{"uv":[10.0,12.375,10.5625,12.9375],"rotation":0,"texture":"#0","tintindex":0},"north":{"uv":[12.375,9.4375,12.9375,10.0],"rotation":0,"texture":"#0","tintindex":0},"south":{"uv":[10.5625,12.375,11.125,12.9375],"rotation":0,"texture":"#0","tintindex":0},"up":{"uv":[3.1875,13.0,2.625,12.4375],"rotation":0,"texture":"#0","tintindex":0},"west":{"uv":[2.0625,12.4375,2.625,13.0],"rotation":0,"texture":"#0","tintindex":0}}},{"name":"cube","from":[4.071956,4.2468023,4.6459093],"to":[10.296957,8.228834,8.62091],"rotation":{"angle":-45.0,"axis":"x","origin":[7.176957,6.2338333,6.6409097]},"faces":{"down":{"uv":[11.8125,12.75,11.125,13.1875],"rotation":0,"texture":"#0","tintindex":0},"east":{"uv":[13.5625,5.5,14.0,5.9375],"rotation":0,"texture":"#0","tintindex":0},"north":{"uv":[12.75,4.8125,13.4375,5.25],"rotation":0,"texture":"#0","tintindex":0},"south":{"uv":[12.75,10.0,13.4375,10.4375],"rotation":0,"texture":"#0","tintindex":0},"up":{"uv":[13.4375,10.875,12.75,10.4375],"rotation":0,"texture":"#0","tintindex":0},"west":{"uv":[13.5625,5.9375,14.0,6.375],"rotation":0,"texture":"#0","tintindex":0}}}],"display":{"head":{"translation":[0.0,-6.4,0.0],"rotation":[0.0,0.0,0.0],"scale":[3.8095,3.8095,3.8095]}}}