{"file_name":"head_h","texture_size":[256,256],"textures":{"283f017f-fe3b-a834-c67e-5b3174e722a6":"modelengine:entity/iron_demon","064ba5c2-b75f-2d2e-74b9-76ed85c89ebf":"modelengine:entity/molten_iron"},"elements":[{"name":"cube","from":[5.0192,9.4904,5.0192],"to":[10.980801,10.980802,10.980801],"rotation":{"angle":0.0,"axis":"x","origin":[12.6575,-2.4949007,8.372601]},"faces":{"down":{"uv":[0.5625,14.9375,1.0625,15.0625],"rotation":0,"texture":"#283f017f-fe3b-a834-c67e-5b3174e722a6","tintindex":0},"east":{"uv":[0.5625,14.9375,1.0625,15.0625],"rotation":0,"texture":"#283f017f-fe3b-a834-c67e-5b3174e722a6","tintindex":0},"north":{"uv":[0.5625,14.9375,1.0625,15.0625],"rotation":0,"texture":"#283f017f-fe3b-a834-c67e-5b3174e722a6","tintindex":0},"south":{"uv":[0.5625,14.9375,1.0625,15.0625],"rotation":0,"texture":"#283f017f-fe3b-a834-c67e-5b3174e722a6","tintindex":0},"up":{"uv":[0.0,14.9375,0.5,15.4375],"rotation":0,"texture":"#283f017f-fe3b-a834-c67e-5b3174e722a6","tintindex":0},"west":{"uv":[0.5625,14.9375,1.0625,15.0625],"rotation":0,"texture":"#283f017f-fe3b-a834-c67e-5b3174e722a6","tintindex":0}}},{"name":"cube","from":[5.516,8.745198,5.2676],"to":[7.2548,9.4904,6.0127997],"rotation":{"angle":0.0,"axis":"x","origin":[12.6575,-2.4949007,8.372601]},"faces":{"down":{"uv":[12.0,3.0,12.125,3.125],"rotation":0,"texture":"#064ba5c2-b75f-2d2e-74b9-76ed85c89ebf","tintindex":0},"east":{"uv":[12.0,3.0,12.125,3.125],"rotation":0,"texture":"#064ba5c2-b75f-2d2e-74b9-76ed85c89ebf","tintindex":0},"north":{"uv":[12.0,3.0,12.375,3.25],"rotation":0,"texture":"#064ba5c2-b75f-2d2e-74b9-76ed85c89ebf","tintindex":0},"south":{"uv":[12.0,3.0,12.125,3.125],"rotation":0,"texture":"#064ba5c2-b75f-2d2e-74b9-76ed85c89ebf","tintindex":0},"up":{"uv":[12.0,3.0,12.125,3.125],"rotation":0,"texture":"#064ba5c2-b75f-2d2e-74b9-76ed85c89ebf","tintindex":0},"west":{"uv":[12.25,3.125,12.375,3.25],"rotation":0,"texture":"#064ba5c2-b75f-2d2e-74b9-76ed85c89ebf","tintindex":0}}},{"name":"cube","from":[8.745199,8.745198,5.2676],"to":[10.483999,9.4904,6.0127997],"rotation":{"angle":0.0,"axis":"x","origin":[3.3425,-2.4949007,8.372601]},"faces":{"down":{"uv":[0.375,7.875,0.0,8.125],"rotation":0,"texture":"#064ba5c2-b75f-2d2e-74b9-76ed85c89ebf","tintindex":0},"east":{"uv":[0.375,7.875,0.0,8.125],"rotation":0,"texture":"#064ba5c2-b75f-2d2e-74b9-76ed85c89ebf","tintindex":0},"north":{"uv":[0.375,7.875,0.0,8.125],"rotation":0,"texture":"#064ba5c2-b75f-2d2e-74b9-76ed85c89ebf","tintindex":0},"south":{"uv":[0.375,7.875,0.0,8.125],"rotation":0,"texture":"#064ba5c2-b75f-2d2e-74b9-76ed85c89ebf","tintindex":0},"up":{"uv":[0.375,7.875,0.0,8.125],"rotation":0,"texture":"#064ba5c2-b75f-2d2e-74b9-76ed85c89ebf","tintindex":0},"west":{"uv":[0.375,7.875,0.0,8.125],"rotation":0,"texture":"#064ba5c2-b75f-2d2e-74b9-76ed85c89ebf","tintindex":0}}},{"name":"cube","from":[5.516,6.261198,5.0192],"to":[10.483999,8.745198,10.980801],"rotation":{"angle":0.0,"axis":"x","origin":[12.6575,-2.4949007,8.372601]},"faces":{"down":{"uv":[10.75,3.6875,10.75,3.6875],"rotation":0,"texture":"#283f017f-fe3b-a834-c67e-5b3174e722a6","tintindex":0},"east":{"uv":[10.75,3.6875,10.75,3.6875],"rotation":0,"texture":"#283f017f-fe3b-a834-c67e-5b3174e722a6","tintindex":0},"north":{"uv":[0.6875,15.125,1.0625,15.3125],"rotation":0,"texture":"#283f017f-fe3b-a834-c67e-5b3174e722a6","tintindex":0},"south":{"uv":[10.75,3.6875,10.75,3.6875],"rotation":0,"texture":"#283f017f-fe3b-a834-c67e-5b3174e722a6","tintindex":0},"up":{"uv":[10.75,3.6875,10.75,3.6875],"rotation":0,"texture":"#283f017f-fe3b-a834-c67e-5b3174e722a6","tintindex":0},"west":{"uv":[10.75,3.6875,10.75,3.6875],"rotation":0,"texture":"#283f017f-fe3b-a834-c67e-5b3174e722a6","tintindex":0}}},{"name":"cube","from":[5.516,5.3918,5.516],"to":[10.483999,6.261198,10.980801],"rotation":{"angle":0.0,"axis":"x","origin":[12.6575,-2.4949007,8.372601]},"faces":{"down":{"uv":[10.75,3.6875,10.75,3.6875],"rotation":0,"texture":"#283f017f-fe3b-a834-c67e-5b3174e722a6","tintindex":0},"east":{"uv":[10.75,3.6875,10.75,3.6875],"rotation":0,"texture":"#283f017f-fe3b-a834-c67e-5b3174e722a6","tintindex":0},"north":{"uv":[1.0625,15.4375,1.4375,15.5],"rotation":0,"texture":"#283f017f-fe3b-a834-c67e-5b3174e722a6","tintindex":0},"south":{"uv":[10.75,3.6875,10.75,3.6875],"rotation":0,"texture":"#283f017f-fe3b-a834-c67e-5b3174e722a6","tintindex":0},"up":{"uv":[10.75,3.6875,10.75,3.6875],"rotation":0,"texture":"#283f017f-fe3b-a834-c67e-5b3174e722a6","tintindex":0},"west":{"uv":[10.75,3.6875,10.75,3.6875],"rotation":0,"texture":"#283f017f-fe3b-a834-c67e-5b3174e722a6","tintindex":0}}},{"name":"cube","from":[6.0127997,2.286798,6.0127997],"to":[9.9872,6.7580004,10.484],"rotation":{"angle":0.0,"axis":"x","origin":[12.6575,-2.4949007,8.372601]},"faces":{"down":{"uv":[10.75,3.6875,10.75,3.6875],"rotation":0,"texture":"#283f017f-fe3b-a834-c67e-5b3174e722a6","tintindex":0},"east":{"uv":[10.75,3.6875,10.75,3.6875],"rotation":0,"texture":"#283f017f-fe3b-a834-c67e-5b3174e722a6","tintindex":0},"north":{"uv":[10.75,3.6875,10.75,3.6875],"rotation":0,"texture":"#283f017f-fe3b-a834-c67e-5b3174e722a6","tintindex":0},"south":{"uv":[10.75,3.6875,10.75,3.6875],"rotation":0,"texture":"#283f017f-fe3b-a834-c67e-5b3174e722a6","tintindex":0},"up":{"uv":[10.75,3.6875,10.75,3.6875],"rotation":0,"texture":"#283f017f-fe3b-a834-c67e-5b3174e722a6","tintindex":0},"west":{"uv":[10.75,3.6875,10.75,3.6875],"rotation":0,"texture":"#283f017f-fe3b-a834-c67e-5b3174e722a6","tintindex":0}}},{"name":"cube","from":[5.0192,8.745198,5.7644],"to":[10.980801,9.4904,10.980801],"rotation":{"angle":0.0,"axis":"x","origin":[12.6575,-2.4949007,8.372601]},"faces":{"down":{"uv":[10.75,3.6875,10.75,3.6875],"rotation":0,"texture":"#283f017f-fe3b-a834-c67e-5b3174e722a6","tintindex":0},"east":{"uv":[10.75,3.6875,10.75,3.6875],"rotation":0,"texture":"#283f017f-fe3b-a834-c67e-5b3174e722a6","tintindex":0},"north":{"uv":[10.75,3.6875,10.75,3.6875],"rotation":0,"texture":"#283f017f-fe3b-a834-c67e-5b3174e722a6","tintindex":0},"south":{"uv":[10.75,3.6875,10.75,3.6875],"rotation":0,"texture":"#283f017f-fe3b-a834-c67e-5b3174e722a6","tintindex":0},"up":{"uv":[10.75,3.6875,10.75,3.6875],"rotation":0,"texture":"#283f017f-fe3b-a834-c67e-5b3174e722a6","tintindex":0},"west":{"uv":[10.75,3.6875,10.75,3.6875],"rotation":0,"texture":"#283f017f-fe3b-a834-c67e-5b3174e722a6","tintindex":0}}},{"name":"cube","from":[7.2548,8.745198,5.0192],"to":[8.745199,9.4904,5.7644],"rotation":{"angle":0.0,"axis":"x","origin":[12.6575,-2.4949007,8.372601]},"faces":{"down":{"uv":[10.75,3.6875,10.75,3.6875],"rotation":0,"texture":"#283f017f-fe3b-a834-c67e-5b3174e722a6","tintindex":0},"east":{"uv":[10.75,3.6875,10.75,3.6875],"rotation":0,"texture":"#283f017f-fe3b-a834-c67e-5b3174e722a6","tintindex":0},"north":{"uv":[0.5625,14.8125,0.6875,14.875],"rotation":0,"texture":"#283f017f-fe3b-a834-c67e-5b3174e722a6","tintindex":0},"south":{"uv":[10.75,3.6875,10.75,3.6875],"rotation":0,"texture":"#283f017f-fe3b-a834-c67e-5b3174e722a6","tintindex":0},"up":{"uv":[10.75,3.6875,10.75,3.6875],"rotation":0,"texture":"#283f017f-fe3b-a834-c67e-5b3174e722a6","tintindex":0},"west":{"uv":[10.75,3.6875,10.75,3.6875],"rotation":0,"texture":"#283f017f-fe3b-a834-c67e-5b3174e722a6","tintindex":0}}}],"display":{"head":{"translation":[0.0,-6.4,0.0],"rotation":[0.0,0.0,0.0],"scale":[3.8095,3.8095,3.8095]},"gui":{"translation":[0.0,0.0,0.0],"rotation":[35.0,225.0,0.0],"scale":[0.625,0.625,0.625]}}}