{"file_name":"arm_l","texture_size":[64,64],"textures":{"992ba430-b248-e651-8526-5341ec14ec25":"modelengine:entity/general_armor"},"elements":[{"name":"cube","from":[7.1670594,8.439497,7.366506],"to":[8.354819,12.511816,8.723946],"rotation":{"angle":-22.5,"axis":"z","origin":[6.546006,10.687376,7.978243]},"faces":{"down":{"uv":[12.75,1.25,12.25,2.25],"rotation":90,"texture":"#992ba430-b248-e651-8526-5341ec14ec25","tintindex":0},"east":{"uv":[12.75,1.25,12.25,2.25],"rotation":0,"texture":"#992ba430-b248-e651-8526-5341ec14ec25","tintindex":0},"north":{"uv":[12.75,1.25,12.25,2.25],"rotation":0,"texture":"#992ba430-b248-e651-8526-5341ec14ec25","tintindex":0},"south":{"uv":[12.75,1.25,12.25,2.25],"rotation":0,"texture":"#992ba430-b248-e651-8526-5341ec14ec25","tintindex":0},"up":{"uv":[12.75,1.25,12.25,1.5],"rotation":270,"texture":"#992ba430-b248-e651-8526-5341ec14ec25","tintindex":0},"west":{"uv":[12.75,1.25,12.25,2.25],"rotation":0,"texture":"#992ba430-b248-e651-8526-5341ec14ec25","tintindex":0}}},{"name":"cube","from":[5.3624578,10.078445,6.961433],"to":[8.077338,13.472045,7.640153],"rotation":{"angle":-22.5,"axis":"x","origin":[6.546006,10.687376,7.978243]},"faces":{"down":{"uv":[13.0,0.5,12.0,2.0],"rotation":0,"texture":"#992ba430-b248-e651-8526-5341ec14ec25","tintindex":0},"east":{"uv":[13.0,0.5,12.75,2.0],"rotation":0,"texture":"#992ba430-b248-e651-8526-5341ec14ec25","tintindex":0},"north":{"uv":[13.0,0.5,12.0,2.0],"rotation":0,"texture":"#992ba430-b248-e651-8526-5341ec14ec25","tintindex":0},"south":{"uv":[13.0,0.5,12.0,2.0],"rotation":0,"texture":"#992ba430-b248-e651-8526-5341ec14ec25","tintindex":0},"up":{"uv":[13.0,0.5,12.0,0.75],"rotation":0,"texture":"#992ba430-b248-e651-8526-5341ec14ec25","tintindex":0},"west":{"uv":[12.25,0.5,12.0,2.0],"rotation":0,"texture":"#992ba430-b248-e651-8526-5341ec14ec25","tintindex":0}}},{"name":"cube","from":[5.3838787,6.853492,7.0214376],"to":[7.420039,13.640693,9.057598],"rotation":{"angle":-45.0,"axis":"y","origin":[6.546006,10.687376,7.978243]},"faces":{"down":{"uv":[15.25,0.0,14.5,2.5],"rotation":0,"texture":"#992ba430-b248-e651-8526-5341ec14ec25","tintindex":0},"east":{"uv":[15.25,0.0,14.5,2.5],"rotation":0,"texture":"#992ba430-b248-e651-8526-5341ec14ec25","tintindex":0},"north":{"uv":[15.25,0.0,14.5,2.5],"rotation":0,"texture":"#992ba430-b248-e651-8526-5341ec14ec25","tintindex":0},"south":{"uv":[15.25,0.0,14.5,2.5],"rotation":0,"texture":"#992ba430-b248-e651-8526-5341ec14ec25","tintindex":0},"up":{"uv":[15.25,0.0,14.5,0.75],"rotation":0,"texture":"#992ba430-b248-e651-8526-5341ec14ec25","tintindex":0},"west":{"uv":[15.25,0.0,14.5,2.5],"rotation":0,"texture":"#992ba430-b248-e651-8526-5341ec14ec25","tintindex":0}}},{"name":"cube","from":[5.3624578,10.1214485,8.299625],"to":[8.077338,13.515048,8.978346],"rotation":{"angle":22.5,"axis":"x","origin":[6.546006,10.687376,7.978243]},"faces":{"down":{"uv":[13.0,0.25,12.0,1.5],"rotation":0,"texture":"#992ba430-b248-e651-8526-5341ec14ec25","tintindex":0},"east":{"uv":[12.25,0.25,12.0,1.5],"rotation":0,"texture":"#992ba430-b248-e651-8526-5341ec14ec25","tintindex":0},"north":{"uv":[13.0,0.25,12.0,1.5],"rotation":0,"texture":"#992ba430-b248-e651-8526-5341ec14ec25","tintindex":0},"south":{"uv":[13.0,0.25,12.0,1.5],"rotation":0,"texture":"#992ba430-b248-e651-8526-5341ec14ec25","tintindex":0},"up":{"uv":[13.0,0.25,12.0,0.5],"rotation":0,"texture":"#992ba430-b248-e651-8526-5341ec14ec25","tintindex":0},"west":{"uv":[13.0,0.25,12.75,1.5],"rotation":0,"texture":"#992ba430-b248-e651-8526-5341ec14ec25","tintindex":0}}},{"name":"cube","from":[4.623258,7.196212,6.611327],"to":[5.9806976,13.304691,9.326208],"rotation":{"angle":0.0,"axis":"x","origin":[6.546006,10.687376,7.978243]},"faces":{"down":{"uv":[13.0,0.0,12.0,2.25],"rotation":0,"texture":"#992ba430-b248-e651-8526-5341ec14ec25","tintindex":0},"east":{"uv":[13.0,0.0,12.0,2.25],"rotation":0,"texture":"#992ba430-b248-e651-8526-5341ec14ec25","tintindex":0},"north":{"uv":[12.0,0.0,11.5,2.25],"rotation":0,"texture":"#992ba430-b248-e651-8526-5341ec14ec25","tintindex":0},"south":{"uv":[13.5,0.0,13.0,2.25],"rotation":0,"texture":"#992ba430-b248-e651-8526-5341ec14ec25","tintindex":0},"up":{"uv":[14.25,0.0,13.75,1.0],"rotation":0,"texture":"#992ba430-b248-e651-8526-5341ec14ec25","tintindex":0},"west":{"uv":[13.0,0.0,12.0,2.25],"rotation":0,"texture":"#992ba430-b248-e651-8526-5341ec14ec25","tintindex":0}}}],"display":{"head":{"translation":[0.0,-6.4,0.0],"rotation":[0.0,0.0,0.0],"scale":[3.8095,3.8095,3.8095]},"gui":{"translation":[0.0,0.0,0.0],"rotation":[35.0,225.0,0.0],"scale":[0.625,0.625,0.625]}}}