{"elements":[{"from":[7.206723,8.418568,7.3966722],"to":[8.337923,12.296968,8.689472],"rotation":{"angle":-22.5,"axis":"z","origin":[6.615244,10.559405,7.979279]},"faces":{"east":{"uv":[12.75,1.25,12.25,2.25],"rotation":0,"texture":"#0","tintindex":0},"south":{"uv":[12.75,1.25,12.25,2.25],"rotation":0,"texture":"#0","tintindex":0},"north":{"uv":[12.75,1.25,12.25,2.25],"rotation":0,"texture":"#0","tintindex":0},"west":{"uv":[12.75,1.25,12.25,2.25],"rotation":0,"texture":"#0","tintindex":0},"up":{"uv":[12.75,1.25,12.25,1.5],"rotation":270,"texture":"#0","tintindex":0},"down":{"uv":[12.75,1.25,12.25,2.25],"rotation":90,"texture":"#0","tintindex":0}}},{"from":[5.488055,9.979471,7.0108886],"to":[8.073655,13.211472,7.6572886],"rotation":{"angle":-22.5,"axis":"x","origin":[6.615244,10.559405,7.979279]},"faces":{"east":{"uv":[13.0,0.5,12.75,2.0],"rotation":0,"texture":"#0","tintindex":0},"south":{"uv":[13.0,0.5,12.0,2.0],"rotation":0,"texture":"#0","tintindex":0},"north":{"uv":[13.0,0.5,12.0,2.0],"rotation":0,"texture":"#0","tintindex":0},"west":{"uv":[12.25,0.5,12.0,2.0],"rotation":0,"texture":"#0","tintindex":0},"up":{"uv":[13.0,0.5,12.0,0.75],"rotation":0,"texture":"#0","tintindex":0},"down":{"uv":[13.0,0.5,12.0,2.0],"rotation":0,"texture":"#0","tintindex":0}}},{"from":[5.5084558,6.9080873,7.068036],"to":[7.4476557,13.3720875,9.0072365],"rotation":{"angle":-45.0,"axis":"y","origin":[6.615244,10.559405,7.979279]},"faces":{"east":{"uv":[15.25,0.0,14.5,2.5],"rotation":0,"texture":"#0","tintindex":0},"south":{"uv":[15.25,0.0,14.5,2.5],"rotation":0,"texture":"#0","tintindex":0},"north":{"uv":[15.25,0.0,14.5,2.5],"rotation":0,"texture":"#0","tintindex":0},"west":{"uv":[15.25,0.0,14.5,2.5],"rotation":0,"texture":"#0","tintindex":0},"up":{"uv":[15.25,0.0,14.5,0.75],"rotation":0,"texture":"#0","tintindex":0},"down":{"uv":[15.25,0.0,14.5,2.5],"rotation":0,"texture":"#0","tintindex":0}}},{"from":[5.488055,10.020427,8.285357],"to":[8.073655,13.252427,8.931758],"rotation":{"angle":22.5,"axis":"x","origin":[6.615244,10.559405,7.979279]},"faces":{"east":{"uv":[12.25,0.25,12.0,1.5],"rotation":0,"texture":"#0","tintindex":0},"south":{"uv":[13.0,0.25,12.0,1.5],"rotation":0,"texture":"#0","tintindex":0},"north":{"uv":[13.0,0.25,12.0,1.5],"rotation":0,"texture":"#0","tintindex":0},"west":{"uv":[13.0,0.25,12.75,1.5],"rotation":0,"texture":"#0","tintindex":0},"up":{"uv":[13.0,0.25,12.0,0.5],"rotation":0,"texture":"#0","tintindex":0},"down":{"uv":[13.0,0.25,12.0,1.5],"rotation":0,"texture":"#0","tintindex":0}}},{"from":[4.7840548,7.2344875,6.677455],"to":[6.076855,13.052088,9.263055],"rotation":{"angle":0.0,"axis":"y","origin":[6.615244,10.559405,7.979279]},"faces":{"east":{"uv":[13.0,0.0,12.0,2.25],"rotation":0,"texture":"#0","tintindex":0},"south":{"uv":[13.5,0.0,13.0,2.25],"rotation":0,"texture":"#0","tintindex":0},"north":{"uv":[12.0,0.0,11.5,2.25],"rotation":0,"texture":"#0","tintindex":0},"west":{"uv":[13.0,0.0,12.0,2.25],"rotation":0,"texture":"#0","tintindex":0},"up":{"uv":[14.25,0.0,13.75,1.0],"rotation":0,"texture":"#0","tintindex":0},"down":{"uv":[13.0,0.0,12.0,2.25],"rotation":0,"texture":"#0","tintindex":0}}}],"textures":{"0":"modelengine:entity/general_armor"},"display":{"head":{"translation":[0.0,-6.4,0.0],"scale":[4.0,4.0,4.0]}}}