{"file_name":"boots_l2","texture_size":[64,64],"textures":{"992ba430-b248-e651-8526-5341ec14ec25":"modelengine:entity/general_armor"},"elements":[{"name":"cube","from":[7.805359,7.3859706,5.5149674],"to":[9.162799,9.422131,10.931288],"rotation":{"angle":0.0,"axis":"x","origin":[7.717008,8.087386,7.4400373]},"faces":{"down":{"uv":[7.0,7.5,8.75,6.75],"rotation":270,"texture":"#992ba430-b248-e651-8526-5341ec14ec25","tintindex":0},"east":{"uv":[8.75,6.75,7.0,7.5],"rotation":180,"texture":"#992ba430-b248-e651-8526-5341ec14ec25","tintindex":0},"north":{"uv":[11.5,5.5,11.75,5.25],"rotation":90,"texture":"#992ba430-b248-e651-8526-5341ec14ec25","tintindex":0},"south":{"uv":[7.0,7.5,8.75,6.75],"rotation":270,"texture":"#992ba430-b248-e651-8526-5341ec14ec25","tintindex":0},"up":{"uv":[11.5,5.75,11.75,5.5],"rotation":270,"texture":"#992ba430-b248-e651-8526-5341ec14ec25","tintindex":0},"west":{"uv":[8.75,6.75,7.0,7.5],"rotation":0,"texture":"#992ba430-b248-e651-8526-5341ec14ec25","tintindex":0}}},{"name":"cube","from":[6.1504765,7.3859706,5.529276],"to":[7.507916,9.422131,10.945597],"rotation":{"angle":-45.0,"axis":"y","origin":[7.609488,8.087386,7.4400373]},"faces":{"down":{"uv":[7.0,7.5,8.75,6.75],"rotation":270,"texture":"#992ba430-b248-e651-8526-5341ec14ec25","tintindex":0},"east":{"uv":[8.75,6.75,7.0,7.5],"rotation":180,"texture":"#992ba430-b248-e651-8526-5341ec14ec25","tintindex":0},"north":{"uv":[11.5,5.5,11.75,5.25],"rotation":90,"texture":"#992ba430-b248-e651-8526-5341ec14ec25","tintindex":0},"south":{"uv":[11.5,5.5,11.75,5.25],"rotation":270,"texture":"#992ba430-b248-e651-8526-5341ec14ec25","tintindex":0},"up":{"uv":[11.5,5.75,11.75,5.5],"rotation":270,"texture":"#992ba430-b248-e651-8526-5341ec14ec25","tintindex":0},"west":{"uv":[8.75,6.75,7.0,7.5],"rotation":0,"texture":"#992ba430-b248-e651-8526-5341ec14ec25","tintindex":0}}},{"name":"cube","from":[5.7975087,6.9914527,5.2618084],"to":[7.1549487,8.3276825,10.521889],"rotation":{"angle":-45.0,"axis":"y","origin":[7.717008,8.087386,7.4400373]},"faces":{"down":{"uv":[2.75,3.25,4.75,2.75],"rotation":270,"texture":"#992ba430-b248-e651-8526-5341ec14ec25","tintindex":0},"east":{"uv":[4.75,2.75,2.75,3.25],"rotation":0,"texture":"#992ba430-b248-e651-8526-5341ec14ec25","tintindex":0},"north":{"uv":[4.75,2.75,2.75,3.25],"rotation":0,"texture":"#992ba430-b248-e651-8526-5341ec14ec25","tintindex":0},"south":{"uv":[4.75,2.75,2.75,3.25],"rotation":0,"texture":"#992ba430-b248-e651-8526-5341ec14ec25","tintindex":0},"up":{"uv":[2.75,3.25,4.75,2.75],"rotation":90,"texture":"#992ba430-b248-e651-8526-5341ec14ec25","tintindex":0},"west":{"uv":[4.75,2.75,2.75,3.25],"rotation":0,"texture":"#992ba430-b248-e651-8526-5341ec14ec25","tintindex":0}}},{"name":"cube","from":[6.777194,6.9754925,4.693055],"to":[8.643674,8.332932,6.050495],"rotation":{"angle":-22.5,"axis":"y","origin":[7.717008,8.087386,7.4400373]},"faces":{"down":{"uv":[4.75,2.75,4.0,3.25],"rotation":0,"texture":"#992ba430-b248-e651-8526-5341ec14ec25","tintindex":0},"east":{"uv":[4.75,2.75,4.0,3.25],"rotation":0,"texture":"#992ba430-b248-e651-8526-5341ec14ec25","tintindex":0},"north":{"uv":[4.75,2.75,4.0,3.25],"rotation":0,"texture":"#992ba430-b248-e651-8526-5341ec14ec25","tintindex":0},"south":{"uv":[4.75,2.75,4.0,3.25],"rotation":0,"texture":"#992ba430-b248-e651-8526-5341ec14ec25","tintindex":0},"up":{"uv":[4.75,2.75,4.0,3.25],"rotation":0,"texture":"#992ba430-b248-e651-8526-5341ec14ec25","tintindex":0},"west":{"uv":[4.75,2.75,4.0,3.25],"rotation":0,"texture":"#992ba430-b248-e651-8526-5341ec14ec25","tintindex":0}}},{"name":"cube","from":[8.26692,6.9914527,5.2567763],"to":[9.62436,8.3276825,10.516857],"rotation":{"angle":0.0,"axis":"x","origin":[7.717008,8.087386,7.4400373]},"faces":{"down":{"uv":[2.75,3.25,5.0,2.75],"rotation":270,"texture":"#992ba430-b248-e651-8526-5341ec14ec25","tintindex":0},"east":{"uv":[5.0,2.75,2.75,3.25],"rotation":0,"texture":"#992ba430-b248-e651-8526-5341ec14ec25","tintindex":0},"north":{"uv":[5.0,2.75,2.75,3.25],"rotation":0,"texture":"#992ba430-b248-e651-8526-5341ec14ec25","tintindex":0},"south":{"uv":[5.0,2.75,2.75,3.25],"rotation":0,"texture":"#992ba430-b248-e651-8526-5341ec14ec25","tintindex":0},"up":{"uv":[2.75,3.25,5.0,2.75],"rotation":90,"texture":"#992ba430-b248-e651-8526-5341ec14ec25","tintindex":0},"west":{"uv":[5.0,2.75,2.75,3.25],"rotation":0,"texture":"#992ba430-b248-e651-8526-5341ec14ec25","tintindex":0}}},{"name":"cube","from":[5.3789005,6.7745905,9.540596],"to":[10.12994,9.662511,11.237396],"rotation":{"angle":-22.5,"axis":"y","origin":[7.717008,8.087386,7.4400373]},"faces":{"down":{"uv":[13.25,1.75,11.75,2.25],"rotation":0,"texture":"#992ba430-b248-e651-8526-5341ec14ec25","tintindex":0},"east":{"uv":[12.5,1.0,11.75,2.25],"rotation":0,"texture":"#992ba430-b248-e651-8526-5341ec14ec25","tintindex":0},"north":{"uv":[13.25,1.0,11.75,2.25],"rotation":0,"texture":"#992ba430-b248-e651-8526-5341ec14ec25","tintindex":0},"south":{"uv":[13.25,1.0,11.75,2.25],"rotation":0,"texture":"#992ba430-b248-e651-8526-5341ec14ec25","tintindex":0},"up":{"uv":[13.25,0.25,11.75,1.0],"rotation":0,"texture":"#992ba430-b248-e651-8526-5341ec14ec25","tintindex":0},"west":{"uv":[13.25,1.0,12.5,2.25],"rotation":0,"texture":"#992ba430-b248-e651-8526-5341ec14ec25","tintindex":0}}}],"display":{"head":{"translation":[0.0,-6.4,0.0],"rotation":[0.0,0.0,0.0],"scale":[3.8095,3.8095,3.8095]},"gui":{"translation":[0.0,0.0,0.0],"rotation":[35.0,225.0,0.0],"scale":[0.625,0.625,0.625]}}}