{"elements":[{"from":[6.3211436,7.4152102,5.633302],"to":[7.613944,9.35441,10.791702],"rotation":{"angle":0.0,"axis":"y","origin":[7.698087,8.083225,7.466702]},"faces":{"east":{"uv":[7.0,6.75,8.75,7.5],"rotation":0,"texture":"#0","tintindex":0},"south":{"uv":[7.0,6.75,8.75,7.5],"rotation":270,"texture":"#0","tintindex":0},"north":{"uv":[11.5,5.25,11.75,5.5],"rotation":90,"texture":"#0","tintindex":0},"west":{"uv":[7.0,6.75,8.75,7.5],"rotation":180,"texture":"#0","tintindex":0},"up":{"uv":[11.5,5.5,11.75,5.75],"rotation":270,"texture":"#0","tintindex":0},"down":{"uv":[7.0,6.75,8.75,7.5],"rotation":270,"texture":"#0","tintindex":0}}},{"from":[7.8972225,7.4152102,5.6469297],"to":[9.190022,9.35441,10.80533],"rotation":{"angle":45.0,"axis":"y","origin":[7.8004875,8.083225,7.466702]},"faces":{"east":{"uv":[7.0,6.75,8.75,7.5],"rotation":0,"texture":"#0","tintindex":0},"south":{"uv":[11.5,5.25,11.75,5.5],"rotation":270,"texture":"#0","tintindex":0},"north":{"uv":[11.5,5.25,11.75,5.5],"rotation":90,"texture":"#0","tintindex":0},"west":{"uv":[7.0,6.75,8.75,7.5],"rotation":180,"texture":"#0","tintindex":0},"up":{"uv":[11.5,5.5,11.75,5.75],"rotation":270,"texture":"#0","tintindex":0},"down":{"uv":[7.0,6.75,8.75,7.5],"rotation":270,"texture":"#0","tintindex":0}}},{"from":[8.233382,7.039479,5.392198],"to":[9.526182,8.312078,10.401798],"rotation":{"angle":45.0,"axis":"y","origin":[7.698087,8.083225,7.466702]},"faces":{"east":{"uv":[2.75,2.75,4.75,3.25],"rotation":0,"texture":"#0","tintindex":0},"south":{"uv":[2.75,2.75,4.75,3.25],"rotation":0,"texture":"#0","tintindex":0},"north":{"uv":[2.75,2.75,4.75,3.25],"rotation":0,"texture":"#0","tintindex":0},"west":{"uv":[2.75,2.75,4.75,3.25],"rotation":0,"texture":"#0","tintindex":0},"up":{"uv":[2.75,2.75,4.75,3.25],"rotation":90,"texture":"#0","tintindex":0},"down":{"uv":[2.75,2.75,4.75,3.25],"rotation":270,"texture":"#0","tintindex":0}}},{"from":[6.8155484,7.0242786,4.8505287],"to":[8.593148,8.317079,6.1433287],"rotation":{"angle":22.5,"axis":"y","origin":[7.698087,8.083225,7.466702]},"faces":{"east":{"uv":[4.0,2.75,4.75,3.25],"rotation":0,"texture":"#0","tintindex":0},"south":{"uv":[4.0,2.75,4.75,3.25],"rotation":0,"texture":"#0","tintindex":0},"north":{"uv":[4.0,2.75,4.75,3.25],"rotation":0,"texture":"#0","tintindex":0},"west":{"uv":[4.0,2.75,4.75,3.25],"rotation":0,"texture":"#0","tintindex":0},"up":{"uv":[4.0,2.75,4.75,3.25],"rotation":0,"texture":"#0","tintindex":0},"down":{"uv":[4.0,2.75,4.75,3.25],"rotation":0,"texture":"#0","tintindex":0}}},{"from":[5.8815613,7.039479,5.6731205],"to":[7.174361,8.312078,10.68272],"rotation":{"angle":0.0,"axis":"y","origin":[7.698087,8.083225,7.466702]},"faces":{"east":{"uv":[2.75,2.75,5.0,3.25],"rotation":0,"texture":"#0","tintindex":0},"south":{"uv":[2.75,2.75,5.0,3.25],"rotation":0,"texture":"#0","tintindex":0},"north":{"uv":[2.75,2.75,5.0,3.25],"rotation":0,"texture":"#0","tintindex":0},"west":{"uv":[2.75,2.75,5.0,3.25],"rotation":0,"texture":"#0","tintindex":0},"up":{"uv":[2.75,2.75,5.0,3.25],"rotation":90,"texture":"#0","tintindex":0},"down":{"uv":[2.75,2.75,5.0,3.25],"rotation":270,"texture":"#0","tintindex":0}}},{"from":[5.400056,6.832943,9.467235],"to":[9.924856,9.5833435,11.083235],"rotation":{"angle":22.5,"axis":"y","origin":[7.698087,8.083225,7.466702]},"faces":{"east":{"uv":[12.5,1.0,13.25,2.25],"rotation":0,"texture":"#0","tintindex":0},"south":{"uv":[11.75,1.0,13.25,2.25],"rotation":0,"texture":"#0","tintindex":0},"north":{"uv":[11.75,1.0,13.25,2.25],"rotation":0,"texture":"#0","tintindex":0},"west":{"uv":[11.75,1.0,12.5,2.25],"rotation":0,"texture":"#0","tintindex":0},"up":{"uv":[11.75,0.25,13.25,1.0],"rotation":0,"texture":"#0","tintindex":0},"down":{"uv":[11.75,1.75,13.25,2.25],"rotation":0,"texture":"#0","tintindex":0}}}],"textures":{"0":"modelengine:entity/general_armor"},"display":{"head":{"translation":[0.0,-6.4,0.0],"scale":[4.0,4.0,4.0]}}}