{"elements":[{"from":[7.8146276,7.4152102,5.633302],"to":[9.107428,9.35441,10.791702],"rotation":{"angle":0.0,"axis":"y","origin":[7.730484,8.083225,7.466702]},"faces":{"east":{"uv":[8.75,6.75,7.0,7.5],"rotation":180,"texture":"#0","tintindex":0},"south":{"uv":[7.0,7.5,8.75,6.75],"rotation":270,"texture":"#0","tintindex":0},"north":{"uv":[11.5,5.5,11.75,5.25],"rotation":90,"texture":"#0","tintindex":0},"west":{"uv":[8.75,6.75,7.0,7.5],"rotation":0,"texture":"#0","tintindex":0},"up":{"uv":[11.5,5.75,11.75,5.5],"rotation":270,"texture":"#0","tintindex":0},"down":{"uv":[7.0,7.5,8.75,6.75],"rotation":270,"texture":"#0","tintindex":0}}},{"from":[6.2385488,7.4152102,5.6469297],"to":[7.531349,9.35441,10.80533],"rotation":{"angle":-45.0,"axis":"y","origin":[7.628084,8.083225,7.466702]},"faces":{"east":{"uv":[8.75,6.75,7.0,7.5],"rotation":180,"texture":"#0","tintindex":0},"south":{"uv":[11.5,5.5,11.75,5.25],"rotation":270,"texture":"#0","tintindex":0},"north":{"uv":[11.5,5.5,11.75,5.25],"rotation":90,"texture":"#0","tintindex":0},"west":{"uv":[8.75,6.75,7.0,7.5],"rotation":0,"texture":"#0","tintindex":0},"up":{"uv":[11.5,5.75,11.75,5.5],"rotation":270,"texture":"#0","tintindex":0},"down":{"uv":[7.0,7.5,8.75,6.75],"rotation":270,"texture":"#0","tintindex":0}}},{"from":[5.9023895,7.039479,5.392198],"to":[7.1951895,8.312078,10.401798],"rotation":{"angle":-45.0,"axis":"y","origin":[7.730484,8.083225,7.466702]},"faces":{"east":{"uv":[4.75,2.75,2.75,3.25],"rotation":0,"texture":"#0","tintindex":0},"south":{"uv":[4.75,2.75,2.75,3.25],"rotation":0,"texture":"#0","tintindex":0},"north":{"uv":[4.75,2.75,2.75,3.25],"rotation":0,"texture":"#0","tintindex":0},"west":{"uv":[4.75,2.75,2.75,3.25],"rotation":0,"texture":"#0","tintindex":0},"up":{"uv":[2.75,3.25,4.75,2.75],"rotation":90,"texture":"#0","tintindex":0},"down":{"uv":[2.75,3.25,4.75,2.75],"rotation":270,"texture":"#0","tintindex":0}}},{"from":[6.835423,7.0242786,4.8505287],"to":[8.613023,8.317079,6.1433287],"rotation":{"angle":-22.5,"axis":"y","origin":[7.730484,8.083225,7.466702]},"faces":{"east":{"uv":[4.75,2.75,4.0,3.25],"rotation":0,"texture":"#0","tintindex":0},"south":{"uv":[4.75,2.75,4.0,3.25],"rotation":0,"texture":"#0","tintindex":0},"north":{"uv":[4.75,2.75,4.0,3.25],"rotation":0,"texture":"#0","tintindex":0},"west":{"uv":[4.75,2.75,4.0,3.25],"rotation":0,"texture":"#0","tintindex":0},"up":{"uv":[4.75,2.75,4.0,3.25],"rotation":0,"texture":"#0","tintindex":0},"down":{"uv":[4.75,2.75,4.0,3.25],"rotation":0,"texture":"#0","tintindex":0}}},{"from":[8.2542095,7.039479,5.3874063],"to":[9.54701,8.312078,10.397006],"rotation":{"angle":0.0,"axis":"y","origin":[7.730484,8.083225,7.466702]},"faces":{"east":{"uv":[5.0,2.75,2.75,3.25],"rotation":0,"texture":"#0","tintindex":0},"south":{"uv":[5.0,2.75,2.75,3.25],"rotation":0,"texture":"#0","tintindex":0},"north":{"uv":[5.0,2.75,2.75,3.25],"rotation":0,"texture":"#0","tintindex":0},"west":{"uv":[5.0,2.75,2.75,3.25],"rotation":0,"texture":"#0","tintindex":0},"up":{"uv":[2.75,3.25,5.0,2.75],"rotation":90,"texture":"#0","tintindex":0},"down":{"uv":[2.75,3.25,5.0,2.75],"rotation":270,"texture":"#0","tintindex":0}}},{"from":[5.503715,6.832943,9.467235],"to":[10.028515,9.5833435,11.083235],"rotation":{"angle":-22.5,"axis":"y","origin":[7.730484,8.083225,7.466702]},"faces":{"east":{"uv":[12.5,1.0,11.75,2.25],"rotation":0,"texture":"#0","tintindex":0},"south":{"uv":[13.25,1.0,11.75,2.25],"rotation":0,"texture":"#0","tintindex":0},"north":{"uv":[13.25,1.0,11.75,2.25],"rotation":0,"texture":"#0","tintindex":0},"west":{"uv":[13.25,1.0,12.5,2.25],"rotation":0,"texture":"#0","tintindex":0},"up":{"uv":[13.25,0.25,11.75,1.0],"rotation":0,"texture":"#0","tintindex":0},"down":{"uv":[13.25,1.75,11.75,2.25],"rotation":0,"texture":"#0","tintindex":0}}}],"textures":{"0":"modelengine:entity/general_armor"},"display":{"head":{"translation":[0.0,-6.4,0.0],"scale":[4.0,4.0,4.0]}}}