{"textures":{"0":"modelengine:entity/general_armor"},"elements":[{"from":[7.675598,6.976618,3.8582792],"to":[9.937998,10.370218,12.885479],"faces":{"east":{"uv":[8.75,6.75,7.0,7.5],"tintindex":0,"rotation":180,"texture":"#0"},"south":{"uv":[7.0,7.5,8.75,6.75],"tintindex":0,"rotation":270,"texture":"#0"},"north":{"uv":[11.5,5.5,11.75,5.25],"tintindex":0,"rotation":90,"texture":"#0"},"west":{"uv":[8.75,6.75,7.0,7.5],"tintindex":0,"rotation":0,"texture":"#0"},"up":{"uv":[11.5,5.75,11.75,5.5],"tintindex":0,"rotation":270,"texture":"#0"},"down":{"uv":[7.0,7.5,8.75,6.75],"tintindex":0,"rotation":270,"texture":"#0"}}},{"from":[4.329181,6.319088,3.436347],"to":[6.5915813,8.546138,12.203147],"faces":{"east":{"uv":[4.75,2.75,2.75,3.25],"tintindex":0,"rotation":0,"texture":"#0"},"south":{"uv":[4.75,2.75,2.75,3.25],"tintindex":0,"rotation":0,"texture":"#0"},"north":{"uv":[4.75,2.75,2.75,3.25],"tintindex":0,"rotation":0,"texture":"#0"},"west":{"uv":[4.75,2.75,2.75,3.25],"tintindex":0,"rotation":0,"texture":"#0"},"up":{"uv":[2.75,3.25,4.75,2.75],"tintindex":0,"rotation":90,"texture":"#0"},"down":{"uv":[2.75,3.25,4.75,2.75],"tintindex":0,"rotation":270,"texture":"#0"}},"rotation":{"origin":[7.528347,8.145643,7.0667286],"angle":-45.0,"axis":"y"}},{"from":[3.6315012,5.9576507,10.567659],"to":[11.549901,10.770851,13.39566],"faces":{"east":{"uv":[12.5,1.0,11.75,2.25],"tintindex":0,"rotation":0,"texture":"#0"},"south":{"uv":[13.25,1.0,11.75,2.25],"tintindex":0,"rotation":0,"texture":"#0"},"north":{"uv":[13.25,1.0,11.75,2.25],"tintindex":0,"rotation":0,"texture":"#0"},"west":{"uv":[13.25,1.0,12.5,2.25],"tintindex":0,"rotation":0,"texture":"#0"},"up":{"uv":[13.25,0.25,11.75,1.0],"tintindex":0,"rotation":0,"texture":"#0"},"down":{"uv":[13.25,1.75,11.75,2.25],"tintindex":0,"rotation":0,"texture":"#0"}},"rotation":{"origin":[7.528347,8.145643,7.0667286],"angle":-22.5,"axis":"y"}},{"from":[4.9174604,6.976618,3.8821268],"to":[7.17986,10.370218,12.909327],"faces":{"east":{"uv":[8.75,6.75,7.0,7.5],"tintindex":0,"rotation":180,"texture":"#0"},"south":{"uv":[11.5,5.5,11.75,5.25],"tintindex":0,"rotation":270,"texture":"#0"},"north":{"uv":[11.5,5.5,11.75,5.25],"tintindex":0,"rotation":90,"texture":"#0"},"west":{"uv":[8.75,6.75,7.0,7.5],"tintindex":0,"rotation":0,"texture":"#0"},"up":{"uv":[11.5,5.75,11.75,5.5],"tintindex":0,"rotation":270,"texture":"#0"},"down":{"uv":[7.0,7.5,8.75,6.75],"tintindex":0,"rotation":270,"texture":"#0"}},"rotation":{"origin":[7.349147,8.145643,7.0667286],"angle":-45.0,"axis":"y"}},{"from":[8.444867,6.319088,3.4279609],"to":[10.707267,8.546138,12.194761],"faces":{"east":{"uv":[5.0,2.75,2.75,3.25],"tintindex":0,"rotation":0,"texture":"#0"},"south":{"uv":[5.0,2.75,2.75,3.25],"tintindex":0,"rotation":0,"texture":"#0"},"north":{"uv":[5.0,2.75,2.75,3.25],"tintindex":0,"rotation":0,"texture":"#0"},"west":{"uv":[5.0,2.75,2.75,3.25],"tintindex":0,"rotation":0,"texture":"#0"},"up":{"uv":[2.75,3.25,5.0,2.75],"tintindex":0,"rotation":90,"texture":"#0"},"down":{"uv":[2.75,3.25,5.0,2.75],"tintindex":0,"rotation":270,"texture":"#0"}}},{"from":[5.9619904,6.292488,2.4884253],"to":[9.07279,8.554888,4.750826],"faces":{"east":{"uv":[4.75,2.75,4.0,3.25],"tintindex":0,"rotation":0,"texture":"#0"},"south":{"uv":[4.75,2.75,4.0,3.25],"tintindex":0,"rotation":0,"texture":"#0"},"north":{"uv":[4.75,2.75,4.0,3.25],"tintindex":0,"rotation":0,"texture":"#0"},"west":{"uv":[4.75,2.75,4.0,3.25],"tintindex":0,"rotation":0,"texture":"#0"},"up":{"uv":[4.75,2.75,4.0,3.25],"tintindex":0,"rotation":0,"texture":"#0"},"down":{"uv":[4.75,2.75,4.0,3.25],"tintindex":0,"rotation":0,"texture":"#0"}},"rotation":{"origin":[7.528347,8.145643,7.0667286],"angle":-22.5,"axis":"y"}}],"display":{"gui":{"rotation":[30,225,0]}}}