{"file_name":"boots_l","texture_size":[64,64],"textures":{"992ba430-b248-e651-8526-5341ec14ec25":"modelengine:entity/general_armor"},"elements":[{"name":"cube","from":[6.237201,7.3859706,5.5149674],"to":[7.594641,9.422131,10.931288],"rotation":{"angle":0.0,"axis":"x","origin":[7.682992,8.087386,7.4400373]},"faces":{"down":{"uv":[7.0,6.75,8.75,7.5],"rotation":270,"texture":"#992ba430-b248-e651-8526-5341ec14ec25","tintindex":0},"east":{"uv":[7.0,6.75,8.75,7.5],"rotation":0,"texture":"#992ba430-b248-e651-8526-5341ec14ec25","tintindex":0},"north":{"uv":[11.5,5.25,11.75,5.5],"rotation":90,"texture":"#992ba430-b248-e651-8526-5341ec14ec25","tintindex":0},"south":{"uv":[7.0,6.75,8.75,7.5],"rotation":270,"texture":"#992ba430-b248-e651-8526-5341ec14ec25","tintindex":0},"up":{"uv":[11.5,5.5,11.75,5.75],"rotation":270,"texture":"#992ba430-b248-e651-8526-5341ec14ec25","tintindex":0},"west":{"uv":[7.0,6.75,8.75,7.5],"rotation":180,"texture":"#992ba430-b248-e651-8526-5341ec14ec25","tintindex":0}}},{"name":"cube","from":[7.892084,7.3859706,5.529276],"to":[9.249523,9.422131,10.945597],"rotation":{"angle":45.0,"axis":"y","origin":[7.790512,8.087386,7.4400373]},"faces":{"down":{"uv":[7.0,6.75,8.75,7.5],"rotation":270,"texture":"#992ba430-b248-e651-8526-5341ec14ec25","tintindex":0},"east":{"uv":[7.0,6.75,8.75,7.5],"rotation":0,"texture":"#992ba430-b248-e651-8526-5341ec14ec25","tintindex":0},"north":{"uv":[11.5,5.25,11.75,5.5],"rotation":90,"texture":"#992ba430-b248-e651-8526-5341ec14ec25","tintindex":0},"south":{"uv":[11.5,5.25,11.75,5.5],"rotation":270,"texture":"#992ba430-b248-e651-8526-5341ec14ec25","tintindex":0},"up":{"uv":[11.5,5.5,11.75,5.75],"rotation":270,"texture":"#992ba430-b248-e651-8526-5341ec14ec25","tintindex":0},"west":{"uv":[7.0,6.75,8.75,7.5],"rotation":180,"texture":"#992ba430-b248-e651-8526-5341ec14ec25","tintindex":0}}},{"name":"cube","from":[8.245051,6.9914527,5.2618084],"to":[9.602491,8.3276825,10.521889],"rotation":{"angle":45.0,"axis":"y","origin":[7.682992,8.087386,7.4400373]},"faces":{"down":{"uv":[2.75,2.75,4.75,3.25],"rotation":270,"texture":"#992ba430-b248-e651-8526-5341ec14ec25","tintindex":0},"east":{"uv":[2.75,2.75,4.75,3.25],"rotation":0,"texture":"#992ba430-b248-e651-8526-5341ec14ec25","tintindex":0},"north":{"uv":[2.75,2.75,4.75,3.25],"rotation":0,"texture":"#992ba430-b248-e651-8526-5341ec14ec25","tintindex":0},"south":{"uv":[2.75,2.75,4.75,3.25],"rotation":0,"texture":"#992ba430-b248-e651-8526-5341ec14ec25","tintindex":0},"up":{"uv":[2.75,2.75,4.75,3.25],"rotation":90,"texture":"#992ba430-b248-e651-8526-5341ec14ec25","tintindex":0},"west":{"uv":[2.75,2.75,4.75,3.25],"rotation":0,"texture":"#992ba430-b248-e651-8526-5341ec14ec25","tintindex":0}}},{"name":"cube","from":[6.7563257,6.9754925,4.693055],"to":[8.622806,8.332932,6.050495],"rotation":{"angle":22.5,"axis":"y","origin":[7.682992,8.087386,7.4400373]},"faces":{"down":{"uv":[4.0,2.75,4.75,3.25],"rotation":0,"texture":"#992ba430-b248-e651-8526-5341ec14ec25","tintindex":0},"east":{"uv":[4.0,2.75,4.75,3.25],"rotation":0,"texture":"#992ba430-b248-e651-8526-5341ec14ec25","tintindex":0},"north":{"uv":[4.0,2.75,4.75,3.25],"rotation":0,"texture":"#992ba430-b248-e651-8526-5341ec14ec25","tintindex":0},"south":{"uv":[4.0,2.75,4.75,3.25],"rotation":0,"texture":"#992ba430-b248-e651-8526-5341ec14ec25","tintindex":0},"up":{"uv":[4.0,2.75,4.75,3.25],"rotation":0,"texture":"#992ba430-b248-e651-8526-5341ec14ec25","tintindex":0},"west":{"uv":[4.0,2.75,4.75,3.25],"rotation":0,"texture":"#992ba430-b248-e651-8526-5341ec14ec25","tintindex":0}}},{"name":"cube","from":[5.7756395,6.9914527,5.5567765],"to":[7.1330795,8.3276825,10.816856],"rotation":{"angle":0.0,"axis":"x","origin":[7.682992,8.087386,7.4400373]},"faces":{"down":{"uv":[2.75,2.75,5.0,3.25],"rotation":270,"texture":"#992ba430-b248-e651-8526-5341ec14ec25","tintindex":0},"east":{"uv":[2.75,2.75,5.0,3.25],"rotation":0,"texture":"#992ba430-b248-e651-8526-5341ec14ec25","tintindex":0},"north":{"uv":[2.75,2.75,5.0,3.25],"rotation":0,"texture":"#992ba430-b248-e651-8526-5341ec14ec25","tintindex":0},"south":{"uv":[2.75,2.75,5.0,3.25],"rotation":0,"texture":"#992ba430-b248-e651-8526-5341ec14ec25","tintindex":0},"up":{"uv":[2.75,2.75,5.0,3.25],"rotation":90,"texture":"#992ba430-b248-e651-8526-5341ec14ec25","tintindex":0},"west":{"uv":[2.75,2.75,5.0,3.25],"rotation":0,"texture":"#992ba430-b248-e651-8526-5341ec14ec25","tintindex":0}}},{"name":"cube","from":[5.2700586,6.7745905,9.540596],"to":[10.021099,9.662511,11.237396],"rotation":{"angle":22.5,"axis":"y","origin":[7.682992,8.087386,7.4400373]},"faces":{"down":{"uv":[11.75,1.75,13.25,2.25],"rotation":0,"texture":"#992ba430-b248-e651-8526-5341ec14ec25","tintindex":0},"east":{"uv":[12.5,1.0,13.25,2.25],"rotation":0,"texture":"#992ba430-b248-e651-8526-5341ec14ec25","tintindex":0},"north":{"uv":[11.75,1.0,13.25,2.25],"rotation":0,"texture":"#992ba430-b248-e651-8526-5341ec14ec25","tintindex":0},"south":{"uv":[11.75,1.0,13.25,2.25],"rotation":0,"texture":"#992ba430-b248-e651-8526-5341ec14ec25","tintindex":0},"up":{"uv":[11.75,0.25,13.25,1.0],"rotation":0,"texture":"#992ba430-b248-e651-8526-5341ec14ec25","tintindex":0},"west":{"uv":[11.75,1.0,12.5,2.25],"rotation":0,"texture":"#992ba430-b248-e651-8526-5341ec14ec25","tintindex":0}}}],"display":{"head":{"translation":[0.0,-6.4,0.0],"rotation":[0.0,0.0,0.0],"scale":[3.8095,3.8095,3.8095]},"gui":{"translation":[0.0,0.0,0.0],"rotation":[35.0,225.0,0.0],"scale":[0.625,0.625,0.625]}}}