{"file_name":"chest","texture_size":[64,64],"textures":{"992ba430-b248-e651-8526-5341ec14ec25":"modelengine:entity/general_armor"},"elements":[{"name":"cube","from":[10.221312,2.9140508,5.8671293],"to":[10.900032,7.665091,8.57529],"rotation":{"angle":22.5,"axis":"y","origin":[10.560672,5.289571,7.55721]},"faces":{"down":{"uv":[2.25,8.5,1.5,8.25],"rotation":90,"texture":"#992ba430-b248-e651-8526-5341ec14ec25","tintindex":0},"east":{"uv":[1.5,6.75,2.25,8.5],"rotation":0,"texture":"#992ba430-b248-e651-8526-5341ec14ec25","tintindex":0},"north":{"uv":[2.0,6.75,2.25,8.5],"rotation":0,"texture":"#992ba430-b248-e651-8526-5341ec14ec25","tintindex":0},"south":{"uv":[1.5,6.75,1.75,8.5],"rotation":0,"texture":"#992ba430-b248-e651-8526-5341ec14ec25","tintindex":0},"up":{"uv":[1.5,7.0,2.25,6.75],"rotation":270,"texture":"#992ba430-b248-e651-8526-5341ec14ec25","tintindex":0},"west":{"uv":[1.5,6.75,2.25,8.5],"rotation":0,"texture":"#992ba430-b248-e651-8526-5341ec14ec25","tintindex":0}}},{"name":"cube","from":[4.4999685,2.9140508,5.8671293],"to":[5.178688,7.665091,8.57529],"rotation":{"angle":-22.5,"axis":"y","origin":[4.8393283,5.289571,7.55721]},"faces":{"down":{"uv":[2.25,8.25,1.5,8.5],"rotation":90,"texture":"#992ba430-b248-e651-8526-5341ec14ec25","tintindex":0},"east":{"uv":[2.25,6.75,1.5,8.5],"rotation":0,"texture":"#992ba430-b248-e651-8526-5341ec14ec25","tintindex":0},"north":{"uv":[2.25,6.75,2.0,8.5],"rotation":0,"texture":"#992ba430-b248-e651-8526-5341ec14ec25","tintindex":0},"south":{"uv":[1.75,6.75,1.5,8.5],"rotation":0,"texture":"#992ba430-b248-e651-8526-5341ec14ec25","tintindex":0},"up":{"uv":[1.5,6.75,2.25,7.0],"rotation":270,"texture":"#992ba430-b248-e651-8526-5341ec14ec25","tintindex":0},"west":{"uv":[2.25,6.75,1.5,8.5],"rotation":0,"texture":"#992ba430-b248-e651-8526-5341ec14ec25","tintindex":0}}},{"name":"cube","from":[9.213312,8.001091,6.1493692],"to":[9.892032,10.037252,8.18553],"rotation":{"angle":45.0,"axis":"z","origin":[10.560672,8.683171,7.54377]},"faces":{"down":{"uv":[0.25,8.25,0.0,9.0],"rotation":0,"texture":"#992ba430-b248-e651-8526-5341ec14ec25","tintindex":0},"east":{"uv":[0.75,8.25,0.0,9.0],"rotation":270,"texture":"#992ba430-b248-e651-8526-5341ec14ec25","tintindex":0},"north":{"uv":[0.75,8.25,0.0,8.5],"rotation":270,"texture":"#992ba430-b248-e651-8526-5341ec14ec25","tintindex":0},"south":{"uv":[0.75,8.25,0.0,8.5],"rotation":270,"texture":"#992ba430-b248-e651-8526-5341ec14ec25","tintindex":0},"up":{"uv":[0.75,8.25,0.5,9.0],"rotation":180,"texture":"#992ba430-b248-e651-8526-5341ec14ec25","tintindex":0},"west":{"uv":[0.75,8.25,0.0,9.0],"rotation":90,"texture":"#992ba430-b248-e651-8526-5341ec14ec25","tintindex":0}}},{"name":"cube","from":[5.5079684,8.001091,6.1493692],"to":[6.1866884,10.037252,8.18553],"rotation":{"angle":-45.0,"axis":"z","origin":[4.8393283,8.683171,7.54377]},"faces":{"down":{"uv":[0.0,8.25,0.25,9.0],"rotation":0,"texture":"#992ba430-b248-e651-8526-5341ec14ec25","tintindex":0},"east":{"uv":[0.75,9.0,0.0,8.25],"rotation":90,"texture":"#992ba430-b248-e651-8526-5341ec14ec25","tintindex":0},"north":{"uv":[0.75,8.5,0.0,8.25],"rotation":270,"texture":"#992ba430-b248-e651-8526-5341ec14ec25","tintindex":0},"south":{"uv":[0.75,8.5,0.0,8.25],"rotation":270,"texture":"#992ba430-b248-e651-8526-5341ec14ec25","tintindex":0},"up":{"uv":[0.5,8.25,0.75,9.0],"rotation":180,"texture":"#992ba430-b248-e651-8526-5341ec14ec25","tintindex":0},"west":{"uv":[0.75,9.0,0.0,8.25],"rotation":270,"texture":"#992ba430-b248-e651-8526-5341ec14ec25","tintindex":0}}},{"name":"cube","from":[5.66384,8.968771,12.496875],"to":[9.73616,13.041091,14.533034],"rotation":{"angle":22.5,"axis":"x","origin":[8.50476,15.149951,-1.8127003]},"faces":{"down":{"uv":[0.0,10.25,1.5,10.75],"rotation":0,"texture":"#992ba430-b248-e651-8526-5341ec14ec25","tintindex":0},"east":{"uv":[1.25,9.25,1.5,10.75],"rotation":0,"texture":"#992ba430-b248-e651-8526-5341ec14ec25","tintindex":0},"north":{"uv":[0.0,9.25,1.5,10.75],"rotation":0,"texture":"#992ba430-b248-e651-8526-5341ec14ec25","tintindex":0},"south":{"uv":[0.0,9.25,1.5,10.75],"rotation":0,"texture":"#992ba430-b248-e651-8526-5341ec14ec25","tintindex":0},"up":{"uv":[0.0,9.5,1.5,10.25],"rotation":0,"texture":"#992ba430-b248-e651-8526-5341ec14ec25","tintindex":0},"west":{"uv":[0.0,9.25,0.25,10.75],"rotation":0,"texture":"#992ba430-b248-e651-8526-5341ec14ec25","tintindex":0}}},{"name":"cube","from":[5.66384,8.968771,2.4724715],"to":[9.73616,13.041091,4.5086317],"rotation":{"angle":-22.5,"axis":"x","origin":[8.50476,15.149951,18.818207]},"faces":{"down":{"uv":[0.0,10.75,1.5,10.25],"rotation":0,"texture":"#992ba430-b248-e651-8526-5341ec14ec25","tintindex":0},"east":{"uv":[1.5,9.25,1.25,10.75],"rotation":0,"texture":"#992ba430-b248-e651-8526-5341ec14ec25","tintindex":0},"north":{"uv":[1.5,9.25,0.0,10.75],"rotation":0,"texture":"#992ba430-b248-e651-8526-5341ec14ec25","tintindex":0},"south":{"uv":[1.5,9.25,0.0,10.75],"rotation":0,"texture":"#992ba430-b248-e651-8526-5341ec14ec25","tintindex":0},"up":{"uv":[0.0,10.25,1.5,9.5],"rotation":0,"texture":"#992ba430-b248-e651-8526-5341ec14ec25","tintindex":0},"west":{"uv":[0.25,9.25,0.0,10.75],"rotation":0,"texture":"#992ba430-b248-e651-8526-5341ec14ec25","tintindex":0}}},{"name":"cube","from":[4.888397,2.9140508,6.9300766],"to":[5.5671177,7.665091,9.644957],"rotation":{"angle":22.5,"axis":"y","origin":[8.587757,12.00957,9.631517]},"faces":{"down":{"uv":[2.5,8.25,1.5,8.5],"rotation":270,"texture":"#992ba430-b248-e651-8526-5341ec14ec25","tintindex":0},"east":{"uv":[2.5,6.75,1.5,8.5],"rotation":0,"texture":"#992ba430-b248-e651-8526-5341ec14ec25","tintindex":0},"north":{"uv":[1.75,6.75,1.5,8.5],"rotation":0,"texture":"#992ba430-b248-e651-8526-5341ec14ec25","tintindex":0},"south":{"uv":[2.5,6.75,2.25,8.5],"rotation":0,"texture":"#992ba430-b248-e651-8526-5341ec14ec25","tintindex":0},"up":{"uv":[2.5,6.75,1.5,7.0],"rotation":90,"texture":"#992ba430-b248-e651-8526-5341ec14ec25","tintindex":0},"west":{"uv":[2.5,6.75,1.5,8.5],"rotation":0,"texture":"#992ba430-b248-e651-8526-5341ec14ec25","tintindex":0}}},{"name":"cube","from":[9.832882,2.9140508,6.9300766],"to":[10.511602,7.665091,9.644957],"rotation":{"angle":-22.5,"axis":"y","origin":[6.8122425,12.00957,9.631517]},"faces":{"down":{"uv":[2.5,8.5,1.5,8.25],"rotation":270,"texture":"#992ba430-b248-e651-8526-5341ec14ec25","tintindex":0},"east":{"uv":[1.5,6.75,2.5,8.5],"rotation":0,"texture":"#992ba430-b248-e651-8526-5341ec14ec25","tintindex":0},"north":{"uv":[1.5,6.75,1.75,8.5],"rotation":0,"texture":"#992ba430-b248-e651-8526-5341ec14ec25","tintindex":0},"south":{"uv":[2.25,6.75,2.5,8.5],"rotation":0,"texture":"#992ba430-b248-e651-8526-5341ec14ec25","tintindex":0},"up":{"uv":[2.5,7.0,1.5,6.75],"rotation":90,"texture":"#992ba430-b248-e651-8526-5341ec14ec25","tintindex":0},"west":{"uv":[1.5,6.75,2.5,8.5],"rotation":0,"texture":"#992ba430-b248-e651-8526-5341ec14ec25","tintindex":0}}},{"name":"cube","from":[1.1422586,8.249731,4.5484676],"to":[2.499699,10.285891,6.584628],"rotation":{"angle":22.5,"axis":"z","origin":[8.23924,15.149951,-2.4847007]},"faces":{"down":{"uv":[1.25,5.5,0.75,6.25],"rotation":0,"texture":"#992ba430-b248-e651-8526-5341ec14ec25","tintindex":0},"east":{"uv":[2.5,5.5,1.75,6.25],"rotation":0,"texture":"#992ba430-b248-e651-8526-5341ec14ec25","tintindex":0},"north":{"uv":[1.25,5.5,0.75,6.25],"rotation":0,"texture":"#992ba430-b248-e651-8526-5341ec14ec25","tintindex":0},"south":{"uv":[1.25,5.5,0.75,6.25],"rotation":0,"texture":"#992ba430-b248-e651-8526-5341ec14ec25","tintindex":0},"up":{"uv":[1.25,5.5,0.75,6.25],"rotation":0,"texture":"#992ba430-b248-e651-8526-5341ec14ec25","tintindex":0},"west":{"uv":[1.25,5.5,0.75,6.25],"rotation":0,"texture":"#992ba430-b248-e651-8526-5341ec14ec25","tintindex":0}}},{"name":"cube","from":[1.8209786,7.5911713,4.5484676],"to":[2.499699,8.269892,6.584628],"rotation":{"angle":22.5,"axis":"z","origin":[8.23924,15.149951,-2.4847007]},"faces":{"down":{"uv":[1.0,6.0,0.75,6.25],"rotation":0,