{"file_name":"cuisse_r","texture_size":[64,64],"textures":{"992ba430-b248-e651-8526-5341ec14ec25":"modelengine:entity/general_armor"},"elements":[{"name":"cube","from":[16.878094,10.480213,9.970972],"to":[19.592976,12.855733,11.667772],"rotation":{"angle":-22.5,"axis":"y","origin":[18.275272,11.388534,9.50201]},"faces":{"down":{"uv":[9.5,5.5,10.0,5.0],"rotation":270,"texture":"#992ba430-b248-e651-8526-5341ec14ec25","tintindex":0},"east":{"uv":[10.0,5.0,9.5,5.5],"rotation":0,"texture":"#992ba430-b248-e651-8526-5341ec14ec25","tintindex":0},"north":{"uv":[10.0,5.0,9.5,5.5],"rotation":0,"texture":"#992ba430-b248-e651-8526-5341ec14ec25","tintindex":0},"south":{"uv":[10.0,5.0,9.5,5.5],"rotation":0,"texture":"#992ba430-b248-e651-8526-5341ec14ec25","tintindex":0},"up":{"uv":[9.5,5.5,10.0,5.0],"rotation":90,"texture":"#992ba430-b248-e651-8526-5341ec14ec25","tintindex":0},"west":{"uv":[10.0,5.0,9.5,5.5],"rotation":0,"texture":"#992ba430-b248-e651-8526-5341ec14ec25","tintindex":0}}},{"name":"cube","from":[18.234863,10.649893,6.8248496],"to":[19.931664,12.855733,10.727489],"rotation":{"angle":0.0,"axis":"x","origin":[18.087112,11.724534,9.085369]},"faces":{"down":{"uv":[10.0,6.0,11.5,5.25],"rotation":270,"texture":"#992ba430-b248-e651-8526-5341ec14ec25","tintindex":0},"east":{"uv":[11.5,5.25,10.0,6.0],"rotation":0,"texture":"#992ba430-b248-e651-8526-5341ec14ec25","tintindex":0},"north":{"uv":[11.5,5.25,10.0,6.0],"rotation":0,"texture":"#992ba430-b248-e651-8526-5341ec14ec25","tintindex":0},"south":{"uv":[9.75,5.25,9.5,6.0],"rotation":0,"texture":"#992ba430-b248-e651-8526-5341ec14ec25","tintindex":0},"up":{"uv":[10.0,5.25,11.5,5.0],"rotation":90,"texture":"#992ba430-b248-e651-8526-5341ec14ec25","tintindex":0},"west":{"uv":[11.5,5.25,10.0,6.0],"rotation":0,"texture":"#992ba430-b248-e651-8526-5341ec14ec25","tintindex":0}}},{"name":"cube","from":[16.285545,10.649893,6.824779],"to":[17.982346,12.855733,10.727419],"rotation":{"angle":-45.0,"axis":"y","origin":[18.087112,11.724534,9.085369]},"faces":{"down":{"uv":[10.0,6.0,11.5,5.25],"rotation":270,"texture":"#992ba430-b248-e651-8526-5341ec14ec25","tintindex":0},"east":{"uv":[11.5,5.25,10.0,6.0],"rotation":0,"texture":"#992ba430-b248-e651-8526-5341ec14ec25","tintindex":0},"north":{"uv":[11.5,5.25,10.0,6.0],"rotation":0,"texture":"#992ba430-b248-e651-8526-5341ec14ec25","tintindex":0},"south":{"uv":[9.75,5.25,9.5,6.0],"rotation":0,"texture":"#992ba430-b248-e651-8526-5341ec14ec25","tintindex":0},"up":{"uv":[10.0,5.25,11.5,5.0],"rotation":90,"texture":"#992ba430-b248-e651-8526-5341ec14ec25","tintindex":0},"west":{"uv":[11.5,5.25,10.0,6.0],"rotation":0,"texture":"#992ba430-b248-e651-8526-5341ec14ec25","tintindex":0}}},{"name":"cube","from":[16.542095,12.496213,9.473692],"to":[19.256973,14.871734,11.170493],"rotation":{"angle":-22.5,"axis":"y","origin":[17.939272,13.404534,9.004729]},"faces":{"down":{"uv":[9.5,5.5,10.0,5.0],"rotation":270,"texture":"#992ba430-b248-e651-8526-5341ec14ec25","tintindex":0},"east":{"uv":[10.0,5.0,9.5,5.5],"rotation":0,"texture":"#992ba430-b248-e651-8526-5341ec14ec25","tintindex":0},"north":{"uv":[10.0,5.0,9.5,5.5],"rotation":0,"texture":"#992ba430-b248-e651-8526-5341ec14ec25","tintindex":0},"south":{"uv":[10.0,5.0,9.5,5.5],"rotation":0,"texture":"#992ba430-b248-e651-8526-5341ec14ec25","tintindex":0},"up":{"uv":[9.5,5.5,10.0,5.0],"rotation":90,"texture":"#992ba430-b248-e651-8526-5341ec14ec25","tintindex":0},"west":{"uv":[10.0,5.0,9.5,5.5],"rotation":0,"texture":"#992ba430-b248-e651-8526-5341ec14ec25","tintindex":0}}},{"name":"cube","from":[17.791344,12.665894,6.40821],"to":[19.488144,14.871734,10.31085],"rotation":{"angle":0.0,"axis":"x","origin":[17.643593,13.740533,8.66873]},"faces":{"down":{"uv":[10.0,6.0,11.5,5.25],"rotation":270,"texture":"#992ba430-b248-e651-8526-5341ec14ec25","tintindex":0},"east":{"uv":[11.5,5.25,10.0,6.0],"rotation":0,"texture":"#992ba430-b248-e651-8526-5341ec14ec25","tintindex":0},"north":{"uv":[11.5,5.25,10.0,6.0],"rotation":0,"texture":"#992ba430-b248-e651-8526-5341ec14ec25","tintindex":0},"south":{"uv":[9.75,5.25,9.5,6.0],"rotation":0,"texture":"#992ba430-b248-e651-8526-5341ec14ec25","tintindex":0},"up":{"uv":[10.0,5.25,11.5,5.0],"rotation":90,"texture":"#992ba430-b248-e651-8526-5341ec14ec25","tintindex":0},"west":{"uv":[11.5,5.25,10.0,6.0],"rotation":0,"texture":"#992ba430-b248-e651-8526-5341ec14ec25","tintindex":0}}},{"name":"cube","from":[15.842026,12.665894,6.408139],"to":[17.538826,14.871734,10.31078],"rotation":{"angle":-45.0,"axis":"y","origin":[17.643593,13.740533,8.66873]},"faces":{"down":{"uv":[10.0,6.0,11.5,5.25],"rotation":270,"texture":"#992ba430-b248-e651-8526-5341ec14ec25","tintindex":0},"east":{"uv":[11.5,5.25,10.0,6.0],"rotation":0,"texture":"#992ba430-b248-e651-8526-5341ec14ec25","tintindex":0},"north":{"uv":[11.5,5.25,10.0,6.0],"rotation":0,"texture":"#992ba430-b248-e651-8526-5341ec14ec25","tintindex":0},"south":{"uv":[9.75,5.25,9.5,6.0],"rotation":0,"texture":"#992ba430-b248-e651-8526-5341ec14ec25","tintindex":0},"up":{"uv":[10.0,5.25,11.5,5.0],"rotation":90,"texture":"#992ba430-b248-e651-8526-5341ec14ec25","tintindex":0},"west":{"uv":[11.5,5.25,10.0,6.0],"rotation":0,"texture":"#992ba430-b248-e651-8526-5341ec14ec25","tintindex":0}}}],"display":{"head":{"translation":[0.0,-6.4,0.0],"rotation":[0.0,0.0,0.0],"scale":[3.8095,3.8095,3.8095]},"gui":{"translation":[0.0,0.0,0.0],"rotation":[35.0,225.0,0.0],"scale":[0.625,0.625,0.625]}}}