{"file_name":"cuisse_l","texture_size":[64,64],"textures":{"992ba430-b248-e651-8526-5341ec14ec25":"modelengine:entity/general_armor"},"elements":[{"name":"cube","from":[10.675964,10.480213,9.970972],"to":[13.390845,12.855733,11.667772],"rotation":{"angle":22.5,"axis":"y","origin":[11.993667,11.388534,9.50201]},"faces":{"down":{"uv":[9.5,5.0,10.0,5.5],"rotation":270,"texture":"#992ba430-b248-e651-8526-5341ec14ec25","tintindex":0},"east":{"uv":[9.5,5.0,10.0,5.5],"rotation":0,"texture":"#992ba430-b248-e651-8526-5341ec14ec25","tintindex":0},"north":{"uv":[9.5,5.0,10.0,5.5],"rotation":0,"texture":"#992ba430-b248-e651-8526-5341ec14ec25","tintindex":0},"south":{"uv":[9.5,5.0,10.0,5.5],"rotation":0,"texture":"#992ba430-b248-e651-8526-5341ec14ec25","tintindex":0},"up":{"uv":[9.5,5.0,10.0,5.5],"rotation":90,"texture":"#992ba430-b248-e651-8526-5341ec14ec25","tintindex":0},"west":{"uv":[9.5,5.0,10.0,5.5],"rotation":0,"texture":"#992ba430-b248-e651-8526-5341ec14ec25","tintindex":0}}},{"name":"cube","from":[10.337276,10.649893,6.8248496],"to":[12.034076,12.855733,10.727489],"rotation":{"angle":0.0,"axis":"x","origin":[12.181827,11.724534,9.085369]},"faces":{"down":{"uv":[10.0,5.25,11.5,6.0],"rotation":270,"texture":"#992ba430-b248-e651-8526-5341ec14ec25","tintindex":0},"east":{"uv":[10.0,5.25,11.5,6.0],"rotation":0,"texture":"#992ba430-b248-e651-8526-5341ec14ec25","tintindex":0},"north":{"uv":[10.0,5.25,11.5,6.0],"rotation":0,"texture":"#992ba430-b248-e651-8526-5341ec14ec25","tintindex":0},"south":{"uv":[9.5,5.25,9.75,6.0],"rotation":0,"texture":"#992ba430-b248-e651-8526-5341ec14ec25","tintindex":0},"up":{"uv":[10.0,5.0,11.5,5.25],"rotation":90,"texture":"#992ba430-b248-e651-8526-5341ec14ec25","tintindex":0},"west":{"uv":[10.0,5.25,11.5,6.0],"rotation":0,"texture":"#992ba430-b248-e651-8526-5341ec14ec25","tintindex":0}}},{"name":"cube","from":[12.286594,10.649893,6.824779],"to":[13.983395,12.855733,10.727419],"rotation":{"angle":45.0,"axis":"y","origin":[12.181827,11.724534,9.085369]},"faces":{"down":{"uv":[10.0,5.25,11.5,6.0],"rotation":270,"texture":"#992ba430-b248-e651-8526-5341ec14ec25","tintindex":0},"east":{"uv":[10.0,5.25,11.5,6.0],"rotation":0,"texture":"#992ba430-b248-e651-8526-5341ec14ec25","tintindex":0},"north":{"uv":[10.0,5.25,11.5,6.0],"rotation":0,"texture":"#992ba430-b248-e651-8526-5341ec14ec25","tintindex":0},"south":{"uv":[9.5,5.25,9.75,6.0],"rotation":0,"texture":"#992ba430-b248-e651-8526-5341ec14ec25","tintindex":0},"up":{"uv":[10.0,5.0,11.5,5.25],"rotation":90,"texture":"#992ba430-b248-e651-8526-5341ec14ec25","tintindex":0},"west":{"uv":[10.0,5.25,11.5,6.0],"rotation":0,"texture":"#992ba430-b248-e651-8526-5341ec14ec25","tintindex":0}}},{"name":"cube","from":[11.011965,12.496213,9.473692],"to":[13.726845,14.871734,11.170493],"rotation":{"angle":22.5,"axis":"y","origin":[12.329666,13.404534,9.004729]},"faces":{"down":{"uv":[9.5,5.0,10.0,5.5],"rotation":270,"texture":"#992ba430-b248-e651-8526-5341ec14ec25","tintindex":0},"east":{"uv":[9.5,5.0,10.0,5.5],"rotation":0,"texture":"#992ba430-b248-e651-8526-5341ec14ec25","tintindex":0},"north":{"uv":[9.5,5.0,10.0,5.5],"rotation":0,"texture":"#992ba430-b248-e651-8526-5341ec14ec25","tintindex":0},"south":{"uv":[9.5,5.0,10.0,5.5],"rotation":0,"texture":"#992ba430-b248-e651-8526-5341ec14ec25","tintindex":0},"up":{"uv":[9.5,5.0,10.0,5.5],"rotation":90,"texture":"#992ba430-b248-e651-8526-5341ec14ec25","tintindex":0},"west":{"uv":[9.5,5.0,10.0,5.5],"rotation":0,"texture":"#992ba430-b248-e651-8526-5341ec14ec25","tintindex":0}}},{"name":"cube","from":[10.780796,12.665894,6.40821],"to":[12.477596,14.871734,10.31085],"rotation":{"angle":0.0,"axis":"x","origin":[12.625346,13.740533,8.66873]},"faces":{"down":{"uv":[10.0,5.25,11.5,6.0],"rotation":270,"texture":"#992ba430-b248-e651-8526-5341ec14ec25","tintindex":0},"east":{"uv":[10.0,5.25,11.5,6.0],"rotation":0,"texture":"#992ba430-b248-e651-8526-5341ec14ec25","tintindex":0},"north":{"uv":[10.0,5.25,11.5,6.0],"rotation":0,"texture":"#992ba430-b248-e651-8526-5341ec14ec25","tintindex":0},"south":{"uv":[9.5,5.25,9.75,6.0],"rotation":0,"texture":"#992ba430-b248-e651-8526-5341ec14ec25","tintindex":0},"up":{"uv":[10.0,5.0,11.5,5.25],"rotation":90,"texture":"#992ba430-b248-e651-8526-5341ec14ec25","tintindex":0},"west":{"uv":[10.0,5.25,11.5,6.0],"rotation":0,"texture":"#992ba430-b248-e651-8526-5341ec14ec25","tintindex":0}}},{"name":"cube","from":[12.730114,12.665894,6.408139],"to":[14.426914,14.871734,10.31078],"rotation":{"angle":45.0,"axis":"y","origin":[12.625346,13.740533,8.66873]},"faces":{"down":{"uv":[10.0,5.25,11.5,6.0],"rotation":270,"texture":"#992ba430-b248-e651-8526-5341ec14ec25","tintindex":0},"east":{"uv":[10.0,5.25,11.5,6.0],"rotation":0,"texture":"#992ba430-b248-e651-8526-5341ec14ec25","tintindex":0},"north":{"uv":[10.0,5.25,11.5,6.0],"rotation":0,"texture":"#992ba430-b248-e651-8526-5341ec14ec25","tintindex":0},"south":{"uv":[9.5,5.25,9.75,6.0],"rotation":0,"texture":"#992ba430-b248-e651-8526-5341ec14ec25","tintindex":0},"up":{"uv":[10.0,5.0,11.5,5.25],"rotation":90,"texture":"#992ba430-b248-e651-8526-5341ec14ec25","tintindex":0},"west":{"uv":[10.0,5.25,11.5,6.0],"rotation":0,"texture":"#992ba430-b248-e651-8526-5341ec14ec25","tintindex":0}}}],"display":{"head":{"translation":[0.0,-6.4,0.0],"rotation":[0.0,0.0,0.0],"scale":[3.8095,3.8095,3.8095]},"gui":{"translation":[0.0,0.0,0.0],"rotation":[35.0,225.0,0.0],"scale":[0.625,0.625,0.625]}}}