{"file_name":"greave_r","texture_size":[64,64],"textures":{"992ba430-b248-e651-8526-5341ec14ec25":"modelengine:entity/general_armor"},"elements":[{"name":"cube","from":[11.269315,7.899689,5.576874],"to":[12.966116,10.10553,9.479514],"rotation":{"angle":-45.0,"axis":"y","origin":[13.070883,8.974329,7.8374643]},"faces":{"down":{"uv":[10.0,6.0,11.5,5.25],"rotation":270,"texture":"#992ba430-b248-e651-8526-5341ec14ec25","tintindex":0},"east":{"uv":[11.5,5.25,10.0,6.0],"rotation":0,"texture":"#992ba430-b248-e651-8526-5341ec14ec25","tintindex":0},"north":{"uv":[11.5,5.25,10.0,6.0],"rotation":0,"texture":"#992ba430-b248-e651-8526-5341ec14ec25","tintindex":0},"south":{"uv":[9.75,5.25,9.5,6.0],"rotation":0,"texture":"#992ba430-b248-e651-8526-5341ec14ec25","tintindex":0},"up":{"uv":[10.0,5.25,11.5,5.0],"rotation":90,"texture":"#992ba430-b248-e651-8526-5341ec14ec25","tintindex":0},"west":{"uv":[11.5,5.25,10.0,6.0],"rotation":0,"texture":"#992ba430-b248-e651-8526-5341ec14ec25","tintindex":0}}},{"name":"cube","from":[13.218633,7.899689,5.5769444],"to":[14.915434,10.10553,9.479586],"rotation":{"angle":0.0,"axis":"x","origin":[13.070883,8.974329,7.8374643]},"faces":{"down":{"uv":[10.0,6.0,11.5,5.25],"rotation":270,"texture":"#992ba430-b248-e651-8526-5341ec14ec25","tintindex":0},"east":{"uv":[11.5,5.25,10.0,6.0],"rotation":0,"texture":"#992ba430-b248-e651-8526-5341ec14ec25","tintindex":0},"north":{"uv":[11.5,5.25,10.0,6.0],"rotation":0,"texture":"#992ba430-b248-e651-8526-5341ec14ec25","tintindex":0},"south":{"uv":[9.75,5.25,9.5,6.0],"rotation":0,"texture":"#992ba430-b248-e651-8526-5341ec14ec25","tintindex":0},"up":{"uv":[10.0,5.25,11.5,5.0],"rotation":90,"texture":"#992ba430-b248-e651-8526-5341ec14ec25","tintindex":0},"west":{"uv":[11.5,5.25,10.0,6.0],"rotation":0,"texture":"#992ba430-b248-e651-8526-5341ec14ec25","tintindex":0}}},{"name":"cube","from":[12.707913,9.915689,6.0204644],"to":[14.404714,12.12153,9.923105],"rotation":{"angle":0.0,"axis":"x","origin":[12.560163,10.990329,8.280985]},"faces":{"down":{"uv":[10.0,6.0,11.5,5.25],"rotation":270,"texture":"#992ba430-b248-e651-8526-5341ec14ec25","tintindex":0},"east":{"uv":[11.5,5.25,10.0,6.0],"rotation":0,"texture":"#992ba430-b248-e651-8526-5341ec14ec25","tintindex":0},"north":{"uv":[11.5,5.25,10.0,6.0],"rotation":0,"texture":"#992ba430-b248-e651-8526-5341ec14ec25","tintindex":0},"south":{"uv":[9.75,5.25,9.5,6.0],"rotation":0,"texture":"#992ba430-b248-e651-8526-5341ec14ec25","tintindex":0},"up":{"uv":[10.0,5.25,11.5,5.0],"rotation":90,"texture":"#992ba430-b248-e651-8526-5341ec14ec25","tintindex":0},"west":{"uv":[11.5,5.25,10.0,6.0],"rotation":0,"texture":"#992ba430-b248-e651-8526-5341ec14ec25","tintindex":0}}},{"name":"cube","from":[10.7585945,9.915689,6.0203943],"to":[12.455396,12.12153,9.923035],"rotation":{"angle":-45.0,"axis":"y","origin":[12.560163,10.990329,8.280985]},"faces":{"down":{"uv":[10.0,6.0,11.5,5.25],"rotation":270,"texture":"#992ba430-b248-e651-8526-5341ec14ec25","tintindex":0},"east":{"uv":[11.5,5.25,10.0,6.0],"rotation":0,"texture":"#992ba430-b248-e651-8526-5341ec14ec25","tintindex":0},"north":{"uv":[11.5,5.25,10.0,6.0],"rotation":0,"texture":"#992ba430-b248-e651-8526-5341ec14ec25","tintindex":0},"south":{"uv":[9.75,5.25,9.5,6.0],"rotation":0,"texture":"#992ba430-b248-e651-8526-5341ec14ec25","tintindex":0},"up":{"uv":[10.0,5.25,11.5,5.0],"rotation":90,"texture":"#992ba430-b248-e651-8526-5341ec14ec25","tintindex":0},"west":{"uv":[11.5,5.25,10.0,6.0],"rotation":0,"texture":"#992ba430-b248-e651-8526-5341ec14ec25","tintindex":0}}},{"name":"cube","from":[12.090345,7.730009,8.749948],"to":[14.805224,10.10553,10.446747],"rotation":{"angle":-22.5,"axis":"y","origin":[13.487523,8.638329,8.280985]},"faces":{"down":{"uv":[9.5,5.5,10.0,5.0],"rotation":270,"texture":"#992ba430-b248-e651-8526-5341ec14ec25","tintindex":0},"east":{"uv":[10.0,5.0,9.5,5.5],"rotation":0,"texture":"#992ba430-b248-e651-8526-5341ec14ec25","tintindex":0},"north":{"uv":[10.0,5.0,9.5,5.5],"rotation":0,"texture":"#992ba430-b248-e651-8526-5341ec14ec25","tintindex":0},"south":{"uv":[10.0,5.0,9.5,5.5],"rotation":0,"texture":"#992ba430-b248-e651-8526-5341ec14ec25","tintindex":0},"up":{"uv":[9.5,5.5,10.0,5.0],"rotation":90,"texture":"#992ba430-b248-e651-8526-5341ec14ec25","tintindex":0},"west":{"uv":[10.0,5.0,9.5,5.5],"rotation":0,"texture":"#992ba430-b248-e651-8526-5341ec14ec25","tintindex":0}}},{"name":"cube","from":[11.351145,9.74601,9.085947],"to":[14.066026,12.12153,10.782747],"rotation":{"angle":-22.5,"axis":"y","origin":[12.748323,10.654329,8.616984]},"faces":{"down":{"uv":[9.5,5.5,10.0,5.0],"rotation":270,"texture":"#992ba430-b248-e651-8526-5341ec14ec25","tintindex":0},"east":{"uv":[10.0,5.0,9.5,5.5],"rotation":0,"texture":"#992ba430-b248-e651-8526-5341ec14ec25","tintindex":0},"north":{"uv":[10.0,5.0,9.5,5.5],"rotation":0,"texture":"#992ba430-b248-e651-8526-5341ec14ec25","tintindex":0},"south":{"uv":[10.0,5.0,9.5,5.5],"rotation":0,"texture":"#992ba430-b248-e651-8526-5341ec14ec25","tintindex":0},"up":{"uv":[9.5,5.5,10.0,5.0],"rotation":90,"texture":"#992ba430-b248-e651-8526-5341ec14ec25","tintindex":0},"west":{"uv":[10.0,5.0,9.5,5.5],"rotation":0,"texture":"#992ba430-b248-e651-8526-5341ec14ec25","tintindex":0}}}],"display":{"head":{"translation":[0.0,-6.4,0.0],"rotation":[0.0,0.0,0.0],"scale":[3.8095,3.8095,3.8095]},"gui":{"translation":[0.0,0.0,0.0],"rotation":[35.0,225.0,0.0],"scale":[0.625,0.625,0.625]}}}