{"file_name":"hand_r","texture_size":[64,64],"textures":{"992ba430-b248-e651-8526-5341ec14ec25":"modelengine:entity/general_armor"},"elements":[{"name":"cube","from":[7.8823724,7.1627007,6.501381],"to":[8.561092,8.520141,7.9402676],"rotation":{"angle":0.0,"axis":"x","origin":[11.456806,11.203567,5.95308]},"faces":{"down":{"uv":[10.0,3.25,10.5,3.75],"rotation":0,"texture":"#992ba430-b248-e651-8526-5341ec14ec25","tintindex":0},"east":{"uv":[10.0,3.25,10.5,3.75],"rotation":0,"texture":"#992ba430-b248-e651-8526-5341ec14ec25","tintindex":0},"north":{"uv":[10.0,3.25,10.5,3.75],"rotation":0,"texture":"#992ba430-b248-e651-8526-5341ec14ec25","tintindex":0},"south":{"uv":[10.0,3.25,10.5,3.75],"rotation":0,"texture":"#992ba430-b248-e651-8526-5341ec14ec25","tintindex":0},"up":{"uv":[10.0,3.25,10.5,3.75],"rotation":0,"texture":"#992ba430-b248-e651-8526-5341ec14ec25","tintindex":0},"west":{"uv":[10.0,3.25,10.5,3.75],"rotation":0,"texture":"#992ba430-b248-e651-8526-5341ec14ec25","tintindex":0}}},{"name":"cube","from":[7.8823724,7.1627007,8.0285015],"to":[8.561092,8.520141,9.467388],"rotation":{"angle":0.0,"axis":"x","origin":[11.456806,11.203567,5.95308]},"faces":{"down":{"uv":[10.75,3.25,11.25,3.75],"rotation":0,"texture":"#992ba430-b248-e651-8526-5341ec14ec25","tintindex":0},"east":{"uv":[10.75,3.25,11.25,3.75],"rotation":0,"texture":"#992ba430-b248-e651-8526-5341ec14ec25","tintindex":0},"north":{"uv":[10.75,3.25,11.25,3.75],"rotation":0,"texture":"#992ba430-b248-e651-8526-5341ec14ec25","tintindex":0},"south":{"uv":[10.75,3.25,11.25,3.75],"rotation":0,"texture":"#992ba430-b248-e651-8526-5341ec14ec25","tintindex":0},"up":{"uv":[10.75,3.25,11.25,3.75],"rotation":0,"texture":"#992ba430-b248-e651-8526-5341ec14ec25","tintindex":0},"west":{"uv":[10.75,3.25,11.25,3.75],"rotation":0,"texture":"#992ba430-b248-e651-8526-5341ec14ec25","tintindex":0}}},{"name":"cube","from":[6.962844,8.324321,6.3317013],"to":[8.320284,10.360481,9.725302],"rotation":{"angle":0.0,"axis":"x","origin":[11.456806,11.203567,5.95308]},"faces":{"down":{"uv":[10.0,2.5,11.25,3.25],"rotation":0,"texture":"#992ba430-b248-e651-8526-5341ec14ec25","tintindex":0},"east":{"uv":[10.0,2.5,11.25,3.25],"rotation":0,"texture":"#992ba430-b248-e651-8526-5341ec14ec25","tintindex":0},"north":{"uv":[9.5,2.5,10.0,3.25],"rotation":0,"texture":"#992ba430-b248-e651-8526-5341ec14ec25","tintindex":0},"south":{"uv":[9.5,2.5,10.0,3.25],"rotation":0,"texture":"#992ba430-b248-e651-8526-5341ec14ec25","tintindex":0},"up":{"uv":[10.0,2.5,11.25,2.75],"rotation":0,"texture":"#992ba430-b248-e651-8526-5341ec14ec25","tintindex":0},"west":{"uv":[10.0,2.5,11.25,3.25],"rotation":0,"texture":"#992ba430-b248-e651-8526-5341ec14ec25","tintindex":0}}},{"name":"cube","from":[8.204933,9.228161,7.028901],"to":[8.883653,10.5856,9.065062],"rotation":{"angle":0.0,"axis":"x","origin":[17.370407,17.036526,6.89388]},"faces":{"down":{"uv":[3.0,2.5,3.75,3.0],"rotation":0,"texture":"#992ba430-b248-e651-8526-5341ec14ec25","tintindex":0},"east":{"uv":[3.0,2.5,3.75,3.0],"rotation":0,"texture":"#992ba430-b248-e651-8526-5341ec14ec25","tintindex":0},"north":{"uv":[3.0,2.5,3.75,3.0],"rotation":0,"texture":"#992ba430-b248-e651-8526-5341ec14ec25","tintindex":0},"south":{"uv":[3.0,2.5,3.75,3.0],"rotation":0,"texture":"#992ba430-b248-e651-8526-5341ec14ec25","tintindex":0},"up":{"uv":[3.0,2.5,3.75,3.0],"rotation":0,"texture":"#992ba430-b248-e651-8526-5341ec14ec25","tintindex":0},"west":{"uv":[3.0,2.5,3.75,3.0],"rotation":0,"texture":"#992ba430-b248-e651-8526-5341ec14ec25","tintindex":0}}},{"name":"cube","from":[6.635784,6.7797337,8.08253],"to":[8.502264,7.458453,9.43997],"rotation":{"angle":22.5,"axis":"z","origin":[7.569024,7.119093,7.957236]},"faces":{"down":{"uv":[11.25,4.5,10.75,3.75],"rotation":90,"texture":"#992ba430-b248-e651-8526-5341ec14ec25","tintindex":0},"east":{"uv":[10.75,3.75,11.25,4.5],"rotation":0,"texture":"#992ba430-b248-e651-8526-5341ec14ec25","tintindex":0},"north":{"uv":[10.75,4.25,11.25,4.5],"rotation":0,"texture":"#992ba430-b248-e651-8526-5341ec14ec25","tintindex":0},"south":{"uv":[11.0,3.75,11.25,4.5],"rotation":0,"texture":"#992ba430-b248-e651-8526-5341ec14ec25","tintindex":0},"up":{"uv":[11.25,4.5,10.75,3.75],"rotation":270,"texture":"#992ba430-b248-e651-8526-5341ec14ec25","tintindex":0},"west":{"uv":[10.75,4.25,11.25,4.5],"rotation":0,"texture":"#992ba430-b248-e651-8526-5341ec14ec25","tintindex":0}}},{"name":"cube","from":[6.576955,7.075485,6.608901],"to":[7.2556753,7.754206,7.8781075],"rotation":{"angle":0.0,"axis":"x","origin":[6.838253,13.593934,5.918875]},"faces":{"down":{"uv":[10.75,4.5,11.0,4.75],"rotation":0,"texture":"#992ba430-b248-e651-8526-5341ec14ec25","tintindex":0},"east":{"uv":[10.75,4.5,11.0,4.75],"rotation":0,"texture":"#992ba430-b248-e651-8526-5341ec14ec25","tintindex":0},"north":{"uv":[10.75,4.5,11.0,4.75],"rotation":0,"texture":"#992ba430-b248-e651-8526-5341ec14ec25","tintindex":0},"south":{"uv":[10.75,4.5,11.0,4.75],"rotation":0,"texture":"#992ba430-b248-e651-8526-5341ec14ec25","tintindex":0},"up":{"uv":[10.75,4.5,11.0,4.75],"rotation":0,"texture":"#992ba430-b248-e651-8526-5341ec14ec25","tintindex":0},"west":{"uv":[10.75,4.5,11.0,4.75],"rotation":0,"texture":"#992ba430-b248-e651-8526-5341ec14ec25","tintindex":0}}},{"name":"cube","from":[6.576955,7.075485,8.10941],"to":[7.2556753,7.754206,9.378616],"rotation":{"angle":0.0,"axis":"x","origin":[6.838253,13.593934,5.918875]},"faces":{"down":{"uv":[10.0,4.5,10.25,4.75],"rotation":0,"texture":"#992ba430-b248-e651-8526-5341ec14ec25","tintindex":0},"east":{"uv":[10.0,4.5,10.25,4.75],"rotation":0,"texture":"#992ba430-b248-e651-8526-5341ec14ec25","tintindex":0},"north":{"uv":[10.0,4.5,10.25,4.75],"rotation":0,"texture":"#992ba430-b248-e651-8526-5341ec14ec25","tintindex":0},"south":{"uv":[10.0,4.5,10.25,4.75],"rotation":0,"texture":"#992ba430-b248-e651-8526-5341ec14ec25","tintindex":0},"up":{"uv":[10.0,4.5,10.25,4.75],"rotation":0,"texture":"#992ba430-b248-e651-8526-5341ec14ec25","tintindex":0},"west":{"uv":[10.0,4.5,10.25,4.75],"rotation":0,"texture":"#992ba430-b248-e651-8526-5341ec14ec25","tintindex":0}}},{"name":"cube","from":[6.635784,6.7797337,6.528261],"to":[8.502264,7.458453,7.885701],"rotation":{"angle":22.5,"axis":"z","origin":[7.569024,7.119093,7.9841156]},"faces":{"down":{"uv":[10.5,4.5,10.0,3.75],"rotation":90,"texture":"#992ba430-b248-e651-8526-5341ec14ec25","tintindex":0},"east":{"uv":[10.0,3.75,10.5,4.5],"rotation":0,"texture":"#992ba430-b248-e651-8526-5341ec14ec25","tintindex":0},"north":{"uv":[10.0,3.75,10.25,4.5],"rotation":0,"texture":"#992ba430-b248-e651-8526-5341ec14ec25","tintindex":0},"south":{"uv":[10.0,4.25,10.5,4.5],"rotation":0,"texture":"#992ba430-b248-e651-8526-5341ec14ec25","tintindex":0},"up":{"uv":[10.5,4.5,10.0,3.75],"rotation":270,"texture":"#992ba430-b248-e651-8526-5341ec14ec25","tintindex":0},"west":{"uv":[10.0,4.25,10.5,4.5],"rotation":0,"texture":"#992ba430-b248-e651-8526-5341ec14ec25","tintindex":0}}}],"display":{"head":{"translation":[0.0,-6.4,0.0],"rotation":[0.0,0.0,0.0],"scale":[3.8095,3.8095,3.8095]},"gui":{"translation":[0.0,0.0,0.0],"rotation":[35.0,225.0,0.0],"scale":[0.625,0.625,0.625]}}}