{"elements":[{"from":[6.8941975,7.2025723,6.572744],"to":[7.5405974,8.495373,7.943112],"rotation":{"angle":0.0,"axis":"y","origin":[4.1363745,11.051015,6.0505524]},"faces":{"east":{"uv":[10.5,3.25,10.0,3.75],"rotation":0,"texture":"#0","tintindex":0},"south":{"uv":[10.5,3.25,10.0,3.75],"rotation":0,"texture":"#0","tintindex":0},"north":{"uv":[10.5,3.25,10.0,3.75],"rotation":0,"texture":"#0","tintindex":0},"west":{"uv":[10.5,3.25,10.0,3.75],"rotation":0,"texture":"#0","tintindex":0},"up":{"uv":[10.5,3.25,10.0,3.75],"rotation":0,"texture":"#0","tintindex":0},"down":{"uv":[10.5,3.25,10.0,3.75],"rotation":0,"texture":"#0","tintindex":0}}},{"from":[6.8941975,7.2025723,8.027144],"to":[7.5405974,8.495373,9.397512],"rotation":{"angle":0.0,"axis":"y","origin":[4.1363745,11.051015,6.0505524]},"faces":{"east":{"uv":[11.25,3.25,10.75,3.75],"rotation":0,"texture":"#0","tintindex":0},"south":{"uv":[11.25,3.25,10.75,3.75],"rotation":0,"texture":"#0","tintindex":0},"north":{"uv":[11.25,3.25,10.75,3.75],"rotation":0,"texture":"#0","tintindex":0},"west":{"uv":[11.25,3.25,10.75,3.75],"rotation":0,"texture":"#0","tintindex":0},"up":{"uv":[11.25,3.25,10.75,3.75],"rotation":0,"texture":"#0","tintindex":0},"down":{"uv":[11.25,3.25,10.75,3.75],"rotation":0,"texture":"#0","tintindex":0}}},{"from":[7.1235394,8.308877,6.411144],"to":[8.416339,10.248077,9.643145],"rotation":{"angle":0.0,"axis":"y","origin":[4.1363745,11.051015,6.0505524]},"faces":{"east":{"uv":[11.25,2.5,10.0,3.25],"rotation":0,"texture":"#0","tintindex":0},"south":{"uv":[10.0,2.5,9.5,3.25],"rotation":0,"texture":"#0","tintindex":0},"north":{"uv":[10.0,2.5,9.5,3.25],"rotation":0,"texture":"#0","tintindex":0},"west":{"uv":[11.25,2.5,10.0,3.25],"rotation":0,"texture":"#0","tintindex":0},"up":{"uv":[11.25,2.5,10.0,2.75],"rotation":0,"texture":"#0","tintindex":0},"down":{"uv":[11.25,2.5,10.0,3.25],"rotation":0,"texture":"#0","tintindex":0}}},{"from":[6.5869975,9.169677,7.075144],"to":[7.2333975,10.462477,9.014344],"rotation":{"angle":0.0,"axis":"y","origin":[-1.4956255,16.606216,6.9465523]},"faces":{"east":{"uv":[3.75,2.5,3.0,3.0],"rotation":0,"texture":"#0","tintindex":0},"south":{"uv":[3.75,2.5,3.0,3.0],"rotation":0,"texture":"#0","tintindex":0},"north":{"uv":[3.75,2.5,3.0,3.0],"rotation":0,"texture":"#0","tintindex":0},"west":{"uv":[3.75,2.5,3.0,3.0],"rotation":0,"texture":"#0","tintindex":0},"up":{"uv":[3.75,2.5,3.0,3.0],"rotation":0,"texture":"#0","tintindex":0},"down":{"uv":[3.75,2.5,3.0,3.0],"rotation":0,"texture":"#0","tintindex":0}}},{"from":[6.950225,6.837841,8.0786],"to":[8.727825,7.484241,9.3714],"rotation":{"angle":-22.5,"axis":"z","origin":[7.839025,7.1610413,7.959272]},"faces":{"east":{"uv":[11.25,4.25,10.75,4.5],"rotation":0,"texture":"#0","tintindex":0},"south":{"uv":[11.25,3.75,11.0,4.5],"rotation":0,"texture":"#0","tintindex":0},"north":{"uv":[11.25,4.25,10.75,4.5],"rotation":0,"texture":"#0","tintindex":0},"west":{"uv":[11.25,3.75,10.75,4.5],"rotation":0,"texture":"#0","tintindex":0},"up":{"uv":[11.25,3.75,10.75,4.5],"rotation":270,"texture":"#0","tintindex":0},"down":{"uv":[11.25,3.75,10.75,4.5],"rotation":90,"texture":"#0","tintindex":0}}},{"from":[8.137452,7.1195097,6.675144],"to":[8.783853,7.7659097,7.883912],"rotation":{"angle":0.0,"axis":"y","origin":[8.534997,13.327557,6.0179763]},"faces":{"east":{"uv":[11.0,4.5,10.75,4.75],"rotation":0,"texture":"#0","tintindex":0},"south":{"uv":[11.0,4.5,10.75,4.75],"rotation":0,"texture":"#0","tintindex":0},"north":{"uv":[11.0,4.5,10.75,4.75],"rotation":0,"texture":"#0","tintindex":0},"west":{"uv":[11.0,4.5,10.75,4.75],"rotation":0,"texture":"#0","tintindex":0},"up":{"uv":[11.0,4.5,10.75,4.75],"rotation":0,"texture":"#0","tintindex":0},"down":{"uv":[11.0,4.5,10.75,4.75],"rotation":0,"texture":"#0","tintindex":0}}},{"from":[8.137452,7.1195097,8.1042],"to":[8.783853,7.7659097,9.312968],"rotation":{"angle":0.0,"axis":"y","origin":[8.534997,13.327557,6.0179763]},"faces":{"east":{"uv":[10.25,4.5,10.0,4.75],"rotation":0,"texture":"#0","tintindex":0},"south":{"uv":[10.25,4.5,10.0,4.75],"rotation":0,"texture":"#0","tintindex":0},"north":{"uv":[10.25,4.5,10.0,4.75],"rotation":0,"texture":"#0","tintindex":0},"west":{"uv":[10.25,4.5,10.0,4.75],"rotation":0,"texture":"#0","tintindex":0},"up":{"uv":[10.25,4.5,10.0,4.75],"rotation":0,"texture":"#0","tintindex":0},"down":{"uv":[10.25,4.5,10.0,4.75],"rotation":0,"texture":"#0","tintindex":0}}},{"from":[6.950225,6.837841,6.598344],"to":[8.727825,7.484241,7.891144],"rotation":{"angle":-22.5,"axis":"z","origin":[7.839025,7.1610413,7.984872]},"faces":{"east":{"uv":[10.5,4.25,10.0,4.5],"rotation":0,"texture":"#0","tintindex":0},"south":{"uv":[10.5,4.25,10.0,4.5],"rotation":0,"texture":"#0","tintindex":0},"north":{"uv":[10.25,3.75,10.0,4.5],"rotation":0,"texture":"#0","tintindex":0},"west":{"uv":[10.5,3.75,10.0,4.5],"rotation":0,"texture":"#0","tintindex":0},"up":{"uv":[10.5,3.75,10.0,4.5],"rotation":270,"texture":"#0","tintindex":0},"down":{"uv":[10.5,3.75,10.0,4.5],"rotation":90,"texture":"#0","tintindex":0}}}],"textures":{"0":"modelengine:entity/general_armor"},"display":{"head":{"translation":[0.0,-6.4,0.0],"scale":[4.0,4.0,4.0]}}}