{"file_name":"head","texture_size":[64,64],"textures":{"992ba430-b248-e651-8526-5341ec14ec25":"modelengine:entity/general_armor"},"elements":[{"name":"cube","from":[5.8521996,9.168586,7.211034],"to":[6.585217,10.429382,8.677069],"rotation":{"angle":0.0,"axis":"x","origin":[6.218708,9.796358,7.9440517]},"faces":{"down":{"uv":[1.5,0.0,2.0,0.75],"rotation":90,"texture":"#992ba430-b248-e651-8526-5341ec14ec25","tintindex":0},"east":{"uv":[1.5,0.0,2.0,0.75],"rotation":0,"texture":"#992ba430-b248-e651-8526-5341ec14ec25","tintindex":0},"north":{"uv":[1.5,0.0,2.0,0.75],"rotation":0,"texture":"#992ba430-b248-e651-8526-5341ec14ec25","tintindex":0},"south":{"uv":[1.5,0.0,2.0,0.5],"rotation":0,"texture":"#992ba430-b248-e651-8526-5341ec14ec25","tintindex":0},"up":{"uv":[1.5,0.0,2.0,0.25],"rotation":270,"texture":"#992ba430-b248-e651-8526-5341ec14ec25","tintindex":0},"west":{"uv":[1.5,0.0,2.0,0.5],"rotation":0,"texture":"#992ba430-b248-e651-8526-5341ec14ec25","tintindex":0}}},{"name":"cube","from":[8.772232,9.14137,7.211034],"to":[9.50525,10.429382,8.677069],"rotation":{"angle":0.0,"axis":"x","origin":[8.694273,10.543207,6.8253326]},"faces":{"down":{"uv":[0.0,0.0,0.25,0.75],"rotation":270,"texture":"#992ba430-b248-e651-8526-5341ec14ec25","tintindex":0},"east":{"uv":[0.0,0.0,0.25,0.5],"rotation":0,"texture":"#992ba430-b248-e651-8526-5341ec14ec25","tintindex":0},"north":{"uv":[0.0,0.0,0.25,0.75],"rotation":0,"texture":"#992ba430-b248-e651-8526-5341ec14ec25","tintindex":0},"south":{"uv":[0.0,0.0,0.25,0.5],"rotation":0,"texture":"#992ba430-b248-e651-8526-5341ec14ec25","tintindex":0},"up":{"uv":[0.0,0.0,0.25,0.25],"rotation":90,"texture":"#992ba430-b248-e651-8526-5341ec14ec25","tintindex":0},"west":{"uv":[0.0,0.0,0.25,0.75],"rotation":0,"texture":"#992ba430-b248-e651-8526-5341ec14ec25","tintindex":0}}},{"name":"cube","from":[6.2064095,6.753317,8.94835],"to":[9.138481,10.424131,11.880421],"rotation":{"angle":22.5,"axis":"x","origin":[8.541586,10.554661,7.1988626]},"faces":{"down":{"uv":[7.0,4.5,9.0,6.5],"rotation":0,"texture":"#992ba430-b248-e651-8526-5341ec14ec25","tintindex":0},"east":{"uv":[7.0,4.5,9.0,6.5],"rotation":0,"texture":"#992ba430-b248-e651-8526-5341ec14ec25","tintindex":0},"north":{"uv":[7.0,4.5,9.0,6.5],"rotation":0,"texture":"#992ba430-b248-e651-8526-5341ec14ec25","tintindex":0},"south":{"uv":[7.0,4.5,9.0,6.5],"rotation":0,"texture":"#992ba430-b248-e651-8526-5341ec14ec25","tintindex":0},"up":{"uv":[7.0,4.5,9.0,6.5],"rotation":0,"texture":"#992ba430-b248-e651-8526-5341ec14ec25","tintindex":0},"west":{"uv":[7.0,4.5,9.0,6.5],"rotation":0,"texture":"#992ba430-b248-e651-8526-5341ec14ec25","tintindex":0}}},{"name":"cube","from":[6.572919,7.241861,7.5679717],"to":[8.771972,9.0801325,9.217261],"rotation":{"angle":0.0,"axis":"x","origin":[8.541586,10.554661,7.1988626]},"faces":{"down":{"uv":[7.5,4.5,8.5,5.25],"rotation":0,"texture":"#992ba430-b248-e651-8526-5341ec14ec25","tintindex":0},"east":{"uv":[7.5,4.5,8.5,5.25],"rotation":0,"texture":"#992ba430-b248-e651-8526-5341ec14ec25","tintindex":0},"north":{"uv":[7.5,4.5,8.5,5.25],"rotation":0,"texture":"#992ba430-b248-e651-8526-5341ec14ec25","tintindex":0},"south":{"uv":[7.5,4.5,8.5,5.25],"rotation":0,"texture":"#992ba430-b248-e651-8526-5341ec14ec25","tintindex":0},"up":{"uv":[7.5,4.5,8.5,4.75],"rotation":0,"texture":"#992ba430-b248-e651-8526-5341ec14ec25","tintindex":0},"west":{"uv":[7.5,4.5,8.5,5.25],"rotation":0,"texture":"#992ba430-b248-e651-8526-5341ec14ec25","tintindex":0}}},{"name":"cube","from":[6.5439444,2.23237,7.665816],"to":[8.742997,3.7041316,9.131851],"rotation":{"angle":-22.5,"axis":"x","origin":[-29.119389,11.22666,-1.5371375]},"faces":{"down":{"uv":[7.75,5.0,8.5,5.75],"rotation":0,"texture":"#992ba430-b248-e651-8526-5341ec14ec25","tintindex":0},"east":{"uv":[7.75,5.0,8.5,5.75],"rotation":0,"texture":"#992ba430-b248-e651-8526-5341ec14ec25","tintindex":0},"north":{"uv":[7.75,5.0,8.5,5.75],"rotation":0,"texture":"#992ba430-b248-e651-8526-5341ec14ec25","tintindex":0},"south":{"uv":[7.75,5.0,8.5,5.75],"rotation":0,"texture":"#992ba430-b248-e651-8526-5341ec14ec25","tintindex":0},"up":{"uv":[7.75,5.0,8.5,5.75],"rotation":0,"texture":"#992ba430-b248-e651-8526-5341ec14ec25","tintindex":0},"west":{"uv":[7.75,5.0,8.5,5.75],"rotation":0,"texture":"#992ba430-b248-e651-8526-5341ec14ec25","tintindex":0}}},{"name":"cube","from":[8.1718025,6.026026,6.8643246],"to":[9.454583,10.429382,7.5973425],"rotation":{"angle":-22.5,"axis":"y","origin":[8.608404,10.548933,7.1650395]},"faces":{"down":{"uv":[0.75,0.5,1.25,1.75],"rotation":0,"texture":"#992ba430-b248-e651-8526-5341ec14ec25","tintindex":0},"east":{"uv":[0.75,0.5,1.25,1.75],"rotation":0,"texture":"#992ba430-b248-e651-8526-5341ec14ec25","tintindex":0},"north":{"uv":[0.25,0.0,0.75,1.75],"rotation":0,"texture":"#992ba430-b248-e651-8526-5341ec14ec25","tintindex":0},"south":{"uv":[0.75,0.5,1.25,1.75],"rotation":0,"texture":"#992ba430-b248-e651-8526-5341ec14ec25","tintindex":0},"up":{"uv":[0.75,0.0,0.25,0.25],"rotation":0,"texture":"#992ba430-b248-e651-8526-5341ec14ec25","tintindex":0},"west":{"uv":[0.75,0.5,1.25,1.75],"rotation":0,"texture":"#992ba430-b248-e651-8526-5341ec14ec25","tintindex":0}}},{"name":"cube","from":[7.0373344,6.0603867,6.7201347],"to":[8.320115,10.424131,7.4531527],"rotation":{"angle":0.0,"axis":"x","origin":[7.678725,19.063576,7.086644]},"faces":{"down":{"uv":[0.75,0.5,1.25,1.75],"rotation":0,"texture":"#992ba430-b248-e651-8526-5341ec14ec25","tintindex":0},"east":{"uv":[0.75,0.5,1.25,1.75],"rotation":0,"texture":"#992ba430-b248-e651-8526-5341ec14ec25","tintindex":0},"north":{"uv":[0.75,0.0,1.25,1.75],"rotation":0,"texture":"#992ba430-b248-e651-8526-5341ec14ec25","tintindex":0},"south":{"uv":[0.75,0.5,1.25,1.75],"rotation":0,"texture":"#992ba430-b248-e651-8526-5341ec14ec25","tintindex":0},"up":{"uv":[0.75,0.0,1.25,0.25],"rotation":0,"texture":"#992ba430-b248-e651-8526-5341ec14ec25","tintindex":0},"west":{"uv":[0.75,0.5,1.25,1.75],"rotation":0,"texture":"#992ba430-b248-e651-8526-5341ec14ec25","tintindex":0}}},{"name":"cube","from":[6.120881,6.026026,6.222075],"to":[7.4036617,10.429382,6.9550924],"rotation":{"angle":22.5,"axis":"y","origin":[8.472457,10.548933,7.391931]},"faces":{"down":{"uv":[0.75,0.5,1.25,1.75],"rotation":0,"texture":"#992ba430-b248-e651-8526-5341ec14ec25","tintindex":0},"east":{"uv":[0.75,0.5,1.25,1.75],"rotation":0,"texture":"#992ba430-b248-e651-8526-5341ec14ec25","tintindex":0},"north":{"uv":[1.25,0.0,1.75,1.75],"rotation":0,"texture":"#992ba430-b248-e651-8526-5341ec14ec25","tintindex":0},"south":{"uv":[0.75,0.5,1.25,1.75],"rotation":0,"texture":"#992ba430-b248-e651-8526-5341ec14ec25","tintindex":0},"up":{"uv":[1.75,0.0,1.25,0.25],"rotation":0,"texture":"#992ba430-b248-e651-8526-5341ec14ec25","tintindex":0},"west":{"uv":[0.75,0.5,1.25,1.75],"rotation":0,"texture":"#992ba430-b248-e651-8526-5341ec14ec25","tintindex":0}}}],"display":{"head":{"translation":[0.0,-6.4,0.0],"rotation":[0.0,0.0,0.0],"scale":[3.8095,3.8095,3.8095]},"gui":{"translation":[0.0,0.0,0.0],"rotation":[35.0,225.0,0.0],"scale":[0.625,0.625,0.625]}}}