{"file_name":"shoulder_plate_r","texture_size":[64,64],"textures":{"992ba430-b248-e651-8526-5341ec14ec25":"modelengine:entity/general_armor"},"elements":[{"name":"cube","from":[3.4372692,5.4332104,3.3134704],"to":[6.2878933,6.247674,4.942398],"rotation":{"angle":0.0,"axis":"x","origin":[2.1838806,5.421449,5.049036]},"faces":{"down":{"uv":[6.5,1.25,5.75,1.0],"rotation":0,"texture":"#992ba430-b248-e651-8526-5341ec14ec25","tintindex":0},"east":{"uv":[5.75,1.0,6.5,1.25],"rotation":0,"texture":"#992ba430-b248-e651-8526-5341ec14ec25","tintindex":0},"north":{"uv":[5.75,1.0,6.5,1.25],"rotation":0,"texture":"#992ba430-b248-e651-8526-5341ec14ec25","tintindex":0},"south":{"uv":[5.75,1.0,6.5,1.25],"rotation":0,"texture":"#992ba430-b248-e651-8526-5341ec14ec25","tintindex":0},"up":{"uv":[5.75,1.25,6.5,1.0],"rotation":0,"texture":"#992ba430-b248-e651-8526-5341ec14ec25","tintindex":0},"west":{"uv":[5.75,1.0,6.5,1.25],"rotation":0,"texture":"#992ba430-b248-e651-8526-5341ec14ec25","tintindex":0}}},{"name":"cube","from":[8.851568,6.2277656,5.379256],"to":[15.367281,7.04223,6.19372],"rotation":{"angle":-22.5,"axis":"y","origin":[10.686853,6.898505,-3.3843656]},"faces":{"down":{"uv":[7.75,0.5,5.75,0.75],"rotation":0,"texture":"#992ba430-b248-e651-8526-5341ec14ec25","tintindex":0},"east":{"uv":[7.75,0.5,5.75,0.75],"rotation":0,"texture":"#992ba430-b248-e651-8526-5341ec14ec25","tintindex":0},"north":{"uv":[7.75,0.5,5.75,0.75],"rotation":0,"texture":"#992ba430-b248-e651-8526-5341ec14ec25","tintindex":0},"south":{"uv":[7.75,0.5,5.75,0.75],"rotation":0,"texture":"#992ba430-b248-e651-8526-5341ec14ec25","tintindex":0},"up":{"uv":[7.75,0.5,5.75,0.75],"rotation":0,"texture":"#992ba430-b248-e651-8526-5341ec14ec25","tintindex":0},"west":{"uv":[7.75,0.5,5.75,0.75],"rotation":0,"texture":"#992ba430-b248-e651-8526-5341ec14ec25","tintindex":0}}},{"name":"cube","from":[10.842848,6.2277656,6.5032873],"to":[11.657311,7.04223,9.761143],"rotation":{"angle":0.0,"axis":"x","origin":[11.25008,6.634998,8.132215]},"faces":{"down":{"uv":[8.0,0.75,9.0,0.5],"rotation":90,"texture":"#992ba430-b248-e651-8526-5341ec14ec25","tintindex":0},"east":{"uv":[9.0,0.5,8.0,0.75],"rotation":0,"texture":"#992ba430-b248-e651-8526-5341ec14ec25","tintindex":0},"north":{"uv":[9.0,0.5,8.0,0.75],"rotation":0,"texture":"#992ba430-b248-e651-8526-5341ec14ec25","tintindex":0},"south":{"uv":[9.0,0.5,8.0,0.75],"rotation":0,"texture":"#992ba430-b248-e651-8526-5341ec14ec25","tintindex":0},"up":{"uv":[8.0,0.75,9.0,0.5],"rotation":270,"texture":"#992ba430-b248-e651-8526-5341ec14ec25","tintindex":0},"west":{"uv":[8.75,0.5,7.75,0.75],"rotation":0,"texture":"#992ba430-b248-e651-8526-5341ec14ec25","tintindex":0}}},{"name":"cube","from":[6.638634,5.4227104,12.211387],"to":[13.1543455,6.237174,13.840314],"rotation":{"angle":22.5,"axis":"y","origin":[3.8484902,5.8299417,14.201851]},"faces":{"down":{"uv":[10.25,1.25,8.5,1.0],"rotation":0,"texture":"#992ba430-b248-e651-8526-5341ec14ec25","tintindex":0},"east":{"uv":[8.5,1.0,10.25,1.25],"rotation":0,"texture":"#992ba430-b248-e651-8526-5341ec14ec25","tintindex":0},"north":{"uv":[8.5,1.0,10.25,1.25],"rotation":0,"texture":"#992ba430-b248-e651-8526-5341ec14ec25","tintindex":0},"south":{"uv":[8.5,1.0,10.25,1.25],"rotation":0,"texture":"#992ba430-b248-e651-8526-5341ec14ec25","tintindex":0},"up":{"uv":[10.25,1.25,8.5,1.0],"rotation":0,"texture":"#992ba430-b248-e651-8526-5341ec14ec25","tintindex":0},"west":{"uv":[8.5,1.0,10.25,1.25],"rotation":0,"texture":"#992ba430-b248-e651-8526-5341ec14ec25","tintindex":0}}},{"name":"cube","from":[6.638634,5.4227104,2.2732487],"to":[13.1543455,6.237174,3.9021766],"rotation":{"angle":-22.5,"axis":"y","origin":[3.8484902,5.8299417,1.9117126]},"faces":{"down":{"uv":[10.25,1.0,8.5,1.25],"rotation":0,"texture":"#992ba430-b248-e651-8526-5341ec14ec25","tintindex":0},"east":{"uv":[10.25,1.0,8.5,1.25],"rotation":0,"texture":"#992ba430-b248-e651-8526-5341ec14ec25","tintindex":0},"north":{"uv":[10.25,1.0,8.5,1.25],"rotation":0,"texture":"#992ba430-b248-e651-8526-5341ec14ec25","tintindex":0},"south":{"uv":[10.25,1.0,8.5,1.25],"rotation":0,"texture":"#992ba430-b248-e651-8526-5341ec14ec25","tintindex":0},"up":{"uv":[9.25,1.0,7.5,1.25],"rotation":0,"texture":"#992ba430-b248-e651-8526-5341ec14ec25","tintindex":0},"west":{"uv":[10.25,1.0,8.5,1.25],"rotation":0,"texture":"#992ba430-b248-e651-8526-5341ec14ec25","tintindex":0}}},{"name":"cube","from":[10.678699,5.4332104,5.806926],"to":[12.307627,6.237174,10.306639],"rotation":{"angle":0.0,"axis":"x","origin":[11.493162,5.8299417,9.064781]},"faces":{"down":{"uv":[9.25,1.0,7.5,1.25],"rotation":270,"texture":"#992ba430-b248-e651-8526-5341ec14ec25","tintindex":0},"east":{"uv":[7.5,1.25,9.25,1.0],"rotation":180,"texture":"#992ba430-b248-e651-8526-5341ec14ec25","tintindex":0},"north":{"uv":[9.25,1.0,7.5,1.25],"rotation":270,"texture":"#992ba430-b248-e651-8526-5341ec14ec25","tintindex":0},"south":{"uv":[9.25,1.0,7.5,1.25],"rotation":270,"texture":"#992ba430-b248-e651-8526-5341ec14ec25","tintindex":0},"up":{"uv":[9.25,1.0,7.5,1.25],"rotation":270,"texture":"#992ba430-b248-e651-8526-5341ec14ec25","tintindex":0},"west":{"uv":[9.25,1.0,7.5,1.25],"rotation":270,"texture":"#992ba430-b248-e651-8526-5341ec14ec25","tintindex":0}}},{"name":"cube","from":[1.7015333,7.156472,6.6482544],"to":[6.9753895,9.599863,8.613182],"rotation":{"angle":22.5,"axis":"y","origin":[9.693465,8.210169,0.3139801]},"faces":{"down":{"uv":[3.375,1.375,2.875,1.125],"rotation":0,"texture":"#992ba430-b248-e651-8526-5341ec14ec25","tintindex":0},"east":{"uv":[8.25,1.5,8.75,1.75],"rotation":90,"texture":"#992ba430-b248-e651-8526-5341ec14ec25","tintindex":0},"north":{"uv":[6.75,2.75,5.75,3.25],"rotation":0,"texture":"#992ba430-b248-e651-8526-5341ec14ec25","tintindex":0},"south":{"uv":[2.875,1.125,3.375,1.375],"rotation":180,"texture":"#992ba430-b248-e651-8526-5341ec14ec25","tintindex":0},"up":{"uv":[6.75,2.75,5.75,2.25],"rotation":180,"texture":"#992ba430-b248-e651-8526-5341ec14ec25","tintindex":0},"west":{"uv":[2.875,1.125,3.375,1.375],"rotation":270,"texture":"#992ba430-b248-e651-8526-5341ec14ec25","tintindex":0}}},{"name":"cube","from":[8.014891,7.156472,6.4475408],"to":[13.288748,9.599863,8.412468],"rotation":{"angle":-22.5,"axis":"y","origin":[9.824423,18.558968,-0.52109766]},"faces":{"down":{"uv":[9.25,2.25,8.25,2.75],"rotation":0,"texture":"#992ba430-b248-e651-8526-5341ec14ec25","tintindex":0},"east":{"uv":[8.25,1.75,8.75,1.5],"rotation":90,"texture":"#992ba430-b248-e651-8526-5341ec14ec25","tintindex":0},"north":{"uv":[4.625,1.125,4.125,1.375],"rotation":180,"texture":"#992ba430-b248-e651-8526-5341ec14ec25","tintindex":0},"south":{"uv":[9.25,2.75,8.25,3.25],"rotation":0,"texture":"#992ba430-b248-e651-8526-5341ec14ec25","tintindex":0},"up":{"uv":[4.625,1.125,4.125,1.375],"rotation":180,"texture":"#992ba430-b248-e651-8526-5341ec14ec25","tintindex":0},"west":{"uv":[4.125,1.375,4.625,1.125],"rotation":270,"texture":"#992ba430-b248-e651-8526-5341ec14ec25","tintindex":0}}},{"name":"cube","from":[2.3735337,7.996473,6.144254],"to":[5.6313896,10.434614,7.9411826],"rotation":{"angle":22.5,"axis":"y","origin":[9.693465,9.218168,0.3139801]},"faces":{"down":{"uv":[3.375,1.375,2.875,1.125],"rotation":0,"texture":"#992ba430-b248-e651-8526-5341ec14ec25","tintindex":0},"east":{"uv":[8.25,1.5,8.75,1.75],"rotation":90,"texture":"#992ba430-b248-e651-8526-5341ec14ec25","tintindex":0},"north":{"uv":[6.75,2.75,5.75,3.25],"rotation":0,"texture":"#992ba430-b248-e651-8526-5341ec14ec25","tintindex":0},"south":{"uv":[2.875,1.125,3.375,1.375],"rotation":180,"texture":"#992ba430-b248-e651-8526-5341ec14ec25","tintindex":0},"up":{"uv":[6.75,2.75,5.75,2.25],"rotation":180,"texture":"#992ba430-b248-e651-8526-5341ec14ec25","tintindex":0},"west":{"uv":[2.875,1.125,3.375,1.375],"rotation":270,"texture":"#992ba430-b248-e651-8526-5341ec14ec25","tintindex":0}}},{"name":"cube","from":[8.686891,7.996473,7.1195407],"to":[11.944747,10.439865,8.916469],"rotation":{"angle":-22.5,"axis":"y",