{"file_name":"side_plate","texture_size":[64,64],"textures":{"992ba430-b248-e651-8526-5341ec14ec25":"modelengine:entity/general_armor"},"elements":[{"name":"cube","from":[1.0135996,5.9587994,7.668515],"to":[2.54072,10.03784,8.347235],"rotation":{"angle":-22.5,"axis":"z","origin":[2.7717195,7.662319,7.992125]},"faces":{"down":{"uv":[6.25,3.75,6.75,5.0],"rotation":0,"texture":"#992ba430-b248-e651-8526-5341ec14ec25","tintindex":0},"east":{"uv":[6.25,3.75,6.5,5.0],"rotation":0,"texture":"#992ba430-b248-e651-8526-5341ec14ec25","tintindex":0},"north":{"uv":[6.25,3.75,6.75,5.0],"rotation":0,"texture":"#992ba430-b248-e651-8526-5341ec14ec25","tintindex":0},"south":{"uv":[6.75,3.75,6.25,5.0],"rotation":0,"texture":"#992ba430-b248-e651-8526-5341ec14ec25","tintindex":0},"up":{"uv":[6.25,3.75,6.75,4.0],"rotation":180,"texture":"#992ba430-b248-e651-8526-5341ec14ec25","tintindex":0},"west":{"uv":[6.25,3.75,6.75,5.0],"rotation":0,"texture":"#992ba430-b248-e651-8526-5341ec14ec25","tintindex":0}}},{"name":"cube","from":[-0.028000355,5.96552,7.652765],"to":[2.00816,10.03784,8.331485],"rotation":{"angle":0.0,"axis":"x","origin":[-10.647241,-5.325302,8.73933]},"faces":{"down":{"uv":[5.25,5.0,6.0,5.25],"rotation":0,"texture":"#992ba430-b248-e651-8526-5341ec14ec25","tintindex":0},"east":{"uv":[5.25,3.75,6.0,5.25],"rotation":0,"texture":"#992ba430-b248-e651-8526-5341ec14ec25","tintindex":0},"north":{"uv":[5.25,3.75,6.0,5.25],"rotation":0,"texture":"#992ba430-b248-e651-8526-5341ec14ec25","tintindex":0},"south":{"uv":[6.0,3.75,5.25,5.25],"rotation":0,"texture":"#992ba430-b248-e651-8526-5341ec14ec25","tintindex":0},"up":{"uv":[5.25,3.75,6.0,4.0],"rotation":0,"texture":"#992ba430-b248-e651-8526-5341ec14ec25","tintindex":0},"west":{"uv":[5.75,3.75,6.0,5.25],"rotation":0,"texture":"#992ba430-b248-e651-8526-5341ec14ec25","tintindex":0}}},{"name":"cube","from":[12.859281,5.9587994,7.668515],"to":[14.386401,10.03784,8.347235],"rotation":{"angle":22.5,"axis":"z","origin":[12.62828,7.662319,7.992125]},"faces":{"down":{"uv":[6.75,3.75,6.25,5.0],"rotation":0,"texture":"#992ba430-b248-e651-8526-5341ec14ec25","tintindex":0},"east":{"uv":[6.75,3.75,6.25,5.0],"rotation":0,"texture":"#992ba430-b248-e651-8526-5341ec14ec25","tintindex":0},"north":{"uv":[6.75,3.75,6.25,5.0],"rotation":0,"texture":"#992ba430-b248-e651-8526-5341ec14ec25","tintindex":0},"south":{"uv":[6.25,3.75,6.75,5.0],"rotation":0,"texture":"#992ba430-b248-e651-8526-5341ec14ec25","tintindex":0},"up":{"uv":[6.75,3.75,6.25,4.0],"rotation":180,"texture":"#992ba430-b248-e651-8526-5341ec14ec25","tintindex":0},"west":{"uv":[6.5,3.75,6.25,5.0],"rotation":0,"texture":"#992ba430-b248-e651-8526-5341ec14ec25","tintindex":0}}},{"name":"cube","from":[13.391841,5.96552,7.652765],"to":[15.428001,10.03784,8.331485],"rotation":{"angle":0.0,"axis":"x","origin":[26.047241,-5.325302,8.73933]},"faces":{"down":{"uv":[6.0,5.0,5.25,5.25],"rotation":0,"texture":"#992ba430-b248-e651-8526-5341ec14ec25","tintindex":0},"east":{"uv":[6.0,3.75,5.75,5.25],"rotation":0,"texture":"#992ba430-b248-e651-8526-5341ec14ec25","tintindex":0},"north":{"uv":[6.0,3.75,5.25,5.25],"rotation":0,"texture":"#992ba430-b248-e651-8526-5341ec14ec25","tintindex":0},"south":{"uv":[5.25,3.75,6.0,5.25],"rotation":0,"texture":"#992ba430-b248-e651-8526-5341ec14ec25","tintindex":0},"up":{"uv":[6.0,3.75,5.25,4.0],"rotation":0,"texture":"#992ba430-b248-e651-8526-5341ec14ec25","tintindex":0},"west":{"uv":[6.0,3.75,5.25,5.25],"rotation":0,"texture":"#992ba430-b248-e651-8526-5341ec14ec25","tintindex":0}}}],"display":{"head":{"translation":[0.0,-6.4,0.0],"rotation":[0.0,0.0,0.0],"scale":[3.8095,3.8095,3.8095]},"gui":{"translation":[0.0,0.0,0.0],"rotation":[35.0,225.0,0.0],"scale":[0.625,0.625,0.625]}}}