{"file_name":"spear","texture_size":[64,64],"textures":{"992ba430-b248-e651-8526-5341ec14ec25":"modelengine:entity/general_armor"},"elements":[{"name":"cube","from":[6.768506,1.9099531,-11.008],"to":[8.634987,3.0765038,-0.82719946],"rotation":{"angle":-22.5,"axis":"x","origin":[7.7,2.5667472,-6.6995993]},"faces":{"down":{"uv":[2.75,10.0,3.5,13.5],"rotation":0,"texture":"#992ba430-b248-e651-8526-5341ec14ec25","tintindex":0},"east":{"uv":[0.0,14.0,3.5,14.5],"rotation":0,"texture":"#992ba430-b248-e651-8526-5341ec14ec25","tintindex":0},"north":{"uv":[0.0,14.0,3.5,14.5],"rotation":0,"texture":"#992ba430-b248-e651-8526-5341ec14ec25","tintindex":0},"south":{"uv":[0.0,14.0,3.5,14.5],"rotation":0,"texture":"#992ba430-b248-e651-8526-5341ec14ec25","tintindex":0},"up":{"uv":[2.0,10.0,2.75,13.5],"rotation":0,"texture":"#992ba430-b248-e651-8526-5341ec14ec25","tintindex":0},"west":{"uv":[0.0,14.0,3.5,14.5],"rotation":0,"texture":"#992ba430-b248-e651-8526-5341ec14ec25","tintindex":0}}},{"name":"cube","from":[7.1347456,1.9559435,-2.9439993],"to":[8.322506,3.1437035,32.0],"rotation":{"angle":-22.5,"axis":"x","origin":[7.7,2.5667472,-6.6995993]},"faces":{"down":{"uv":[5.75,7.5,6.25,16.0],"rotation":0,"texture":"#992ba430-b248-e651-8526-5341ec14ec25","tintindex":0},"east":{"uv":[0.0,15.5,8.25,16.0],"rotation":0,"texture":"#992ba430-b248-e651-8526-5341ec14ec25","tintindex":0},"north":{"uv":[0.0,15.5,0.5,16.0],"rotation":0,"texture":"#992ba430-b248-e651-8526-5341ec14ec25","tintindex":0},"south":{"uv":[7.0,15.5,7.5,16.0],"rotation":0,"texture":"#992ba430-b248-e651-8526-5341ec14ec25","tintindex":0},"up":{"uv":[5.75,7.5,6.25,16.0],"rotation":0,"texture":"#992ba430-b248-e651-8526-5341ec14ec25","tintindex":0},"west":{"uv":[0.0,15.5,8.25,16.0],"rotation":0,"texture":"#992ba430-b248-e651-8526-5341ec14ec25","tintindex":0}}},{"name":"cube","from":[6.956666,0.33762527,-10.721331],"to":[8.483786,1.5253853,-5.9702888],"rotation":{"angle":0.0,"axis":"x","origin":[7.7,2.5667472,-6.6995993]},"faces":{"down":{"uv":[0.0,14.75,3.5,15.25],"rotation":0,"texture":"#992ba430-b248-e651-8526-5341ec14ec25","tintindex":0},"east":{"uv":[1.75,14.75,3.5,15.25],"rotation":0,"texture":"#992ba430-b248-e651-8526-5341ec14ec25","tintindex":0},"north":{"uv":[0.0,14.75,3.5,15.25],"rotation":0,"texture":"#992ba430-b248-e651-8526-5341ec14ec25","tintindex":0},"south":{"uv":[0.0,14.75,3.5,15.25],"rotation":0,"texture":"#992ba430-b248-e651-8526-5341ec14ec25","tintindex":0},"up":{"uv":[0.0,14.75,3.5,15.25],"rotation":0,"texture":"#992ba430-b248-e651-8526-5341ec14ec25","tintindex":0},"west":{"uv":[0.0,14.75,1.5,15.25],"rotation":0,"texture":"#992ba430-b248-e651-8526-5341ec14ec25","tintindex":0}}},{"name":"cube","from":[6.956666,0.47481918,-7.760127],"to":[8.483786,1.6625799,-3.0090866],"rotation":{"angle":-45.0,"axis":"x","origin":[7.7,2.5667472,-6.6995993]},"faces":{"down":{"uv":[0.0,14.75,3.5,15.25],"rotation":0,"texture":"#992ba430-b248-e651-8526-5341ec14ec25","tintindex":0},"east":{"uv":[0.0,14.75,1.75,15.25],"rotation":0,"texture":"#992ba430-b248-e651-8526-5341ec14ec25","tintindex":0},"north":{"uv":[0.0,14.75,3.5,15.25],"rotation":0,"texture":"#992ba430-b248-e651-8526-5341ec14ec25","tintindex":0},"south":{"uv":[0.0,14.75,3.5,15.25],"rotation":0,"texture":"#992ba430-b248-e651-8526-5341ec14ec25","tintindex":0},"up":{"uv":[0.0,14.75,3.5,15.25],"rotation":0,"texture":"#992ba430-b248-e651-8526-5341ec14ec25","tintindex":0},"west":{"uv":[1.75,14.75,3.5,15.25],"rotation":0,"texture":"#992ba430-b248-e651-8526-5341ec14ec25","tintindex":0}}},{"name":"cube","from":[6.956666,3.4396436,-7.7471733],"to":[8.483786,4.6274037,-2.9961329],"rotation":{"angle":0.0,"axis":"x","origin":[7.7,2.5667472,-6.6995993]},"faces":{"down":{"uv":[0.0,14.5,3.5,14.0],"rotation":0,"texture":"#992ba430-b248-e651-8526-5341ec14ec25","tintindex":0},"east":{"uv":[0.0,14.0,1.75,14.5],"rotation":0,"texture":"#992ba430-b248-e651-8526-5341ec14ec25","tintindex":0},"north":{"uv":[0.0,14.5,3.5,14.0],"rotation":0,"texture":"#992ba430-b248-e651-8526-5341ec14ec25","tintindex":0},"south":{"uv":[0.0,14.5,3.5,14.0],"rotation":0,"texture":"#992ba430-b248-e651-8526-5341ec14ec25","tintindex":0},"up":{"uv":[0.0,14.5,3.5,14.0],"rotation":0,"texture":"#992ba430-b248-e651-8526-5341ec14ec25","tintindex":0},"west":{"uv":[1.75,14.0,3.5,14.5],"rotation":0,"texture":"#992ba430-b248-e651-8526-5341ec14ec25","tintindex":0}}},{"name":"cube","from":[6.956666,3.5768383,-10.7342825],"to":[8.483786,4.7645984,-5.9832425],"rotation":{"angle":-45.0,"axis":"x","origin":[7.7,2.5667472,-6.6995993]},"faces":{"down":{"uv":[0.0,14.5,3.5,14.0],"rotation":0,"texture":"#992ba430-b248-e651-8526-5341ec14ec25","tintindex":0},"east":{"uv":[1.75,14.0,3.5,14.5],"rotation":0,"texture":"#992ba430-b248-e651-8526-5341ec14ec25","tintindex":0},"north":{"uv":[0.0,14.5,3.5,14.0],"rotation":0,"texture":"#992ba430-b248-e651-8526-5341ec14ec25","tintindex":0},"south":{"uv":[0.0,14.5,3.5,14.0],"rotation":0,"texture":"#992ba430-b248-e651-8526-5341ec14ec25","tintindex":0},"up":{"uv":[0.0,14.5,3.5,14.0],"rotation":0,"texture":"#992ba430-b248-e651-8526-5341ec14ec25","tintindex":0},"west":{"uv":[0.0,14.0,1.5,14.5],"rotation":0,"texture":"#992ba430-b248-e651-8526-5341ec14ec25","tintindex":0}}},{"name":"cube","from":[6.5937862,3.1411948,-8.778136],"to":[8.792906,3.7588303,-6.3075957],"rotation":{"angle":-45.0,"axis":"x","origin":[7.7,2.5667472,-6.6995993]},"faces":{"down":{"uv":[0.0,14.5,3.5,14.0],"rotation":0,"texture":"#992ba430-b248-e651-8526-5341ec14ec25","tintindex":0},"east":{"uv":[1.75,14.0,3.5,14.5],"rotation":0,"texture":"#992ba430-b248-e651-8526-5341ec14ec25","tintindex":0},"north":{"uv":[0.0,14.5,3.5,14.0],"rotation":0,"texture":"#992ba430-b248-e651-8526-5341ec14ec25","tintindex":0},"south":{"uv":[0.0,14.5,3.5,14.0],"rotation":0,"texture":"#992ba430-b248-e651-8526-5341ec14ec25","tintindex":0},"up":{"uv":[0.0,14.5,3.5,14.0],"rotation":0,"texture":"#992ba430-b248-e651-8526-5341ec14ec25","tintindex":0},"west":{"uv":[0.0,14.0,1.5,14.5],"rotation":0,"texture":"#992ba430-b248-e651-8526-5341ec14ec25","tintindex":0}}},{"name":"cube","from":[6.5937862,1.456181,-8.8119],"to":[8.792906,2.0738163,-6.34136],"rotation":{"angle":0.0,"axis":"x","origin":[7.7,2.5667472,-6.6995993]},"faces":{"down":{"uv":[0.0,14.75,3.5,15.25],"rotation":0,"texture":"#992ba430-b248-e651-8526-5341ec14ec25","tintindex":0},"east":{"uv":[1.75,14.75,3.5,15.25],"rotation":0,"texture":"#992ba430-b248-e651-8526-5341ec14ec25","tintindex":0},"north":{"uv":[0.0,14.75,3.5,15.25],"rotation":0,"texture":"#992ba430-b248-e651-8526-5341ec14ec25","tintindex":0},"south":{"uv":[0.0,14.75,3.5,15.25],"rotation":0,"texture":"#992ba430-b248-e651-8526-5341ec14ec25","tintindex":0},"up":{"uv":[0.0,14.75,3.5,15.25],"rotation":0,"texture":"#992ba430-b248-e651-8526-5341ec14ec25","tintindex":0},"west":{"uv":[0.0,14.75,1.5,15.25],"rotation":0,"texture":"#992ba430-b248-e651-8526-5341ec14ec25","tintindex":0}}},{"name":"cube","from":[6.5937862,3.069231,-7.26534],"to":[8.792906,3.6868658,-4.794799],"rotation":{"angle":0.0,"axis":"x","origin":[7.7,2.5667472,-6.6995993]},"faces":{"down":{"uv":[0.0,14.5,3.5,14.0],"rotation":0,"texture":"#992ba430-b248-e651-8526-5341ec14ec25","tintindex":0},"east":{"uv":[0.0,14.0,1.75,14.5],"rotation":0,"texture":"#992ba430-b248-e651-8526-5341ec14ec25","tintindex":0},"north":{"uv":[0.0,14.5,3.5,14.0],"rotation":0,"texture":"#992ba430-b248-e651-8526-5341ec14ec25","tintindex":0},"south":{"uv":[0.0,14.5,3.5,14.0],"rotation":0,"texture":"#992ba430-b248-e651-8526-5341ec14ec25","tintindex":0},"up":{"uv":[0.0,14.5,3.5,14.0],"rotation":0,"texture":"#992ba430-b248-e651-8526-5341ec14ec25","tintindex":0},"west":{"uv":[1.75,14.0,3.5,14.5],"rotation":0,"texture":"#992ba430-b248-e651-8526-5341ec14ec25","tintindex":0}}},{"name":"cube","from":[6.5937862,1.528145,-7.231576],"to":[8.792906,2.1457803,-4.761034],"rotation":{"angle":-45.0,"axis":"x","origin":[7.7,2.5667472,-6.6995993]},"faces":{"down":{"uv":[0.0,14.75,3.5,15.25],"rotation":0,