{"file_name":"tasse_plate_b","texture_size":[64,64],"textures":{"992ba430-b248-e651-8526-5341ec14ec25":"modelengine:entity/general_armor"},"elements":[{"name":"cube","from":[5.57399,16.320953,7.3291054],"to":[10.325029,21.071991,8.007826],"rotation":{"angle":-22.5,"axis":"x","origin":[7.8167496,21.836853,14.768109]},"faces":{"down":{"uv":[5.0,5.5,3.25,5.25],"rotation":0,"texture":"#992ba430-b248-e651-8526-5341ec14ec25","tintindex":0},"east":{"uv":[4.75,3.75,5.0,5.5],"rotation":0,"texture":"#992ba430-b248-e651-8526-5341ec14ec25","tintindex":0},"north":{"uv":[3.25,3.75,5.0,5.5],"rotation":0,"texture":"#992ba430-b248-e651-8526-5341ec14ec25","tintindex":0},"south":{"uv":[3.25,3.75,5.0,5.5],"rotation":0,"texture":"#992ba430-b248-e651-8526-5341ec14ec25","tintindex":0},"up":{"uv":[5.0,4.0,3.25,3.75],"rotation":0,"texture":"#992ba430-b248-e651-8526-5341ec14ec25","tintindex":0},"west":{"uv":[3.25,3.75,3.5,5.5],"rotation":0,"texture":"#992ba430-b248-e651-8526-5341ec14ec25","tintindex":0}}},{"name":"cube","from":[5.2346296,10.136791,10.213762],"to":[10.66439,14.20911,10.892483],"rotation":{"angle":-22.5,"axis":"x","origin":[7.9495096,12.17295,10.553122]},"faces":{"down":{"uv":[3.0,7.0,5.0,6.75],"rotation":0,"texture":"#992ba430-b248-e651-8526-5341ec14ec25","tintindex":0},"east":{"uv":[3.25,5.5,3.0,7.0],"rotation":0,"texture":"#992ba430-b248-e651-8526-5341ec14ec25","tintindex":0},"north":{"uv":[5.0,5.5,3.0,7.0],"rotation":0,"texture":"#992ba430-b248-e651-8526-5341ec14ec25","tintindex":0},"south":{"uv":[5.0,5.5,3.0,7.0],"rotation":0,"texture":"#992ba430-b248-e651-8526-5341ec14ec25","tintindex":0},"up":{"uv":[3.0,5.75,5.0,5.5],"rotation":0,"texture":"#992ba430-b248-e651-8526-5341ec14ec25","tintindex":0},"west":{"uv":[5.0,5.5,4.75,7.0],"rotation":0,"texture":"#992ba430-b248-e651-8526-5341ec14ec25","tintindex":0}}},{"name":"cube","from":[4.8952694,5.85698,10.498662],"to":[11.00375,10.608021,11.177382],"rotation":{"angle":0.0,"axis":"x","origin":[-16.78173,21.836853,14.768109]},"faces":{"down":{"uv":[2.75,8.5,5.0,8.75],"rotation":0,"texture":"#992ba430-b248-e651-8526-5341ec14ec25","tintindex":0},"east":{"uv":[2.75,7.0,3.0,8.75],"rotation":0,"texture":"#992ba430-b248-e651-8526-5341ec14ec25","tintindex":0},"north":{"uv":[2.75,7.0,5.0,8.75],"rotation":0,"texture":"#992ba430-b248-e651-8526-5341ec14ec25","tintindex":0},"south":{"uv":[2.75,7.0,5.0,8.75],"rotation":0,"texture":"#992ba430-b248-e651-8526-5341ec14ec25","tintindex":0},"up":{"uv":[2.75,7.0,5.0,7.25],"rotation":0,"texture":"#992ba430-b248-e651-8526-5341ec14ec25","tintindex":0},"west":{"uv":[4.75,7.0,5.0,8.75],"rotation":0,"texture":"#992ba430-b248-e651-8526-5341ec14ec25","tintindex":0}}}],"display":{"head":{"translation":[0.0,-6.4,0.0],"rotation":[0.0,0.0,0.0],"scale":[3.8095,3.8095,3.8095]},"gui":{"translation":[0.0,0.0,0.0],"rotation":[35.0,225.0,0.0],"scale":[0.625,0.625,0.625]}}}