{"file_name":"tasse_plate_r","texture_size":[64,64],"textures":{"992ba430-b248-e651-8526-5341ec14ec25":"modelengine:entity/general_armor"},"elements":[{"name":"cube","from":[11.13479,15.143367,5.9167438],"to":[12.492229,17.858246,9.989063],"rotation":{"angle":22.5,"axis":"z","origin":[11.30951,16.500807,7.9529037]},"faces":{"down":{"uv":[8.75,3.5,7.25,4.5],"rotation":90,"texture":"#992ba430-b248-e651-8526-5341ec14ec25","tintindex":0},"east":{"uv":[8.75,3.5,7.25,4.5],"rotation":0,"texture":"#992ba430-b248-e651-8526-5341ec14ec25","tintindex":0},"north":{"uv":[7.5,3.5,7.25,4.5],"rotation":0,"texture":"#992ba430-b248-e651-8526-5341ec14ec25","tintindex":0},"south":{"uv":[8.75,3.5,8.5,4.5],"rotation":0,"texture":"#992ba430-b248-e651-8526-5341ec14ec25","tintindex":0},"up":{"uv":[8.75,3.5,7.25,3.75],"rotation":270,"texture":"#992ba430-b248-e651-8526-5341ec14ec25","tintindex":0},"west":{"uv":[8.75,3.5,7.25,4.5],"rotation":0,"texture":"#992ba430-b248-e651-8526-5341ec14ec25","tintindex":0}}}],"display":{"head":{"translation":[0.0,-6.4,0.0],"rotation":[0.0,0.0,0.0],"scale":[3.8095,3.8095,3.8095]},"gui":{"translation":[0.0,0.0,0.0],"rotation":[35.0,225.0,0.0],"scale":[0.625,0.625,0.625]}}}