{"elements":[{"from":[9.251557,15.268572,9.368309],"to":[14.1887,19.588573,12.865452],"rotation":{"angle":0.0,"axis":"y","origin":[9.251557,15.885715,6.8997374]},"faces":{"east":{"uv":[7.625,5.25,9.5,8.25],"rotation":0,"texture":"#0","tintindex":0},"south":{"uv":[3.125,3.75,5.0,6.75],"rotation":0,"texture":"#0","tintindex":0},"north":{"uv":[4.5,0.25,8.25,3.25],"rotation":0,"texture":"#0","tintindex":0},"west":{"uv":[3.125,3.75,5.0,6.75],"rotation":0,"texture":"#0","tintindex":0},"up":{"uv":[1.5,0.25,4.125,2.875],"rotation":0,"texture":"#0","tintindex":0},"down":{"uv":[3.125,3.75,5.0,6.75],"rotation":0,"texture":"#0","tintindex":0}}},{"from":[12.019615,15.268572,9.068823],"to":[15.510706,16.811428,12.559906],"rotation":{"angle":-45.0,"axis":"y","origin":[14.488186,15.885715,7.6227627]},"faces":{"east":{"uv":[7.875,4.375,10.5,5.5],"rotation":0,"texture":"#0","tintindex":0},"south":{"uv":[7.875,4.375,10.5,5.5],"rotation":0,"texture":"#0","tintindex":0},"north":{"uv":[7.875,4.375,10.5,5.5],"rotation":0,"texture":"#0","tintindex":0},"west":{"uv":[2.75,7.875,5.375,9.0],"rotation":0,"texture":"#0","tintindex":0},"up":{"uv":[7.875,4.375,10.5,5.5],"rotation":0,"texture":"#0","tintindex":0},"down":{"uv":[7.875,4.375,10.5,5.5],"rotation":0,"texture":"#0","tintindex":0}}},{"from":[12.019615,17.737144,9.068823],"to":[15.510706,19.897144,12.559906],"rotation":{"angle":-45.0,"axis":"y","origin":[14.488186,17.737144,7.6227627]},"faces":{"east":{"uv":[6.75,2.625,9.375,4.125],"rotation":0,"texture":"#0","tintindex":0},"south":{"uv":[2.125,5.25,4.75,6.75],"rotation":0,"texture":"#0","tintindex":0},"north":{"uv":[2.875,1.75,5.5,3.25],"rotation":0,"texture":"#0","tintindex":0},"west":{"uv":[6.75,5.25,9.375,6.75],"rotation":0,"texture":"#0","tintindex":0},"up":{"uv":[2.875,1.75,5.5,3.25],"rotation":0,"texture":"#0","tintindex":0},"down":{"uv":[2.875,1.75,5.5,3.25],"rotation":0,"texture":"#0","tintindex":0}}},{"from":[12.328186,16.811428,9.377395],"to":[15.510706,17.737144,12.559906],"rotation":{"angle":-45.0,"axis":"y","origin":[14.488186,17.737144,7.6227627]},"faces":{"east":{"uv":[12.75,0.0,12.0,0.25],"rotation":0,"texture":"#0","tintindex":0},"south":{"uv":[12.75,0.0,12.0,0.25],"rotation":0,"texture":"#0","tintindex":0},"north":{"uv":[12.75,0.0,12.0,0.25],"rotation":0,"texture":"#0","tintindex":0},"west":{"uv":[12.0,0.0,12.75,0.25],"rotation":0,"texture":"#0","tintindex":0},"up":{"uv":[12.75,0.0,12.0,0.25],"rotation":0,"texture":"#0","tintindex":0},"down":{"uv":[12.75,0.0,12.0,0.25],"rotation":0,"texture":"#0","tintindex":0}}},{"from":[14.093121,20.347042,11.022251],"to":[14.241235,21.087612,11.170366],"rotation":{"angle":-22.5,"axis":"z","origin":[12.982264,17.347727,11.096309]},"faces":{"east":{"uv":[0.0,12.0,4.0,16.0],"rotation":0,"texture":"#0","tintindex":0},"south":{"uv":[0.0,12.0,4.0,16.0],"rotation":0,"texture":"#0","tintindex":0},"north":{"uv":[0.0,12.0,4.0,16.0],"rotation":0,"texture":"#0","tintindex":0},"west":{"uv":[0.0,12.0,4.0,16.0],"rotation":0,"texture":"#0","tintindex":0},"up":{"uv":[0.0,12.0,4.0,16.0],"rotation":0,"texture":"#0","tintindex":0},"down":{"uv":[0.0,12.0,4.0,16.0],"rotation":0,"texture":"#0","tintindex":0}}},{"from":[14.019063,19.31024,10.9481945],"to":[14.315291,20.347042,11.244423],"rotation":{"angle":-22.5,"axis":"z","origin":[12.982264,17.347727,11.096309]},"faces":{"east":{"uv":[0.0,12.0,4.0,16.0],"rotation":0,"texture":"#0","tintindex":0},"south":{"uv":[0.0,12.0,4.0,16.0],"rotation":0,"texture":"#0","tintindex":0},"north":{"uv":[0.0,12.0,4.0,16.0],"rotation":0,"texture":"#0","tintindex":0},"west":{"uv":[0.0,12.0,4.0,16.0],"rotation":0,"texture":"#0","tintindex":0},"up":{"uv":[0.0,12.0,4.0,16.0],"rotation":0,"texture":"#0","tintindex":0},"down":{"uv":[0.0,12.0,4.0,16.0],"rotation":0,"texture":"#0","tintindex":0}}},{"from":[13.05632,18.458584,10.874137],"to":[13.500663,19.791613,11.3184805],"rotation":{"angle":-45.0,"axis":"z","origin":[12.982264,17.347727,11.096309]},"faces":{"east":{"uv":[0.0,12.0,4.0,16.0],"rotation":0,"texture":"#0","tintindex":0},"south":{"uv":[0.0,12.0,4.0,16.0],"rotation":0,"texture":"#0","tintindex":0},"north":{"uv":[0.0,12.0,4.0,16.0],"rotation":0,"texture":"#0","tintindex":0},"west":{"uv":[0.0,12.0,4.0,16.0],"rotation":0,"texture":"#0","tintindex":0},"up":{"uv":[0.0,12.0,4.0,16.0],"rotation":0,"texture":"#0","tintindex":0},"down":{"uv":[0.0,12.0,4.0,16.0],"rotation":0,"texture":"#0","tintindex":0}}},{"from":[15.011557,25.142859,11.014023],"to":[15.525843,25.657143,11.528309],"rotation":{"angle":-22.5,"axis":"z","origin":[2.462985,22.057144,11.425451]},"faces":{"east":{"uv":[12.0,12.0,16.0,16.0],"rotation":0,"texture":"#0","tintindex":0},"south":{"uv":[12.0,12.0,16.0,16.0],"rotation":0,"texture":"#0","tintindex":0},"north":{"uv":[12.0,12.0,16.0,16.0],"rotation":0,"texture":"#0","tintindex":0},"west":{"uv":[12.0,12.0,16.0,16.0],"rotation":0,"texture":"#0","tintindex":0},"up":{"uv":[12.0,12.0,16.0,16.0],"rotation":0,"texture":"#0","tintindex":0},"down":{"uv":[12.0,12.0,16.0,16.0],"rotation":0,"texture":"#0","tintindex":0}}},{"from":[15.217272,24.217144,10.911166],"to":[15.6287,24.628572,11.322595],"rotation":{"angle":-22.5,"axis":"z","origin":[2.462985,22.057144,11.425451]},"faces":{"east":{"uv":[12.0,12.0,16.0,16.0],"rotation":0,"texture":"#0","tintindex":0},"south":{"uv":[12.0,12.0,16.0,16.0],"rotation":0,"texture":"#0","tintindex":0},"north":{"uv":[12.0,12.0,16.0,16.0],"rotation":0,"texture":"#0","tintindex":0},"west":{"uv":[12.0,12.0,16.0,16.0],"rotation":0,"texture":"#0","tintindex":0},"up":{"uv":[12.0,12.0,16.0,16.0],"rotation":0,"texture":"#0","tintindex":0},"down":{"uv":[12.0,12.0,16.0,16.0],"rotation":0,"texture":"#0","tintindex":0}}},{"from":[14.702986,24.628572,11.11688],"to":[15.114414,25.04,11.528309],"rotation":{"angle":-22.5,"axis":"z","origin":[2.462985,22.057144,11.425451]},"faces":{"east":{"uv":[12.0,12.0,16.0,16.0],"rotation":0,"texture":"#0","tintindex":0},"south":{"uv":[12.0,12.0,16.0,16.0],"rotation":0,"texture":"#0","tintindex":0},"north":{"uv":[12.0,12.0,16.0,16.0],"rotation":0,"texture":"#0","tintindex":0},"west":{"uv":[12.0,12.0,16.0,16.0],"rotation":0,"texture":"#0","tintindex":0},"up":{"uv":[12.0,12.0,16.0,16.0],"rotation":0,"texture":"#0","tintindex":0},"down":{"uv":[12.0,12.0,16.0,16.0],"rotation":0,"texture":"#0","tintindex":0}}}],"textures":{"0":"modelengine:entity/sakura_boss"},"display":{"head":{"translation":[0.0,-6.4,0.0],"scale":[4.0,4.0,4.0]}}}