{"elements":[{"from":[-10.514288,1.1428566,6.457143],"to":[-6.4000015,11.428572,10.571428],"rotation":{"angle":-22.5,"axis":"z","origin":[-0.22857189,-7.0857143,-0.22857189]},"faces":{"east":{"uv":[0.0,0.0,3.0,7.5],"rotation":0,"texture":"#0","tintindex":0},"south":{"uv":[6.0,0.0,9.0,7.5],"rotation":0,"texture":"#0","tintindex":0},"north":{"uv":[1.875,0.0,4.875,7.5],"rotation":0,"texture":"#0","tintindex":0},"west":{"uv":[8.125,0.0,11.125,7.5],"rotation":0,"texture":"#0","tintindex":0},"up":{"uv":[5.75,6.5,8.75,9.5],"rotation":0,"texture":"#0","tintindex":0},"down":{"uv":[2.0,1.25,5.0,4.25],"rotation":0,"texture":"#0","tintindex":0}}},{"from":[-8.128986,12.270046,8.015429],"to":[-7.3369865,12.496332,8.2417145],"rotation":{"angle":-22.5,"axis":"z","origin":[-5.940796,12.000372,8.1285715]},"faces":{"east":{"uv":[0.0,12.0,4.0,16.0],"rotation":270,"texture":"#0","tintindex":0},"south":{"uv":[0.0,12.0,4.0,16.0],"rotation":270,"texture":"#0","tintindex":0},"north":{"uv":[0.0,12.0,4.0,16.0],"rotation":90,"texture":"#0","tintindex":0},"west":{"uv":[0.0,12.0,4.0,16.0],"rotation":270,"texture":"#0","tintindex":0},"up":{"uv":[0.0,12.0,4.0,16.0],"rotation":270,"texture":"#0","tintindex":0},"down":{"uv":[0.0,12.0,4.0,16.0],"rotation":270,"texture":"#0","tintindex":0}}},{"from":[-7.3369865,12.213474,7.958857],"to":[-5.866129,12.552903,8.2982855],"rotation":{"angle":-22.5,"axis":"z","origin":[-5.940796,12.000372,8.1285715]},"faces":{"east":{"uv":[0.0,12.0,4.0,16.0],"rotation":270,"texture":"#0","tintindex":0},"south":{"uv":[0.0,12.0,4.0,16.0],"rotation":270,"texture":"#0","tintindex":0},"north":{"uv":[0.0,12.0,4.0,16.0],"rotation":90,"texture":"#0","tintindex":0},"west":{"uv":[0.0,12.0,4.0,16.0],"rotation":270,"texture":"#0","tintindex":0},"up":{"uv":[0.0,12.0,4.0,16.0],"rotation":270,"texture":"#0","tintindex":0},"down":{"uv":[0.0,12.0,4.0,16.0],"rotation":270,"texture":"#0","tintindex":0}}},{"from":[-6.301283,12.042252,7.845714],"to":[-4.830426,12.607965,8.411428],"rotation":{"angle":-45.0,"axis":"z","origin":[-5.940796,12.000372,8.1285715]},"faces":{"east":{"uv":[0.0,12.0,4.0,16.0],"rotation":270,"texture":"#0","tintindex":0},"south":{"uv":[0.0,12.0,4.0,16.0],"rotation":270,"texture":"#0","tintindex":0},"north":{"uv":[0.0,12.0,4.0,16.0],"rotation":90,"texture":"#0","tintindex":0},"west":{"uv":[0.0,12.0,4.0,16.0],"rotation":270,"texture":"#0","tintindex":0},"up":{"uv":[0.0,12.0,4.0,16.0],"rotation":270,"texture":"#0","tintindex":0},"down":{"uv":[0.0,12.0,4.0,16.0],"rotation":270,"texture":"#0","tintindex":0}}},{"from":[-4.9871035,11.936531,7.7325716],"to":[-3.28996,12.728532,8.524571],"rotation":{"angle":-45.0,"axis":"z","origin":[-5.940796,12.000372,8.1285715]},"faces":{"east":{"uv":[0.0,12.0,4.0,16.0],"rotation":270,"texture":"#0","tintindex":0},"south":{"uv":[0.0,12.0,4.0,16.0],"rotation":270,"texture":"#0","tintindex":0},"north":{"uv":[0.0,12.0,4.0,16.0],"rotation":90,"texture":"#0","tintindex":0},"west":{"uv":[0.0,12.0,4.0,16.0],"rotation":270,"texture":"#0","tintindex":0},"up":{"uv":[0.0,12.0,4.0,16.0],"rotation":270,"texture":"#0","tintindex":0},"down":{"uv":[0.0,12.0,4.0,16.0],"rotation":270,"texture":"#0","tintindex":0}}},{"from":[-6.268198,13.304926,7.784],"to":[-5.5769978,13.996126,8.4752],"rotation":{"angle":-45.0,"axis":"z","origin":[-6.9186325,12.7405405,8.125485]},"faces":{"east":{"uv":[12.0,12.0,16.0,16.0],"rotation":90,"texture":"#0","tintindex":0},"south":{"uv":[12.0,12.0,16.0,16.0],"rotation":90,"texture":"#0","tintindex":0},"north":{"uv":[12.0,12.0,16.0,16.0],"rotation":90,"texture":"#0","tintindex":0},"west":{"uv":[12.0,12.0,16.0,16.0],"rotation":90,"texture":"#0","tintindex":0},"up":{"uv":[12.0,12.0,16.0,16.0],"rotation":90,"texture":"#0","tintindex":0},"down":{"uv":[12.0,12.0,16.0,16.0],"rotation":90,"texture":"#0","tintindex":0}}},{"from":[-7.1160316,12.138732,7.699657],"to":[-6.4248323,12.829931,8.390857],"rotation":{"angle":-22.5,"axis":"z","origin":[-6.9186325,12.7405405,8.125485]},"faces":{"east":{"uv":[12.0,12.0,16.0,16.0],"rotation":270,"texture":"#0","tintindex":0},"south":{"uv":[12.0,12.0,16.0,16.0],"rotation":270,"texture":"#0","tintindex":0},"north":{"uv":[12.0,12.0,16.0,16.0],"rotation":90,"texture":"#0","tintindex":0},"west":{"uv":[12.0,12.0,16.0,16.0],"rotation":270,"texture":"#0","tintindex":0},"up":{"uv":[12.0,12.0,16.0,16.0],"rotation":270,"texture":"#0","tintindex":0},"down":{"uv":[12.0,12.0,16.0,16.0],"rotation":270,"texture":"#0","tintindex":0}}},{"from":[-8.152121,12.544941,7.938286],"to":[-7.4321213,13.26494,8.658286],"rotation":{"angle":-22.5,"axis":"z","origin":[-6.9179115,12.779026,8.190286]},"faces":{"east":{"uv":[12.0,12.0,16.0,16.0],"rotation":270,"texture":"#0","tintindex":0},"south":{"uv":[12.0,12.0,16.0,16.0],"rotation":270,"texture":"#0","tintindex":0},"north":{"uv":[12.0,12.0,16.0,16.0],"rotation":90,"texture":"#0","tintindex":0},"west":{"uv":[12.0,12.0,16.0,16.0],"rotation":270,"texture":"#0","tintindex":0},"up":{"uv":[12.0,12.0,16.0,16.0],"rotation":270,"texture":"#0","tintindex":0},"down":{"uv":[12.0,12.0,16.0,16.0],"rotation":270,"texture":"#0","tintindex":0}}}],"textures":{"0":"modelengine:entity/sakura_boss"},"display":{"head":{"translation":[0.0,-6.4,0.0],"scale":[4.0,4.0,4.0]}}}