{"elements":[{"from":[12.114286,20.998999,3.885714],"to":[19.314285,28.199,13.142858],"rotation":{"angle":0.0,"axis":"y","origin":[16.228573,2.4847126,-0.22857189]},"faces":{"east":{"uv":[4.5,2.875,11.0,8.125],"rotation":0,"texture":"#0","tintindex":0},"south":{"uv":[1.0,0.75,6.25,6.0],"rotation":180,"texture":"#0","tintindex":0},"north":{"uv":[2.0,0.75,7.25,6.0],"rotation":180,"texture":"#0","tintindex":0},"west":{"uv":[3.9375,2.925,10.6875,7.925],"rotation":0,"texture":"#0","tintindex":0},"up":{"uv":[6.625,0.125,11.875,6.875],"rotation":180,"texture":"#0","tintindex":0},"down":{"uv":[3.4375,7.675,10.1875,2.675],"rotation":180,"texture":"#0","tintindex":0}}},{"from":[18.37209,31.279999,7.64],"to":[18.577803,32.0,7.845714],"rotation":{"angle":-45.0,"axis":"z","origin":[18.68066,29.582857,7.742857]},"faces":{"east":{"uv":[0.0,12.0,4.0,16.0],"rotation":0,"texture":"#0","tintindex":0},"south":{"uv":[0.0,12.0,4.0,16.0],"rotation":0,"texture":"#0","tintindex":0},"north":{"uv":[0.0,12.0,4.0,16.0],"rotation":0,"texture":"#0","tintindex":0},"west":{"uv":[0.0,12.0,4.0,16.0],"rotation":0,"texture":"#0","tintindex":0},"up":{"uv":[0.0,12.0,4.0,16.0],"rotation":180,"texture":"#0","tintindex":0},"down":{"uv":[0.0,12.0,4.0,16.0],"rotation":180,"texture":"#0","tintindex":0}}},{"from":[18.32066,29.942856,7.5885715],"to":[18.62923,31.279999,7.897143],"rotation":{"angle":-45.0,"axis":"z","origin":[18.68066,29.582857,7.742857]},"faces":{"east":{"uv":[0.0,12.0,4.0,16.0],"rotation":0,"texture":"#0","tintindex":0},"south":{"uv":[0.0,12.0,4.0,16.0],"rotation":0,"texture":"#0","tintindex":0},"north":{"uv":[0.0,12.0,4.0,16.0],"rotation":0,"texture":"#0","tintindex":0},"west":{"uv":[0.0,12.0,4.0,16.0],"rotation":0,"texture":"#0","tintindex":0},"up":{"uv":[0.0,12.0,4.0,16.0],"rotation":180,"texture":"#0","tintindex":0},"down":{"uv":[0.0,12.0,4.0,16.0],"rotation":180,"texture":"#0","tintindex":0}}},{"from":[17.462856,29.33043,7.4857144],"to":[17.977142,30.66757,8.0],"rotation":{"angle":-22.5,"axis":"z","origin":[17.154285,27.376143,7.4857144]},"faces":{"east":{"uv":[0.0,12.0,4.0,16.0],"rotation":0,"texture":"#0","tintindex":0},"south":{"uv":[0.0,12.0,4.0,16.0],"rotation":0,"texture":"#0","tintindex":0},"north":{"uv":[0.0,12.0,4.0,16.0],"rotation":0,"texture":"#0","tintindex":0},"west":{"uv":[0.0,12.0,4.0,16.0],"rotation":0,"texture":"#0","tintindex":0},"up":{"uv":[0.0,12.0,4.0,16.0],"rotation":180,"texture":"#0","tintindex":0},"down":{"uv":[0.0,12.0,4.0,16.0],"rotation":180,"texture":"#0","tintindex":0}}},{"from":[17.565716,27.890429,7.3828573],"to":[18.285715,29.433285,8.102858],"rotation":{"angle":-22.5,"axis":"z","origin":[17.36,27.890429,7.4857144]},"faces":{"east":{"uv":[0.0,12.0,4.0,16.0],"rotation":0,"texture":"#0","tintindex":0},"south":{"uv":[0.0,12.0,4.0,16.0],"rotation":0,"texture":"#0","tintindex":0},"north":{"uv":[0.0,12.0,4.0,16.0],"rotation":0,"texture":"#0","tintindex":0},"west":{"uv":[0.0,12.0,4.0,16.0],"rotation":0,"texture":"#0","tintindex":0},"up":{"uv":[0.0,12.0,4.0,16.0],"rotation":180,"texture":"#0","tintindex":0},"down":{"uv":[0.0,12.0,4.0,16.0],"rotation":180,"texture":"#0","tintindex":0}}},{"from":[20.404572,31.367,7.3005714],"to":[21.021715,31.984142,7.917714],"rotation":{"angle":-22.5,"axis":"z","origin":[19.417143,33.341858,7.794286]},"faces":{"east":{"uv":[12.0,12.0,16.0,16.0],"rotation":0,"texture":"#0","tintindex":0},"south":{"uv":[12.0,12.0,16.0,16.0],"rotation":0,"texture":"#0","tintindex":0},"north":{"uv":[12.0,12.0,16.0,16.0],"rotation":0,"texture":"#0","tintindex":0},"west":{"uv":[12.0,12.0,16.0,16.0],"rotation":0,"texture":"#0","tintindex":0},"up":{"uv":[12.0,12.0,16.0,16.0],"rotation":0,"texture":"#0","tintindex":0},"down":{"uv":[12.0,12.0,16.0,16.0],"rotation":0,"texture":"#0","tintindex":0}}},{"from":[19.910858,30.441284,7.3005714],"to":[20.404572,30.935,7.794286],"rotation":{"angle":-22.5,"axis":"z","origin":[19.417143,33.341858,7.794286]},"faces":{"east":{"uv":[12.0,12.0,16.0,16.0],"rotation":0,"texture":"#0","tintindex":0},"south":{"uv":[12.0,12.0,16.0,16.0],"rotation":0,"texture":"#0","tintindex":0},"north":{"uv":[12.0,12.0,16.0,16.0],"rotation":0,"texture":"#0","tintindex":0},"west":{"uv":[12.0,12.0,16.0,16.0],"rotation":0,"texture":"#0","tintindex":0},"up":{"uv":[12.0,12.0,16.0,16.0],"rotation":0,"texture":"#0","tintindex":0},"down":{"uv":[12.0,12.0,16.0,16.0],"rotation":0,"texture":"#0","tintindex":0}}},{"from":[18.820675,30.019459,7.1771426],"to":[19.314388,30.513172,7.670857],"rotation":{"angle":45.0,"axis":"z","origin":[19.746387,30.266315,7.5474286]},"faces":{"east":{"uv":[12.0,12.0,16.0,16.0],"rotation":270,"texture":"#0","tintindex":0},"south":{"uv":[12.0,12.0,16.0,16.0],"rotation":270,"texture":"#0","tintindex":0},"north":{"uv":[12.0,12.0,16.0,16.0],"rotation":270,"texture":"#0","tintindex":0},"west":{"uv":[12.0,12.0,16.0,16.0],"rotation":270,"texture":"#0","tintindex":0},"up":{"uv":[12.0,12.0,16.0,16.0],"rotation":270,"texture":"#0","tintindex":0},"down":{"uv":[12.0,12.0,16.0,16.0],"rotation":270,"texture":"#0","tintindex":0}}}],"textures":{"0":"modelengine:entity/sakura_boss"},"display":{"head":{"translation":[0.0,3.3182921,0.0],"scale":[4.0,4.0,4.0]}}}